,0,1,2,3,4,5,6,7,8
0,-0.36991139180918725,-0.5760192338320236,-0.651937116262992,-0.20528414262762656,0.03284494977172422,0.0022645318628384766,-0.03868017704364116,-0.27753031938004835,0.0092906197106818
1,-0.33916374764476726,-0.6887068460593452,-0.7550583582369637,0.0076592845405939495,0.5000827204789094,-0.24698381483810877,0.1381446173957179,-0.037198421350875525,-0.07377318833054892
2,-0.36491684018304454,-0.3693006919349078,-0.6783674274391164,-0.36928560333048327,-0.10882471971169054,-0.01223425022220588,-0.23180755375635773,-0.14258343835243795,-0.029817719283007926
3,-0.3949315589486784,-0.42162783006340465,-0.6397711894759883,-0.3387764148216829,-0.11749497513327889,-0.018904164309108153,-0.179006345780619,-0.0994777696658467,-0.021641303164372464
4,-0.24845856371179298,-0.3007130944703664,-0.8152549308651261,-0.2923836016194263,0.057304741048428635,0.06140588279658695,-0.3466731179108249,-0.1717449858332106,-0.04954563053302789
5,-0.17257831367333554,-0.19137730537133646,-0.9010904893730299,-0.2778369503644294,0.19104324460403374,0.33991787694136294,-0.5651028187574009,-0.16402636242942542,-0.062021589182233106
6,-0.19248529233289188,-0.6379721917629884,0.05699505981635112,-0.3978743728396014,-0.0792663105302266,-0.09523966411294398,-0.1683528676071658,0.12175291199550656,0.2396251216586084
7,-0.2117707039524106,-0.8888841424631393,-0.028659461992829257,-0.08629319288425331,0.4441404065732154,-0.27655789351960797,0.14396888327968108,0.27537563865661235,0.14164160687176258
8,-0.21012348952734214,-0.6098287404995242,0.044194924503463136,-0.420511451507552,-0.1585968082088444,-0.03610030202002231,-0.1665505993768806,0.08444724096329498,0.21830736971518236
9,0.011359001389730125,-0.571415572076375,-0.3708295298929304,-0.09933012008460669,0.415317189236805,-0.2416527647105998,0.0846719757991003,0.10366196002100715,-0.05268413530057404
10,-0.0378566173027436,-0.23590656995853032,-0.8721725276990709,-0.20153927265139365,0.05572609487088857,-0.06184709616844214,-0.06521846172610843,-0.1589183190360881,-0.0013246569479153474
11,-0.09392255666033762,-0.36787200662979824,-0.8056615967031111,-0.15280871621901781,0.12177563681702462,-0.019647300409857574,0.05487604702183132,-0.2009221677580923,0.023274686618369168
12,0.16229601279753153,-0.31106528204068945,-0.2242309995631171,-0.3982016768912151,-0.013659567836234838,-0.025838947246215084,-0.20339338739322607,-0.06924735220043837,0.014794176325941644
13,-0.030034553943999034,-0.6246367344587842,0.14649617814195942,-0.36062462211237567,-0.10513107956386576,0.007407347251875012,-0.045157695341570374,0.0013403433204752953,0.1674523660676766
14,0.046929913522250226,-1.0318556267140386,0.0977848264434417,0.10835889242215895,0.6876618855901924,-0.2380238625270996,0.49917228174314565,0.10646383162433855,0.07411899834195443
15,0.14808206344114427,0.06705183840150078,-0.9926284950705478,-0.3244834915409378,-0.0984548012848958,0.019870713502915256,-0.16793183894312802,-0.13125977095048183,0.020425579529454656
16,0.45525352070246344,-0.02452799544827152,-0.2681205820364865,-0.44523927823845005,0.004070908206598142,-0.2522123164138834,-0.4589861507151791,0.20135727884992533,0.006229456958369332
17,0.4693617123267604,0.087343885212955,-0.5150564412987229,-0.35450707490494804,-0.050232941637976564,0.03781083013839555,-0.273518574187809,0.3070746970481954,0.13575625741736427
18,0.28587910678578876,-0.6638946844012911,0.2601904705253013,-0.06958621758902943,-0.10733936012722761,-0.05048393069475771,-0.09903557169611595,-0.08812064104121753,0.21688450211456897
19,0.4054432599439901,0.01786556036017158,-0.49039597988468475,-0.33312522810410355,-0.1682799661150974,0.008190955936308796,-0.04644799874104147,0.20931907873227004,0.12775140097588514
20,0.5070791622331947,-0.37385960730704215,-0.15788005711984607,-0.2052355889408192,0.37029452198332957,-0.11090022794291027,0.014054201342561787,-0.09304650466877543,-0.02864738725833336
21,0.3715432433288076,-0.3044593846981031,-0.9559851181761612,0.6654580363864357,-0.07796356542200994,0.08412677734956166,0.14330766904165226,-0.07458266615099333,0.03503628649138446
22,0.8088683310624183,-0.21973428124307617,-0.13078581627579428,0.16671528393330073,-0.08763671678480213,-0.18320263613192314,-0.31119746845367274,-0.16329329631739475,-0.15347729283042078
23,0.7717645643422685,-0.24147794033053613,-0.45385031557082983,0.5967509125932141,-0.19105525649160912,-0.2519055772083046,-0.3506348498451516,-0.008891920110454624,0.020353912384629042
24,0.5020130024526127,-0.4486606782939238,0.47587266680441714,-0.4196339779232803,-0.09677751192523416,0.07628293742540841,0.008243272023407773,-0.06974288000979695,0.0959029567885856
25,0.637680540847023,-0.6644498940779443,0.4578300469840747,0.2740903279856764,-0.22933373217392275,-0.05076783582125526,-0.01074512789840848,-0.15012945975727607,0.03957015898200477
26,0.9977022651281743,0.1804850648151148,-0.2218666400820233,-0.37484256244971503,0.040087913253193115,-0.05215346545038685,-0.15299021091333462,0.021835783495398463,-0.056513392284001096
27,0.7960134208965519,-0.5719633115857659,0.5411358851767376,0.27315285615793905,-0.24978651756912376,-0.15407251986930198,-0.16754036224551383,-0.029515490679582375,0.04656093902052467
28,1.2937125059562289,0.07495813211191908,-0.3160958699710705,0.6242669010608564,-0.0426992267958419,0.4627707416861527,-0.25038233154891726,0.3180355361961605,-0.022317524407444854
29,1.3511349800289647,0.1384551851971958,0.04655643803719417,-0.16280295198092354,0.013473835776352186,-0.031025396486795725,0.003317658618252924,-0.006285125191833312,-0.09115863252163871
30,1.514551039969746,0.11304041433163332,-0.07430583542266214,0.48424892394148267,-0.33243278005301796,-0.11323290029627789,-0.11250683363232061,0.07440237468169893,-0.11205477086449116
31,0.9619523067037252,-0.3317491071541167,0.6792592654236725,-0.15918116161338844,-0.2096052955007684,-0.09298730000291926,-0.1460553138581423,0.014039521429425411,0.06006713114319307
32,0.8112078347804855,-0.4553372993500491,0.632754748874537,-0.3015779048513765,-0.01093054152703213,0.07886370671118467,0.19254247238930391,-0.14710336922800793,0.026073160786580136
33,1.275358614374209,0.43138880572601246,-0.32839843727363155,-0.32565271324772577,-0.10256869795241834,0.05032589268639346,0.07887006692373282,0.29590457232698003,0.023237886433571525
34,0.7768389954483821,-0.536436700791703,0.6133325571007142,-0.1789468641189095,0.061692057745214746,0.05064644095092598,0.23286370912035964,-0.14272838677865707,-0.013473301015711238
35,1.5702862657286365,0.2542689875798446,-0.3048791660995665,0.603048632406376,-0.4561564998807794,-0.050627298416490496,-0.00030561640875189185,0.17810279334741866,-0.12735476723808023
36,0.8227563472148056,-0.5237244300420482,0.6218725202514539,0.0003622219376240971,-0.17151664408716483,0.020202877169319348,0.09204950560211024,-0.14879699611806,-0.02228194324294048
37,1.2826510759424599,0.08218556084674401,0.07545351648211038,-0.14447738142124275,-0.009263934125773915,-0.028211788961931463,0.045723618010123465,0.025893056116490374,-0.09906524529302428
38,1.0237800405075042,0.25148063373606566,-0.31037951564899485,-0.3719838694606995,-0.0062103671388287355,-0.011261781139306534,-0.12740597725936667,0.0951088742498541,0.033062760288638963
39,0.9482032937148362,-0.136566988226375,0.18466676571059343,-0.3380616002026173,0.0840241327967147,0.09055917555887628,0.04699722577565088,-0.2647406740249725,-0.20531455357495212
40,1.1193344081654528,-0.2569231559733795,0.09008936608344241,0.5611774883692217,-0.5132816688081757,0.20529796148846344,0.45748267305466706,0.10075123671024726,0.03470381639595399
41,0.7150903505736151,-0.5812520502381642,0.5937645568155626,0.10306345952296928,0.07083094675672932,0.6109074256280749,-0.15799035571995526,-0.06538927106792108,0.030289836392485264
42,1.0073547234442486,0.2537042528218439,-0.39106077720197635,-0.21330564834682253,-0.20054160313415775,0.15205120054809224,0.31523713601640313,0.37797017542778566,0.16341702735945934
43,-1.0495927649391708,-0.4251777762130781,-0.025363698005578167,-0.21555074822674872,-0.2513102237643235,0.07389345658361765,0.06122050019424145,-0.007427389408521703,-0.06536576813607567
44,-1.0445404789279964,-0.5989971984897788,-0.03872917435797068,0.20396102325904994,0.0545230685425285,-0.0964301810534935,0.26725419268707173,0.02699188808051968,-0.15188089525355575
45,-1.1127648681886766,-0.3184222834824301,0.027285910420102817,-0.16431214313094905,-0.22725687429502714,0.05312940496607248,0.08201256193255732,0.012253753388515629,-0.15676274122244677
46,-0.6990624363553464,0.2746776528925143,-0.3665639522493214,0.013072330100067876,0.034578690394503134,-0.2195120737895573,-0.15154594330365445,0.01459813448790514,-0.2601632624756876
47,-0.6024545254687488,0.14563686389909658,-0.4036027865653118,-0.10303601137023893,0.009591748901912937,-0.11923252950335199,-0.0956731355247404,-0.09483837209855264,-0.20751819782201741
48,-0.04995041281598324,0.5410134395242714,-0.3445120569228812,-0.00845349572808037,0.23172454639187887,-0.21090546089028808,-0.248201127446255,-0.056498223518230195,-0.0802962495148366
49,0.13584064766498968,0.40961236949793883,-0.7526630765938275,0.5670077563675576,-0.20117615218763693,0.08692063683619546,0.12112298368125869,-0.32628762637121717,-0.11152753097263354
50,1.2696676265398272,0.6546490183092722,-0.020758703338096606,0.8148230568498153,-0.3158648803936141,-0.07919151268340222,0.0830264857415938,0.11658708996726175,-0.10308682413835038
51,0.7933794531951536,0.44554884832922487,0.4832923388420823,0.006446060330234357,0.4138715538421412,-0.17007021724888202,0.07875681114964574,-0.040725556342639586,-0.4073562134538754
52,0.7170425453090423,0.704207486375014,0.30325079959153156,-0.19806350475875356,0.18579910508169514,0.03355845247349832,0.02659740345721788,-0.23670387320640665,-0.4810184642545101
53,0.9742779806372966,0.8306202131256031,0.18734583389960602,-0.25094866809341576,0.09216081234964393,-0.13877241780468097,-0.13584006798841572,0.13669782575069922,-0.31439349730473043
54,1.0825180974374242,0.866242227479607,0.20500450959989444,0.05794027405785582,0.04194909596263966,-0.11809825098640887,-0.032597948176986295,0.07361520626362854,-0.36986648180911863
55,-1.2486332297981377,-0.0975090053445319,0.13745478080250462,-0.033513552871534034,-0.058949553755068745,0.25450344408270137,-0.03191506863862783,0.17312475921301382,-0.2239512378732744
56,0.6719160724684933,0.2720452508790456,0.12268913043656286,0.5889726908077185,0.23707809591115384,0.2340705037917216,-0.1595124748769105,0.12962187203454945,-0.1796965295118338
57,-1.2508597431792527,-0.272190827845817,0.08452979835858061,0.15402342023231558,0.3018524867831088,-0.18158864790656118,0.34263810075978124,0.1888734171251355,-0.17204010650559634
58,-1.1702723002383166,-0.11423763908291344,0.077180151275669,-0.20960487651980209,-0.31616267698339273,-0.011694054424921012,-0.013763743660197433,0.13504079607830088,-0.09402766938466503
59,-1.169903625361214,-0.2228504109714981,0.0770821957768901,-0.11286245375716673,-0.18907525081247156,0.03893843417314596,0.09877615129574492,-0.016601422172784045,-0.08020288166273788
60,-1.2698073242964516,0.0050259951726208075,0.16222236065669868,-0.08779142601115228,-0.21122414391473163,-0.005722742922956334,0.06362948818054541,0.03352941534272557,-0.1034523939661282
61,0.24921856103447826,0.7218531108506525,-0.7477881833161552,0.5803183633176692,-0.16943366872663074,0.11745927709863063,0.406788730686549,-0.1788238158472814,0.05952214657610612
62,0.9202976503883445,0.8432894645249244,-0.008091057824638282,0.13564761701512812,0.10310545943514203,-0.07971523979371574,0.11914520370403478,0.014614155690465815,-0.10194928776064081
63,1.0025110424823487,0.7318806618345749,0.31585016311633923,0.04550681678351893,0.12239273360350315,-0.10685073001098791,0.022942736865027055,-0.03424836573267962,-0.11563900600719054
64,-1.2421832449543206,-0.02203197973658199,0.14128877150761374,-0.11375236551182075,-0.2343347191149716,-0.006955480769014159,0.03709511556670934,0.0321437604636871,-0.019104562480354706
65,-0.5859903954565313,0.42732574209618635,-0.4605984037198162,0.019183045251388857,0.11516385043606185,-0.1499128356826866,-0.10439180308105205,-0.19902469459289251,-0.10361754934945669
66,-0.4681063663191594,0.7538648716461153,-0.3945437365543201,0.20122937270575664,0.3583039664532532,0.48415997979478353,-0.16670935672925108,-0.05791850720448358,0.015378026675079731
67,0.8001329122895882,1.2607739388070411,0.2078342571785845,0.1264656662217829,0.10672879502908017,0.0611440961615767,0.40227412465336815,0.08619124536946472,-0.03752914174106629
68,0.2885945503564075,0.6948709944662956,0.4027984581853429,-0.022863044489340102,0.1831061845215972,0.2310312523031508,-0.07913614342569784,0.034221456424818296,-0.16163794362385653
69,-1.3517456895804076,0.2395837976691967,0.23539596387598785,-0.08313992142921668,-0.2635472330570219,-0.0739770086422932,-0.007852087064949158,0.11511368736881498,-0.016445016668157692
70,0.6780244990098092,1.316451315989122,0.2835714024172703,0.12129635324882138,0.3346138558125886,-0.2224291892394612,0.05476423596883546,0.025083601113583657,0.061904839801197965
71,0.32881803373043433,0.5794317048336955,1.084304827470186,-0.08960309757888632,0.05681299204171033,-0.045136676684905994,0.1174199320326897,-0.06120681752083577,-0.07263967240535993
72,-1.373257842604977,0.03900034480603247,0.205981764517175,0.2058203283695382,0.289112293405489,0.05614309036139186,0.10890687770468742,0.3095051827473171,-0.09547798847724591
73,-1.2351633033956633,-0.08059467218799338,0.14410902572955755,-0.030445849744083847,-0.09287596555953806,0.28416949285976895,-0.07274815917152361,0.03107310741680962,0.0959186559025232
74,-1.3044004144177945,0.07303430629156554,0.20245866319970393,-0.03690652014644966,-0.17016529135843655,-0.0059651904103616175,0.06456380217415071,-0.08402010912315132,0.13977126987496719
75,-1.2987105768456042,-0.08773355428328633,0.20675062028230423,0.36058748519385353,0.06536040294015723,-0.09014781090763317,0.2434824960948034,-0.21405780564441015,0.13485474020854196
76,-1.4100460718862633,0.3220517299377286,0.2867775237450009,-0.01324062941139313,-0.20597995175948391,-0.07131103921501568,0.02390621931226212,0.04153526172193128,0.05134223148704438
77,-0.8970191774345818,0.4191071157373705,-0.1582191339705573,-0.006175918444968734,0.03273308315601037,-0.08282581917147722,-0.06258882008029533,-0.19583013202823857,0.016590741468122082
78,0.21957825760867658,0.8907682675131993,0.3211064349780921,0.036930219283179244,0.22133150178698544,-0.14422473793009274,-0.02366377317772419,-0.11775587962150287,-0.0722217406776832
79,-1.339307513811469,0.12865170187665853,0.23382969034296405,0.04862759393226015,-0.0417610621916005,0.36850938033183617,-0.15174999731896183,0.12853377501320937,0.056929438100587225
80,-0.950366792619875,0.5187691315518492,-0.11795090977201526,0.33262124005621796,0.01382022295543353,-0.19860603458863804,-0.1153665923682815,-0.2399267725825295,0.06403486132459875
81,-0.3726901807590803,0.7279709109375561,0.29536930854508925,-0.0222307311520075,0.10943593593960639,-0.194060198152155,-0.146802757563974,-0.011586154931657258,0.14599186342523288
82,0.365243199845824,1.129713894424672,0.29047459910031515,0.04622656854722344,0.2805167860846318,-0.22232089770206784,-0.09399561567399248,-0.08250012425568777,-0.0254433912629833
83,0.6363510380770886,1.2947972856930345,0.4708340493200672,0.10321253015197335,0.24122577138637188,-0.21772734097285215,-0.056906893598718665,-0.0915233068687272,-0.09490184641020831
84,0.722568625109457,1.3255381860111648,0.49532088816455416,0.013574687535459288,0.21153442555197238,-0.15533415892993413,0.00983154794456671,-0.022277822384861302,0.028543535977874457
85,-0.5596215232066135,0.9168014515500507,-0.3926103211649199,0.5345406780113472,0.3985544768758434,0.5073656710878601,-0.49158903632670853,-0.2617109537050599,0.10736153861148875
86,-0.32212578097373346,0.6728663950651037,0.3518373997094891,0.03583591359713716,0.1534461675253302,-0.08760532810760575,0.0046366698373406625,-0.2133522410938273,0.12676437532915022
87,0.6461526925779885,1.1519065700425068,0.4243407984808533,0.20561724537571552,0.2715630945557427,-0.0751809672338974,0.13504576778954314,-0.18545110549883248,0.09058286955941205
88,-0.2552574409716784,1.0944173687206264,0.2272734110935911,0.05518211417288278,0.26169688696970944,-0.28634316715067687,-0.2647515093935477,-0.05937101053460773,0.3165961184251169
89,-0.3841072494982022,-0.4749169935019575,-0.6604449854120577,-0.2443829714837812,0.01386625481548652,-0.10661750370062632,-0.10490883379254178,-0.0431677049935653,-0.0473980084734748
90,-0.2424080042101497,-0.48977446043758355,-0.8246896171053271,-0.1620524544028622,0.349856145780774,-0.1266863963066879,-0.062188457190121615,-0.2088326152984868,-0.05058901647439642
91,-0.29836059974729845,-0.33213077184353956,-0.7182575115948003,-0.3658618166289379,-0.07170884727066479,-0.020523148761776907,-0.2423384809266772,-0.1865321922455403,-0.020137146157423763
92,-0.7335994465051104,-1.0757679070132804,-0.30884099987966623,0.014892872869967535,0.1812972031133975,-0.037777834195621154,0.42984614773422536,0.0588910025168201,0.010779109902283516
93,-0.4181916654417682,-0.7750441066327326,-0.6549647053820429,-0.014238704217502514,0.4564989992648462,-0.1740772824450182,0.206756668133632,-0.05855006622739284,-0.03751117454081277
94,-0.18260583764834945,-0.20460875675083748,-0.8957163350504488,-0.313690664388234,0.14049221736234357,0.21138819113214957,-0.5008379029089337,-0.21342713008165204,-0.05751770817677069
95,-0.2340421893279322,-0.5217945812853794,-0.7759851581798669,-0.10204803674394651,0.29766343237308945,-0.10868304761913537,0.07596394047939299,-0.13626855499396182,-0.02495462806188552
96,-0.2870546573883938,-0.626756949603572,-0.7722490814873576,0.005387666403625157,0.45358334390921795,-0.20482948889734817,0.17965374117581556,-0.012167457222086262,-0.06574556873406408
97,-0.17868150038201563,-0.629389996055768,-0.7973714198333537,0.03931181925958453,0.5580665581579983,0.04676758369238823,0.16085984243347784,-0.20187020706063036,-0.006994502352113627
98,-0.08401931597269026,-0.24179194515507568,-0.8362053733949971,-0.18486880960901217,0.1122273430899456,0.2138724777119518,-0.2634103357680587,-0.11451561430124034,-0.0033909142013690704
99,0.035582246457980464,-0.9281459311394155,0.044217320702203175,0.12853175845058148,0.4402713867970138,-0.31451649124697484,0.16730998346452594,0.18352780228470908,0.18737490967244408
100,0.011211153941025821,-0.04308174905622516,-0.8620995138589471,-0.3461975184346908,-0.15313474930256632,0.014173359955262489,-0.1394829934903326,-0.05790236533902456,0.02043085119612812
101,0.4892696881173092,-0.11868724695165554,-0.4976551426606676,-0.20593560414941314,0.12816476629805576,-0.22884647750681153,-0.3239699774694628,0.0836338821092486,0.12531429502192096
102,-0.08579258584935155,-0.23250101218214764,-0.7226229407372278,-0.31056795675946647,-0.1515408542735981,0.13798397360012826,0.024871088598156302,-0.1680215304213317,0.07550555347201053
103,0.07773033209190852,-0.06966387276365896,-0.8783861814043495,-0.30791061879376624,-0.11144772228736147,0.12346866761308803,-0.022796374993483744,-0.19821518877795025,0.06407922084546952
104,0.22727501310021844,-0.9440977976941501,0.16375368362707785,0.09060496991726609,0.7408920672273167,-0.3814469137759273,0.3392401561589464,0.23152537924520653,0.1586806783620322
105,0.10138528979936583,-0.586949011106252,0.22896287067077695,-0.39308880988710204,-0.08675086435514505,0.03886521168055526,-0.05450155214251035,-0.05503838644028182,0.17966034967984568
106,0.01895019904809759,-1.107364901858987,0.08690950991130966,0.9104592404936739,0.21031898881268746,0.46447361426982037,-0.2598733628496617,0.10773612835629112,0.0463100843788357
107,0.2472359534569893,-1.0222680569937614,0.19226704622312116,0.9330228274764765,0.2929159343799728,0.5056910404671796,-0.451063672211395,0.21098430734668974,0.11428486903367355
108,0.4682113401588426,-0.19365062321236937,-0.1977451643362672,-0.3765544978347077,0.08555236502151509,-0.07149272607952702,-0.22687070597593292,-0.09853411289214666,0.018176706236343924
109,0.20812987899218932,0.0552652254029669,-0.9190296618572101,-0.2850055831958805,-0.19232456838938883,0.1614150181624219,0.0808479733025033,-0.10802089352261726,0.09025365588643057
110,0.33173482889506944,-0.3653594538415948,0.337442891370344,-0.4760189183041044,-0.23057920838889273,0.02680157890414089,-0.03848247198702542,0.0724056759582812,0.10978076743120588
111,0.27461760835999954,-0.11722850856089899,-0.9127501774267618,0.024404955002676167,-0.1614659579995784,0.14976978748110417,0.16897641974752306,-0.23088413929393892,0.10692121863400049
112,0.5478296112626144,-0.5212391633500556,0.4356440975802301,-0.2680933239958588,-0.018464036253008548,-0.0229033047798598,-0.02037439225468271,-0.07539882226796561,0.17354475278710915
113,0.6840449539398366,0.07369647979297432,-0.33833887898286225,-0.37201267022521395,-0.016564027258319017,-0.06515906370892545,-0.1839271993200391,0.10685824830636968,0.023751902809218003
114,0.44556765086381733,-0.4240867910029862,0.41697707169266823,-0.4149849364949001,-0.12155438640848354,0.011426472958904952,-0.04123257068360605,0.018696152651058968,0.11018441251185235
115,0.4682212033865196,-0.5311539813623238,0.41383914078533274,-0.3161871625051047,-0.009315260527629845,-0.013371890522772165,0.030386065669125606,-0.040452268677747934,0.13811836061644656
116,0.2593124151409679,0.03480983888091999,-0.9258943255396967,-0.20563896453525685,-0.18801393017464363,0.19941369043905582,0.2082819783111224,-0.08563326806004593,0.1033189179006639
117,0.44574515892258765,-0.11277623269800167,-0.3360848055835881,-0.33234812971264016,-0.06037827326735989,0.050556518764025254,-0.03803855424114733,0.03678272379698365,0.1118149834138408
118,0.3622407033152384,-0.7385390833843962,0.3059542376171979,0.15704016540686502,-0.18250292912902175,-0.009430861817069649,0.09064532078782636,-0.1651284280421489,0.07201238973038716
119,0.7610479887443067,-0.599819684668573,0.395686706451303,0.40118824053854657,-0.16007465667292442,-0.28123455124435476,-0.21106809947379715,0.059453717885592706,0.17940932466033824
120,0.7322492797925609,0.0754304479245695,-0.4244911734872747,-0.3171872221535688,0.008021044319834867,0.017806404767766952,-0.05223697824536092,0.01834842702226305,0.03337933027946286
121,0.8334358773838704,-0.10117054332685468,-0.4439168376017746,0.36627204700503757,-0.20736796162939145,-0.12125699878051166,-0.14483799535530467,0.0376058680660683,-0.013025723436129386
122,0.6615986883498696,-0.6169079938731651,0.4533170485330894,0.4746347626157807,-0.10833701378772927,0.3279854298810335,-0.5031100261589642,0.17713777154631175,0.12510923141686828
123,0.71740705912032,-0.5790291488019548,0.49014388058147423,0.15894961138489458,-0.10649166463272268,-0.19123883258275703,-0.1442156453613594,0.03437042077098689,0.09548173212843553
124,1.0600795065368065,0.15409432361500744,-0.6597123682402436,0.43149847128845215,-0.3196510449666421,-0.15317429949503192,-0.1396117075694001,0.29829369329483973,0.2027309193236179
125,0.594812982837605,-0.45461584742009453,0.4917826956900282,-0.3013129934196153,-0.10620522440788649,0.04026931105799698,0.017190479768214167,-0.06542721563855707,0.094312885624643
126,0.941393414578697,-0.09103355340993909,-0.12393071060186908,-0.06914293261547563,0.028869054274950425,-0.061371196095079426,-0.09326745342476984,-0.11180173421388558,-0.05337133703338771
127,0.887586574404311,-0.01901966430832203,0.07939416152786911,-0.3952636047637682,-0.06368722586369886,0.10942978266744113,0.055174202207489115,-0.08408669011792586,-0.08194648656203392
128,1.0082136911166475,0.1231496184047599,-0.08966228001515034,-0.38860295986485044,0.003911109498257721,0.03397190729891895,-0.05992041294975863,-0.024425919443627903,-0.05456525158636782
129,0.7720615141099197,-0.6080158718005476,0.5698405122992585,0.18353933802453365,-0.24060644567628375,0.015698472134553974,0.010014747064878963,-0.22890321607051708,0.006511288614130057
130,0.6016932459918729,-0.5704739147417336,0.571032720317463,-0.16048537183288167,0.19292690566359055,0.7215577150284179,0.006260799246665119,-0.10564800515720205,0.02968208883034893
131,1.3900579956478805,0.5073366011841156,-0.31469948137853454,-0.30180730369897774,-0.16138258122076019,0.10949100954468348,0.22076295936159257,0.2824105757955584,-0.07794424643610444
132,0.9248764670963688,0.021922927528485955,0.038374429084582815,-0.34608277067876886,-0.06013601815480811,0.07238817123677672,0.06233190943721967,-0.06445250954511249,-0.20519528250523658
133,1.2971813980501845,0.2619414319897106,-0.6046991244143388,0.5478532558401937,-0.472018589127253,-0.031633975910778864,-0.02749266567987606,0.21532530365258049,0.11497706797231741
134,1.37644994340945,0.4635319142296699,-0.3990932809531315,-0.07818392967655699,-0.23736754879254288,-0.007427907598007247,0.06778277220212313,0.42239418160213543,0.08967791734470194
135,1.482461178591822,0.29934245970109197,-0.2883187202152789,0.21873628937214232,-0.25293467250736135,0.02986444919798044,0.1842356154670951,0.2027641976349164,-0.0946208257812119
136,0.8644944196043481,-0.295978236316369,0.6984971973132512,-0.47932298612247937,-0.10127101704484222,0.05153167102545757,-0.03404047604749093,-0.0351601824373173,0.07585911918202545
137,1.2375319989759084,0.48681832217371196,-0.50807991297695,-0.26174979539328164,-0.16406226892723386,0.07189031277326759,0.18496881157329417,0.36329333838498556,0.10351748637196329
138,1.4584167732836744,0.2260867650086845,-0.31881104098595836,0.5074592230943981,-0.38939462885256415,-0.12117406092052666,-0.1296669208879939,0.21870267202360008,-0.029571133540011018
139,0.7288324599047253,-0.8339110523828218,0.5285016086153388,0.08967102220535984,0.6941196871534737,-0.14981392958836942,0.6469981881487575,-0.004205707922398381,-0.07857202905961563
140,1.3621461917052968,0.41524754439072664,-0.05232461653537992,-0.43782719224464917,-0.06320801281900264,-0.043973559029317745,-0.09948640300987453,0.2087603108876792,-0.12122638853793043
141,1.3423228589981024,0.14955695991563853,-0.4859749600375187,0.6377245440657177,-0.44006374898489015,0.01112815903914958,0.01679363306595338,0.10980489922267872,0.05516658758650893
142,0.7395887341699122,-0.3312258984251581,0.6532307461012858,-0.4719234647889203,-0.162580523357675,0.12435645836613496,0.05928363199010357,-0.08164607235594583,0.005693968018051439
143,0.8584853855177215,-0.6518606684791459,0.5633486553246415,0.5387364212588021,-0.4290946881665916,-0.04273314772729003,-0.0382601466037264,-0.2223177120535822,-0.04174376130004017
144,0.9973463805219471,-0.5408147569099224,0.6462390804291478,0.41617508924120633,-0.39170862389777034,-0.1023769367008874,-0.13306987685609808,-0.12972764482774807,-0.018727925638922102
145,0.7636906272500797,-0.6145213845298977,0.5915751328410137,0.11657292597400255,-0.19502618477620629,0.06728862903260296,0.170945840717048,-0.2500284421778741,-0.0565026102126972
146,0.8980458933944651,-0.3829562806520589,0.6478581843248593,-0.3298068518419678,-0.023431888969667816,0.05704721816389411,0.15637705773540989,-0.11158125386877561,0.054003522573426034
147,0.7791669923508524,-0.7764136474278498,0.5450836745716685,0.08658730323667431,0.5479323512521644,-0.08941773199798883,0.5464990717433564,-0.06608247745957628,-0.06122923150575209
148,-1.0626965226647447,-0.40772221033961836,-0.01511386142171773,-0.20817315435862438,-0.243995696645616,0.07707615290930653,0.06647713617956433,-0.010432772919102516,-0.08045990952817988
149,-1.1643152549974813,-0.48148896317997925,0.01488987550276528,0.040984695177676576,0.25364905607183663,-0.046621336612343085,0.3385476668456128,0.08210212066435722,-0.21393538640503215
150,-1.1035590063661163,-0.345601494477297,0.018783375525613356,-0.18717243001314032,-0.22810959804408276,0.0767998444684162,0.07850863865737935,-0.009591530732965092,-0.12875416558038022
151,-0.43871242173885444,-0.19497766263485203,-0.6240390801867564,0.12069183161589613,0.14299659233900833,-0.14165028603750102,-0.15524216288550272,-0.2995102853343097,-0.08742844909666417
152,-0.5070108215332048,0.4241293441074387,-0.08944599582769854,-0.07597682458439103,0.19903453690851583,-0.22405600384294677,-0.26589983266888045,-0.060841836564246625,-0.00875042475146379
153,-0.3731714077662526,0.5188591815822193,-0.6518049562165006,-0.14634086302690477,0.12437892008359856,-0.12584044929934582,-0.2603643196026875,-0.21985638456295073,-0.2796312645669314
154,-0.3972409335401019,0.21786467316027186,-0.5690616754215395,0.33168689076908464,0.1185125251673708,-0.1963352192091835,-0.0374064940998043,-0.10306809038575172,-0.29872982958058486
155,0.22107190417122866,0.5272068225958858,-0.3125989789119781,-0.19442823073091836,0.186523399832045,-0.1990666966404722,-0.2953953515642721,0.027978614843874584,-0.12296236207775577
156,0.6647854325385038,0.7138497455511816,0.14913001589305325,0.00148871431447054,0.0494523284921022,0.038527650490917,0.18937986558656952,0.0054707577024940175,-0.17672252336251984
157,1.1281879226426597,0.878771424537497,0.10154446987472546,-0.17615175909599115,0.06857826504014286,-0.03416103011622804,0.08506561566395167,0.19214726028369156,-0.24593403174975678
158,-1.318816628107333,0.09823421999136868,0.19563885117468557,-0.026045739084533087,-0.13328029018953128,0.051370068408837524,0.0028832549782273373,0.198067087921479,-0.18395238748388237
159,-0.7721106930085733,-0.32489768126439456,-0.30428349768251023,0.1846276967776545,0.4090726810047012,-0.05940823137431606,0.22035687143169633,0.07208967411007543,-0.18166252307625178
160,-1.2506338828437698,0.04254814023079636,0.1408856864723674,-0.16363700666003178,-0.31019299832844305,-0.04925750849986781,-0.009603968660527559,0.20615010711099413,-0.21214444483421493
161,-1.1509253865689786,-0.21236032533903632,0.06254977315438144,-0.16413065984366781,-0.24572274649593312,0.02956396533499574,0.04810728878090478,0.021714471799918127,-0.06223610580016614
162,0.07575830735395267,0.353649871518115,0.799380043039293,-0.004884194451462933,0.14476926003802199,-0.23859260928498008,-0.09587832141592562,0.025058025216844925,0.17353751095964004
163,-1.3150317441950599,-0.07871964198785747,0.16957368807687662,0.12734958445349892,0.1635813950851122,-0.10802673846971964,0.2586115186023903,0.008477361435369367,-0.00017466798426621054
164,-0.841751106091395,0.008795174377814642,-0.1990671681041269,-0.13144168024834302,-0.0780007938722105,0.017766771773130824,-0.021191054141688676,-0.19173160046125204,0.06798878144460899
165,-0.8344904941916189,0.5983838013542637,-0.2786723193613189,0.07998540707050886,0.058736491919603125,-0.19985617519967086,-0.20975009877361014,-0.19113017718675332,-0.1291378841564282
166,-0.3482744109348303,0.9294599723798045,-0.5155681919661115,-0.011742402709363383,-0.06598597623968935,-0.037759470531986465,0.008710801991382274,-0.02859744356490372,-0.08352071930007483
167,0.26978008868140646,0.6320990306513896,1.0403198603207804,-0.14727914942517964,-0.005516667793812824,-0.15344811922659474,-0.02650445408207051,0.115721794571412,-0.04295079346953618
168,0.6692031587082065,1.1545058557211287,-0.10723816650357576,0.023211841931153714,-0.016207137579677813,0.059161503673747534,0.302285824598095,0.1881510960800739,0.012032604134301357
169,0.9070118184470773,1.042997341970952,0.23069970209557794,-0.10843217031157318,0.1552230227738254,-0.09614249126223218,0.0002577658187707366,0.07656024423632792,-0.15358748728828903
170,-0.04961532674530574,1.0692872803429476,-0.5341065352813142,0.220545571379862,-0.1282967431167263,0.358633452501552,0.4817293086523102,0.10236432633012624,0.03462699628198104
171,0.2767751018301013,0.8053954210925369,0.15640207980374166,0.05205360684880858,0.31230381265845447,-0.12787046126307497,0.09310935003748318,-0.007496623390250957,0.0842967695402388
172,0.10436827649166355,0.7262501795856581,0.6463495485853976,-0.03971243355800392,0.1265764500894176,-0.0360342617278303,0.06705852777138369,-0.18094669946885006,-0.052699128309611126
173,0.054676600272639056,1.1635291541764141,-0.6012428214324186,0.16105394834907583,-0.13095865683274377,0.24022543274998248,0.5001469898201514,-0.03417566516977868,0.08680218837888735
174,-1.3954716289603069,0.03844537367058032,0.2444482336485395,0.29081158519499084,0.39617898059438517,0.37456365124921104,-0.00375105689981841,0.23178599010209688,0.006665053062773018
175,-1.3879997944790472,0.20598640613798444,0.28863327966995533,0.4830128264472167,-0.09439015146540741,-0.22435618919479874,0.07612804013781801,0.01813499844200072,0.018990094048082624
176,-1.0401403608549384,0.43774883051189895,0.469141732739173,0.026130989493229007,0.007660974122799818,-0.176220320072117,-0.07110015111738777,0.015144578208534395,0.2564630891743294
177,-0.0817680695195981,0.6319667086479838,-0.012319475323074711,0.036199817255536976,0.29845777648687805,-0.17079378325483457,-0.10311264589898841,-0.1703633967498708,0.22044009315770338
178,-1.3558753875272436,0.18519375770580013,0.24080590632401133,0.011463053442188318,-0.1681241006230724,-0.050716853094743726,0.06674129001237307,0.004577532684281937,0.037597702141202415
179,-1.3370269076043855,0.007105342578918407,0.24236069613246275,0.6066742322528602,0.07895629009806604,-0.23632774878868779,0.20973694027850737,-0.08090955557197492,0.131202281239422
180,-1.4218130357849894,0.3067222726041872,0.3038695188924586,0.07585354491674144,-0.12920832716053446,-0.0718998520837644,0.08177212253086356,-0.06876313315057232,0.13996825952961672
181,0.12036630727756979,0.940718752867815,0.4494092831930798,0.003308797684634318,0.19940579266830086,-0.10876226544015762,-0.04319983443988909,-0.22620138464180284,-0.022474178356998137
182,-1.3110906211908058,-0.02415802254156406,0.21528111831495841,0.1389726690537415,0.08194011206270355,0.4235844117175273,-0.045923633752389545,-0.050997039216949536,0.13366997494199406
183,-1.444832043353578,0.3972177564179949,0.3328839901234664,0.13291555761860901,-0.1968389597454453,-0.11240552189083994,0.01826627082977128,-0.01893323254875589,0.14741597670837675
184,0.2863444625136925,0.6071274882631628,1.1022647621460595,0.08683008472884433,0.08329748773243101,-0.045328361311538015,0.18424177204574146,-0.19545528236953125,0.10793825647628684
185,-1.4007578040783295,0.3449830666350364,0.2809406016019056,-0.014916401162310224,-0.22983162417721067,-0.09984544463448708,-0.00816013406199012,0.08687865814624673,0.1311644930890465
186,-0.42138016986532173,-0.39943139096947844,-0.620432813919688,-0.3381107788850349,-0.09521948386824952,-0.092098068341532,-0.17790681515025591,0.028686214462906076,-0.059271603817938445
187,-0.2823156949500061,-0.3586675966612863,-0.7266759984381193,-0.15596650136125684,-0.18859048581597426,-0.11414426665236338,-0.340982897754556,-0.16592327396457762,-0.056379131563797834
188,-0.20394063396234738,-0.4932921694694556,-0.9058063296049944,-0.03348934986195179,0.6043608283710225,-0.356601914596275,0.0008797448041645016,0.020529606673685846,-0.1276314881688697
189,-0.20298220913836929,-0.34030630752324054,-0.9170832902502211,-0.19823642148574677,0.31608696953012083,-0.22464698741151518,-0.2095550508246637,-0.1142803689418874,-0.11624064378552026
190,-0.2696182936425039,-0.3585582590479464,-0.773640855885113,-0.24308851425216269,0.17932616181036315,0.4199009119975437,-0.420198492388935,-0.20497234340631243,-0.013173537580892373
191,-0.2973662822247183,-1.0652748372258825,-0.08053426914050751,0.05644730324514255,0.5678330408139862,-0.2500612711928332,0.369526946866447,0.15215272490578807,0.11022949807178027
192,-0.4154535920578136,-0.5156734974550844,-0.5182802486168304,-0.32711256705972086,-0.1756615791442267,0.1414457279694208,0.013438434548984779,-0.17426996142081347,0.052073107122730625
193,-0.22496658879256917,-0.30493025519462474,-0.7065915083043983,-0.3069764699814327,-0.11374543465881276,-0.020718326390129178,-0.12540139765104788,-0.08862453305387577,0.0016709865385172524
194,-0.16239944088073596,-0.2651086760999139,-0.7604539048492203,-0.3207791451918145,-0.09549313368734884,0.0823053037988249,-0.0926501973415002,-0.20485788782692035,0.02300682189006047
195,-0.10831754243189902,-0.9521000354842069,0.08376620167638862,0.13231171161196484,0.7303314944017053,0.4311631118232734,-0.07080396018103649,0.3465138094564042,0.126893969195763
196,0.19039107027555757,-0.7090417410397984,0.15052386546723473,-0.16646920531099288,0.4238716102935946,-0.34363391498756757,-0.039686654631349835,0.30871876675845056,0.28726862806885295
197,0.26433030535000807,-0.8010272230979915,0.21081868242824559,0.2635861161234929,0.0062499770945547,-0.24342842542279747,-0.09586516718744766,0.057351754603043106,0.14599826262742804
198,0.4641898085428663,-0.29234272397742245,-0.16373425657720672,-0.16360314589517186,0.06316005853546142,-0.14259829469783644,-0.22594883878078237,-0.02626611394168291,-0.004592593722458008
199,0.22827271987911782,-0.7136066630251706,0.24885141382408824,-0.11645396522721266,0.07093307063124278,-0.07964713358138868,0.10487437403958087,-0.01671496372282537,0.13049254863274978
200,0.6732549970670382,0.23586378972721542,-0.5216027043231901,-0.42472069996253553,-0.042688015050300024,-0.1875636128576074,-0.36684731256454184,0.27261210446778456,0.04662580870277172
201,0.274425774354176,-0.8943304217684604,0.1873836930542582,0.5171580134718993,-0.041801522910985454,-0.24366824740868606,-0.014514745280234536,0.010442757784173041,0.09274142662489442
202,0.7168356489640975,-0.03107820983721661,-0.48858362153001333,-0.18926938648512404,0.28025234697631346,-0.1295903965674846,0.037304226590316306,0.19499493893362244,0.1021811574951727
203,0.6061020884807911,-0.0297446512180164,-0.6081582182661825,-0.19186902025368016,0.21606890154785188,-0.07202148072625576,0.029818365910724027,0.0946178334009997,0.08969316016267756
204,0.4532756658063761,-0.8183226421379126,0.3557083420779669,0.7579450970385376,0.03310959492941462,0.6289212309500506,-0.5899046798643368,0.13034082732829347,0.10359605893945902
205,0.6068890776231664,-0.15998723845063895,-0.2834111980492185,-0.1488215933556149,0.13123784972310595,-0.16616531659285608,-0.11374007971671142,0.04880107123728413,-0.04110129638133074
206,0.638090772508133,-0.6476813049748457,0.4554586269380908,0.3020175281043749,-0.29651321274592096,-0.1107885211743728,-0.11394545840017208,-0.09763641029709785,0.0485894100354862
207,1.0092629790308683,0.023537379224618505,-0.521325997208985,0.42702480765839285,-0.22422470367151076,-0.12485879397345141,-0.1978824345405759,0.0708004052020041,0.030730116039042937
208,0.49256498843261204,-0.6356276265424693,0.3918352941638705,-0.11209317129742118,0.0682302909906388,-0.030964959072471654,0.16532709075815835,-0.06342667330844347,0.1036032825559927
209,0.6131945418968819,-0.8269093533070923,0.3940620239102159,0.09883200974770645,0.7050858834895538,-0.2786671350980636,0.523512777629181,0.1510449195490006,0.042362509397419534
210,0.6151498356762984,-0.4171810474372995,0.5435219137799889,-0.4621056337406027,-0.09588807272105816,0.13835959191322827,0.0567708586063416,-0.14282970420790622,0.11539314737360246
211,0.5275798282706237,-0.7129179920521117,0.46773653560664324,0.37973957446186174,0.013006498825396179,0.7019253931395314,-0.2844442993789336,-0.04091397268301845,0.035517179509566815
212,0.589158105236263,0.04908465135847442,-1.0660591697028896,0.5122329289208122,-0.49115540009461794,0.1508755102535783,0.17464442415265125,-0.09111448757372144,0.07880586447564643
213,0.85115433988434,-0.6402034453769556,0.5588759085460422,0.46076139776252933,-0.36614508788401745,-0.060030219953969184,-0.045351486400203575,-0.21599972655727467,-0.01440070896412224
214,0.6876652548432515,-0.5764881216589821,0.5676678222521244,-0.20034408454658154,0.12492138605999631,0.26096691347060613,0.23328148892593295,-0.19483170461847363,0.02914816099542066
215,0.9422510558826004,-0.6489611523355815,0.6325523643426334,0.5306562896925179,-0.38246507027170673,-0.07188899905977816,-0.09081437435852778,-0.23633546873546415,-0.04043141554998796
216,0.7710966390205867,-0.29381979570317474,0.6561470478636523,-0.4714799653341861,-0.17549365760826457,0.08414415106455173,0.031122298883208777,-0.01928547265241879,0.002717101948741151
217,0.8335083885005536,-0.4356676823920481,0.6411823903773094,-0.28725742624343464,-0.06726597790890367,0.11978570431868941,0.14907545622578652,-0.19668845693198295,0.03273507575078697
218,1.0278606091918407,0.33425700260035024,-0.5456506825605401,-0.2209668519450121,-0.16240362399275865,0.15556345088709753,0.2620593184410871,0.288421001576918,0.0984085546937901
219,1.2169725942619545,-0.1972253769508521,0.15851418508598208,0.5272374011906856,-0.342770845711972,-0.16997028937640213,-0.23255956511223386,-0.06125529710209322,-0.21482899942648806
220,0.7640313556322836,-0.5885717984219553,0.6018512847807852,0.0069117255899886045,-0.13901855143415928,0.08723863669473447,0.18783997368532324,-0.2529332324154222,-0.034483616852280345
221,1.2532035818301202,-0.024240528914567093,-0.07152050499800575,0.3757079828558405,-0.24048721042245674,-0.15550769249708246,-0.28382005117955844,-0.04208776615078432,-0.09256566404883854
222,0.7779858634628891,0.17418697701301583,-0.7011731845736077,-0.1189201585995555,-0.1716554154149582,0.2175512504494081,0.41061366049170067,0.22141057708830755,0.23251834996298018
223,0.5868387980356106,-0.6145403111797046,0.5529126904602045,-0.14721100867402984,0.15864322331377875,0.6016929896014281,0.1456928547831371,-0.19576623064735885,0.011509913878954019
224,1.3539644753023086,-0.08953332478427704,0.1463808720090035,0.4649792857624422,-0.2891314863604407,-0.20727596901630985,-0.3695006518781362,-0.12911293764175524,-0.21083981171363836
225,0.6651946587191876,-0.8572384348703039,0.5067657691626961,0.08966788916569082,0.6682349445077991,-0.10396183686126155,0.6966875590692458,-0.038796031649951414,-0.10800166449615783
226,-1.0756866391151931,-0.3761764699540925,-0.002554123260509727,-0.21537980123489617,-0.25422939196854155,0.0700496793349065,0.057595188284976624,0.003761324717573872,-0.09353538176443504
227,-1.1983761857057005,-0.14470041961202193,0.09933096954274545,-0.15254720386606085,-0.23370483355615876,0.03470486669202766,0.06215372094769501,0.03694637389655568,-0.16353303424825277
228,-1.2329125035039044,-0.03843044004555009,0.12371864961430663,-0.12648537755322925,-0.2587466934689812,-0.032764730944878875,0.04488305231188078,0.16063462666439754,-0.2357496549143464
229,-1.2013401767388507,-0.22890859339652472,0.12446493913928898,0.1524082309107744,-0.08434460250544529,-0.0255445422252219,0.20679496184700666,-0.13511524868277447,-0.10897005128356889
230,-1.0557242856838323,-0.424812640998064,-0.016297206423832786,-0.2952326552621947,-0.2770905721059611,0.11795430487286444,0.03276962489219189,-0.035081697541956086,-0.016660242323727082
231,-1.102299858050377,-0.3422626833486843,0.018136996353362276,-0.186139382405093,-0.23205449094165548,0.07032495844104787,0.07588083752422338,-0.0019748199682795434,-0.13103454348980034
232,0.02431074742084682,0.5374189071289248,0.03150096193807165,-0.19933855157389718,0.1583186918741345,-0.2800706031339488,-0.3499376683582444,0.12329283067437732,-0.0915937133054341
233,-0.031013749071666676,0.1243460922249363,0.5191719650219287,-0.2947060782442621,-0.10440301354516077,-0.17812422603597003,-0.18702109628535513,0.2741141179454114,0.029898569192642433
234,0.28746190105799435,0.19112370503130247,0.34909784884955547,-0.22063119508498336,0.05351405946622933,-0.021927030367730343,-0.010141055239107261,-0.07072980285154076,-0.15195870082730872
235,0.4155558609032812,0.27794323636604157,0.9159420365692036,-0.23796930672224365,-0.07796368644915205,0.01625701642620359,0.12305078667815356,0.02965792628508642,-0.2562840922939816
236,0.30395063275672396,0.4245841407161441,0.9754733643701156,-0.13835023801405666,0.011393320993607202,-0.007237471916144594,0.12626057250739844,-0.057817818013798,-0.11964622219611425
237,0.8472501677082629,0.6137501957540308,0.45684371082111663,-0.13318484726156454,0.09121872486815293,-0.05031199786626085,-0.007901121654140033,-0.04503825023289335,-0.3230057669691326
238,-0.5811076871216531,0.13715218423780653,-0.46824589159445223,-0.03825809343534493,0.15106249517398188,0.14746656133431932,-0.2588179668978288,-0.048430288564108574,-0.19924459440430584
239,-1.2575722330890695,-0.28478623930426716,0.16758902110818802,0.7152585940517704,0.4581900490393386,0.5988768300564874,-0.11410300727481805,0.21054074266046918,-0.10461880738153224
240,-0.7743973985770212,0.2081814710373925,-0.3204598164461953,-0.03665617756143536,0.1236839459236376,-0.024637724448293406,-0.06033631189100654,-0.3270807841180315,-0.10715934720914244
241,-0.18748486559694913,0.8151481372133906,-0.0577478669469682,-0.07444644291007735,0.09417479276815224,-0.1853147763901331,-0.17129473389329913,0.048863445118699944,-0.02105754821948922
242,-1.2841451477812391,-0.08469422239463528,0.1670934635598249,0.4834932598043305,0.06971136140807398,-0.2702393552745024,0.19046864403278527,0.1553264824949137,-0.1667103116388065
243,-1.193083791037992,-0.16865653785273568,0.10042715786780458,-0.09848249428006887,-0.18392976595516852,0.04192615551395876,0.08670785426999109,-0.06297765179261565,0.00104760982716646
244,-1.220929691663499,-0.07835861779190961,0.1267218474077182,-0.09909147875585644,-0.20892551413912702,0.0070779959875854745,0.05646604761939364,-0.03348058435126724,0.05248507742160265
245,-0.8376030915067798,0.6234545793622879,-0.28602868527959685,-0.018510857871049263,0.06139611072792301,-0.19515217690900202,-0.21619108570883855,-0.1570497119775525,-0.08303594878039
246,-0.8393300754235432,0.41428090077611546,-0.2609261441308419,-0.08168648242201093,-0.010384293713212044,-0.11875137725981671,-0.1589674460612124,-0.10201596907743442,-0.15588224039539514
247,-0.695803308323874,0.3106053506594718,-0.3863728323750614,0.2811381572689616,0.35231066524263427,0.36183195480087826,-0.37144625727554903,-0.031238929789560194,-0.2239969992892154
248,-1.2630761272608053,0.0488610963281237,0.15955716360263666,-0.12656307626919633,-0.26269647031200766,-0.027270773776834168,0.004602292802677719,0.07528480979115848,0.0005629179899311067
249,-1.4048949461282911,0.3468993921226215,0.27977188171238493,-0.041194713137017974,-0.2508376062472893,-0.1033932984954226,-0.003963594786819631,0.1324228779653128,-0.021703963255976202
250,0.5284189104630956,0.890968136406848,0.4324038237437876,-0.04200753332116706,0.23512262789274027,-0.0858051725311187,-0.007034107509779752,-0.13323006905810852,-0.07159604947721519
251,-1.4132806552023223,0.31522555130689467,0.28987831704179756,0.03173739454434573,-0.17682315740375118,-0.08578191766191415,0.053119461948010434,0.03264871707972231,0.03245013449375127
252,-1.3551754854028202,0.1449771098848901,0.25900561185528304,0.1557855680982084,-0.13316689139092175,-0.03673084994226559,0.08843641792865484,-0.14877257334468263,0.15368615669155966
253,-0.23431913699832152,1.0745459141966607,0.3827206979453221,0.01678158198712307,0.18305009367122888,-0.25846756779644164,-0.2147637957747708,-0.07315256634005325,0.17281229734519682
254,-0.5519502197087927,1.253238719579489,-0.35500996125772877,0.13468224967779416,0.07258745662022008,-0.1302444784628395,-0.054992817909472975,-0.19815200249840792,0.2463666253727166
255,-0.8671677916798128,1.001441212976293,-0.18674851275552173,0.191520515320338,0.21736259885017897,0.0854877906089543,-0.26863641311563685,-0.1658714819808762,0.2195094782141096
256,-1.5106458986113462,0.557053459084311,0.38089097562387336,0.062105566239895535,-0.1871416588877151,-0.12229637502722332,-0.009967383555089483,0.02398569224275012,0.28673407469717116
257,0.056795630231046994,1.2503455656418678,0.5484782676643324,0.06470502832152841,0.2036409447119482,-0.24532017052809518,-0.14671104396320406,-0.05619889738161084,0.28454072699853333
258,-0.3183859004141107,-0.7054381912602051,-0.7232858875727503,0.1992841073484839,0.26791966838008985,-0.23189432317735478,-0.00884195055572366,-0.09023069580661533,-0.08310821743888493
259,-0.3187771667598092,-0.3594295698444408,-0.6918977251624253,-0.37347500399633793,-0.07719562556871319,0.011467403107977427,-0.22280524765093623,-0.21768551027927024,-0.00902404063800607
260,-0.23867600153941648,-0.533825531255451,-0.8162619239122348,-0.05913782930227048,0.47594742104932986,-0.2692912749743758,0.03673440415636467,-0.026412533993335142,-0.0840046552621442
261,-0.3974366656685892,-0.42797547778818007,-0.6366917323825001,-0.3364941281663205,-0.11633581527641311,-0.018774292978090874,-0.17301701510066586,-0.09624626189774277,-0.018669006273019352
262,-0.22980444938086175,-0.4776889313788519,-0.8581888536935147,-0.07279810491483019,0.4650974155463385,-0.3164766053295692,-0.02517694536243805,0.02632910588221638,-0.11009506825676312
263,-0.45128405126757687,-0.375715081641436,-0.4650278448501854,-0.3257914866167951,-0.42324872443719613,-0.018673552727708327,-0.11884129227218575,0.1872631628983396,-0.01765209252003278
264,0.10097791380461281,-0.34564824508948166,-0.5666046100424207,-0.07635290861048108,-0.02795845950562648,-0.14419639787933633,-0.2506392665798399,-0.11058235329818414,0.0728091469757754
265,-0.18094562827322674,-0.9638217147365926,-0.046180807685528354,0.004607182855859437,0.5163536951929579,-0.29150880378752086,0.2652802416355617,0.216510019499033,0.16406349203005366
266,-0.28069285880791556,-0.5472518029128702,0.032714078326263996,-0.45966405293682056,-0.26405715063655705,-0.07433272581186652,-0.2076146678634545,0.19570449119577665,0.1610441778057311
267,0.02306874657869181,-0.7022843411164781,-0.3796232268527139,-0.07543976714622382,0.5911300205760386,-0.2168823126867753,0.054467709200798235,0.0014763530952474737,0.14736149919107844
268,-0.1528089759174165,-0.2567135920241531,-0.7293370547131349,-0.33221401184207155,-0.12300259707803643,0.083368730842547,-0.07505425735433048,-0.18230968020988556,0.03955206737582857
269,-0.05484190922547204,-0.5484605335249483,-0.8090922321732501,0.498241814452571,0.054728621685674717,-0.2936299051307382,-0.028253755760197133,0.04257172857728284,-0.08847884664558561
270,0.19060332664816831,-0.35009154574917334,-0.970252328961246,0.6538994124537869,-0.1147249618216459,-0.30790763856139747,-0.3341268187328719,-0.16421093916651625,-0.10995404853635488
271,-0.06810034954757022,-0.7212465753910935,0.1192020034449979,-0.2787482010187459,-0.011369022732843416,0.015465785809343546,0.07422274893599047,-0.056264034950353925,0.1477109990694486
272,0.03440279655862786,-0.502814244155633,-0.8251937160112119,0.45416857703185154,-0.053906872047218654,-0.09441412552893808,-0.002936389238175869,-0.21329269247962498,-0.018902968495019566
273,0.2741393918231745,-0.1678754540562978,-0.3840955523711177,-0.40999911535864764,0.058220959559201695,-0.14033140933108162,-0.3720554812171168,0.014711370204273835,0.08554203806085697
274,-0.14070108067738502,-0.2944619867809177,-0.7076245041122938,-0.14424363183500793,0.07310602659444639,0.7017842201162843,-0.18668134316517868,-0.03032850031779195,0.058755988293636464
275,0.1905184424404706,-0.4520860817724144,0.22624102118792921,-0.35400011991124863,-0.14871848745991387,-0.17298589241510495,-0.2607763065082784,0.2501744145214937,0.22023954647794844
276,0.6173425699291607,0.056663075121116104,-0.3983420819769813,-0.3172739539033624,-0.009278727523294127,-0.1997259552268284,-0.353934153265364,0.16096481796488368,0.0254644201027858
277,0.3563207166264664,-0.3293639864680136,-0.5884004246087201,0.17936912812997394,0.1141171463147543,-0.17815143911516632,0.03424868877201168,0.15221542356020204,0.10529988913489917
278,0.2166320210287278,0.0673842143913332,-0.9337512663512313,-0.26462587732384846,-0.1919660592349419,0.14040322312395156,0.0749680719867007,-0.07204041561460961,0.06922084402536527
279,0.32690518776091226,-0.4831249326287432,0.40234903936960575,-0.4308296953936147,-0.07824807714583185,0.22144311752733206,-0.08994458004858481,-0.024468867096613448,0.13137977976944545
280,0.6523974504821253,-0.5440292546941875,-0.15156968279183944,0.08446971047126217,0.8074129737049194,-0.31458310746550716,0.31036211300943056,0.007853043208152862,-0.16098322607327062
281,0.49807071084858645,-0.0005451758454338576,-0.4105391331308491,-0.3135652876336672,0.060722980213815614,-0.1565363045267658,-0.13195943483630293,0.2090842340250526,-0.05584736606576722
282,0.2152132548368681,-0.0633125199789281,-0.897436858216527,-0.18762801182198474,-0.14433946851915222,0.27353671230186116,0.26757912430966874,-0.20249518794114785,0.12560027269946553
283,0.6365442529560885,-0.10157508494129475,-0.5091547273674731,0.10166407145812335,0.04091895834522477,0.22026820657276933,-0.1938915823328313,0.11697033144313959,0.12793223764574205
284,0.5062087770785224,-0.900235807908223,0.37015375007699153,0.08832150586148467,0.7255260883957886,-0.21509778802550902,0.536435235929893,0.04851581652128777,0.028835047228122516
285,0.7090837769864,-0.5095570349673687,0.5386520507540177,-0.1589608881213878,-0.07702252742868851,0.01450649089133262,0.08847034795811633,-0.1011016259162793,0.0747048631324808
286,0.9324260699385729,-0.05520447911091208,0.26627967375371875,-0.4340446885815085,-0.009212394660760362,-0.04779976974127384,-0.14959575097601704,0.03157552472116765,-0.09566554958426307
287,0.6569531814599747,-0.5644833443904085,0.4838163725369308,-0.013634105903367449,-0.15515996694095113,0.022228162912548487,0.07392006053668763,-0.1336043773357388,0.08187061816979498
288,0.5972105524541647,-0.07322334373106408,-0.9747083567914713,0.7576475614349238,-0.6505246950514175,0.1947208412525667,0.28022152506748904,-0.06183852785262472,0.11374568017021157
289,0.9020665382405895,-0.6542369729228579,0.6237210252833998,0.5109087032378895,-0.405013444158506,-0.023699929919052586,-0.07531180411826484,-0.2747103385574624,-0.05677684375176723
290,1.1335481524627085,0.21312505201647639,-0.06232021926890886,-0.3405228011205564,-0.11050817014536239,0.12528937455351158,0.15671774834935,0.06167806888887522,-0.1553690480243908
291,1.6126327390457122,0.27039692751158695,-0.2603835712580827,0.5881612140190476,-0.4487597096161373,-0.07847349146087342,-0.04147825459581176,0.23561576206366422,-0.10679667705280088
292,1.1335310596195967,-0.09695961220522292,0.15600363460733505,0.06405203550664999,-0.14802458080831282,-0.03889826043993575,-0.12146042092681347,-0.15924729368767448,-0.2136580815967425
293,0.8459243572581839,-0.6220026700875507,0.5909203231771876,0.27049914611446546,-0.18994056623139569,-0.02572273443667057,0.13722190721152233,-0.1784272323287882,-0.06060118586501622
294,0.7994103197072964,0.0711556622658828,-1.0987174128049022,0.7472487011864256,-0.5572723025091708,0.18011257780408854,0.20470297429830778,-0.21086404165712583,0.12725725785218228
295,1.009165522425884,0.1662301040914,-0.8912982329129113,0.6763368061568443,-0.5394289710366377,0.031176444068878807,0.021647621840466594,0.07952675472657368,0.17666251159470198
296,1.4903628226488408,0.43138042420381306,-0.2573849911229417,-0.15840660039215015,-0.09204108274255879,0.042775250151310236,0.2140978905839995,0.3204698584664258,-0.04561534620475358
297,1.2179809408816507,0.1536133384481709,0.005363028354585055,-0.301766929537625,0.12346022098494085,0.1210071266436056,-0.09218800233144202,0.04821438109890528,-0.09079189436572027
298,0.8975331047317894,-0.3154354717785501,0.656369371651232,-0.41947153688515265,-0.09282466582404872,0.12536145912748362,0.13928139684324778,-0.16026388173091036,0.06304196524301843
299,1.0294963137060773,-0.02165512482100509,0.41637572594542194,-0.48317150041875234,-0.10996180845072846,0.03897332229509156,-0.02794772100742512,-0.01557631250083496,-0.0536321589561832
300,1.3964366021653911,0.3919965954080691,-0.19098195426193876,-0.30213125740071556,-0.0342375133954485,0.04491316083719487,0.11998225635084055,0.1770293869122509,-0.09462736997297348
301,0.8706556665384864,0.04853062919492521,-0.6901253323498082,0.32408979908246344,-0.30208598411926396,0.09414028829380992,0.24096211028704712,0.22521406526393561,0.27241919685424465
302,0.7015851567565926,-0.4950213396560896,0.6096768278472158,-0.32414020748210354,-0.04829965817672122,0.17805686434082157,0.24059000053938248,-0.2396073474346167,-0.01735469438087639
303,0.6961499014439841,-0.6523453581536428,0.5656175344901131,-0.019084737429499177,0.03133660139436545,0.090824735262096,0.3465271638723067,-0.23343103619890743,-0.06675662429283026
304,0.9317473363405656,-0.5986305319050664,0.5991746279875967,0.4195504507746988,-0.3612235464331075,-0.021080312358087976,-0.06750716744879579,-0.25876090485802505,0.01855397528579549
305,0.4078649664126392,0.1423448193430336,-0.9166179423917529,-0.14341856313157203,-0.2937804974236917,0.5449916476079033,0.4313843610385136,0.036507748830026485,0.1889136933803329
306,0.7205645024063234,-0.35355435199440555,0.6420560797040442,-0.45060046146827665,-0.15720222651128757,0.13877968976386923,0.09121462504500746,-0.10739879631234156,-0.009682351373000001
307,0.7437425216812512,-0.7706764351552945,0.5459631312234291,0.014348576324049352,0.5767665497590517,-0.07765760263987265,0.5563948630385834,-0.05247974536741634,-0.06354173054333614
308,1.3476174979662614,0.295164900124931,-0.00905584219032641,-0.4061897073120578,0.06048030518573273,-0.0385525772746642,-0.11200484416002976,-0.017926801696184633,-0.14363090668127265
309,1.3181856250202713,0.04566907952787543,-0.19532797232234927,0.5151493314849429,-0.37354304469837013,-0.05967407764952667,-0.056399680580290656,0.04365030257867242,-0.10230564004350605
310,0.8107628778610425,-0.7908644382772202,0.5582559392782174,0.06474621006440569,0.6417067697128581,-0.12811052275651874,0.5526258060456971,-0.0472400051535106,-0.036545295607692756
311,-1.2337082993457762,-0.3041176840462491,0.07791383304731431,0.09412564989440897,0.24542533262518235,-0.11016308360464676,0.3172858468337673,0.10685494153197896,-0.17433605891254234
312,-1.1796013913080132,-0.20196608886887335,0.08012782436539896,-0.13977799411873798,-0.21725455628165305,0.04758677024232414,0.08642768517605903,0.03943009272674064,-0.24183480239387053
313,-1.190877876104362,-0.07251516503471868,0.09072726615412781,-0.1966944576072318,-0.31984068697766077,-0.02965056328713184,-0.009715279907857323,0.1808419102553203,-0.18047734652313488
314,-1.1336893342505643,-0.18134722845260423,0.04125142289137817,-0.18184986282495721,-0.3141707107872694,-0.04393901438551102,0.011825814984565032,0.2059498292134971,-0.2241823132235495
315,-0.15461323244892786,-0.16739929560337563,-0.07534788409898856,0.17015652725449676,0.25305565514458694,-0.2661959042265426,-0.06916303279200686,0.028384925172234225,0.04588150893146159
316,-0.44392762616590586,0.2068494766214803,-0.48440894635832277,-0.038982731384192344,-0.04702462130332927,-0.005797054194574538,-0.025652578152592514,-0.17508367242888537,-0.15695434408672929
317,-0.03799809244901513,0.29058466145231543,0.792864223139864,-0.15052914508936446,0.055376584841731975,-0.0068808314271997986,0.05768248501598892,-0.1476935801170176,0.05991979986748056
318,0.48081013099204645,0.6156498697902516,0.284287304355159,-0.0064883684479895825,0.11724662693448824,-0.1417897568755375,-0.026590873853767624,0.09156806372662278,-0.3401594568618675
319,-0.11663670529532506,0.30422366099477754,-0.35345266932604613,0.02898787744185452,-0.4340940037906748,0.4852225994062207,0.8113038343604806,0.09809947041640883,0.2193882975944092
320,1.2100884190014747,0.7880419436663569,-0.13335565283256107,0.08801699483152302,-0.05248047030585899,0.031210012683858986,0.29586586925412406,0.20484161047580318,-0.17794423971704695
321,0.988368729495422,1.017683692370605,0.00512115083767183,-0.015882336381685444,0.10588355750629352,0.09104858471150423,0.12792017304254788,0.295247195049877,-0.16496806570576236
322,0.7190812544457871,0.5838908974051624,0.36178552932750585,0.06787095423324913,0.38209204954618514,0.37827086112222263,-0.027466104317070236,0.031329239452790994,-0.23004575434140057
323,0.22675773012181158,0.4335565984211087,0.45744449078896054,0.10488808650152975,0.49388013126998037,0.6530564964681648,-0.18790036272250396,0.04786206643613318,-0.1997235925274233
324,-1.332543018816437,0.15069294385382911,0.2186216518117452,0.08101692108978281,-0.1939317871546298,-0.12053729249471619,0.05508467698939629,0.11779322530784654,-0.14418079906777048
325,-1.3698140317641403,0.18851303104395928,0.256466828663805,0.1563875783384438,-0.13035642583501442,-0.12744855762036444,0.1022261492605253,0.03043234475321613,-0.08176566531763543
326,-1.2699081584689857,0.10831334191298757,0.15922924782507378,-0.16259254647717178,-0.32931291028792253,-0.07727724947991274,-0.03187551827911339,0.23079150316765598,-0.17746592070656822
327,-1.2887412315233526,-0.06467597682625219,0.16382356180443233,0.19502916306385823,0.2641162851659314,0.6410904815762192,-0.24633075953510178,0.5028996392156281,-0.28219527254699056
328,-0.7752272009867376,0.5063814295118623,-0.31105330338734527,-0.05635713134409549,0.087953356699745,-0.11438099007086044,-0.1689604113556821,-0.23443299251685312,-0.13344594715868485
329,-0.5442500293375059,0.4955635650896981,-0.423568088843795,-0.025026430932210277,0.05462061517702853,-0.0382899576460273,-0.028080902640693576,-0.21443741090129542,-0.11885596530939456
330,-0.0332537664689556,0.40524045794441826,-0.20678457919942972,-0.07383287119590494,0.13443977195469106,-0.06753811023910565,-0.03957946742713433,-0.039274306704483106,0.03086039597173947
331,0.6710417387454043,0.654756248074749,0.23153915053791352,-0.2521086492919386,0.13794920686060952,-0.20031061303403286,-0.24067282298829373,0.05743716899065104,-0.03770293733879509
332,0.3561863848371092,0.6623027437643576,-0.34668217134968715,-0.05565831956541166,0.012763408163699213,0.06992745162395829,0.17413990565197784,0.08627419322835916,0.17077518082799556
333,0.4421690602271854,0.4229240418247741,0.4420436190935369,-0.14505490155699807,0.1675644478741782,-0.025031491448905038,0.00505713220492615,-0.25895586506627744,-0.07734261946871691
334,-1.1915021726636212,-0.09439829621321151,0.10038177392783186,-0.15901024259966892,-0.24375377267934273,0.12360583292030428,-0.06915758889181431,0.1334724738110001,-0.03565326094247548
335,-1.2683419939234748,-0.046819329836564526,0.1877610627919378,0.6045101021747716,-0.09764762023184755,-0.2809045717625114,0.10173018413149268,0.11778845752576042,-0.15649621075828052
336,-1.2123125972713975,-0.06740232530640615,0.11694817227492613,-0.13984161599397918,-0.2505582022171818,-0.001912844089629384,0.02354994243430555,0.02963024569562371,0.02256124326233701
337,-1.1994726905254594,-0.10822620067897105,0.10499909580403345,-0.11915667535606295,-0.23149733324937868,-0.0047308195242776714,0.0485019523548601,0.03451791451388759,-0.01832551178194852
338,-1.3179191324163353,0.07966554682126242,0.20853269497324528,0.009278568369329275,-0.14869246159450628,-0.025981711757211836,0.1027870457900262,-0.044870291814741545,-0.02957447679722467
339,-1.192553199170119,-0.054440225637287655,0.09703271372953329,-0.17751042093139555,-0.3084154852270041,-0.03992614716512994,-0.01873356311220552,0.1405069049584545,-0.017917803092273987
340,-1.1737345940071564,-0.34880110802131536,0.056677284266978226,0.23490611112915968,0.1446198468935107,-0.16479239764336068,0.28647194394944603,0.08580846965124124,-0.05674649077031105
341,-0.833138214265021,0.19011310931172642,-0.24796065093266545,0.21675911090645147,0.5063749160663386,0.4773062112383723,-0.170745896508768,-0.19200456993919338,0.050128613153032055
342,-0.5838398907046095,0.21294228499546516,0.4480338076748372,-0.08265911180080839,0.04651302892639558,-0.23359906963534793,-0.1666357827333229,0.150839130699407,0.16320778145639978
343,-0.35234755523861416,0.5172444197140298,-0.5601114181593854,-0.006580688494196971,0.08947525534401315,-0.024761508182897175,-0.0030214334015057237,-0.25875708730649194,0.004486353279490116
344,-0.3300537459295469,0.6648730404108776,-0.5650399359085112,0.11727563922359378,0.06256360814107881,-0.028121472643111104,0.018154433645027203,-0.24527698750049165,-0.02371309546369402
345,0.22672693772873095,0.933526117077602,0.0735458720954898,0.20143529192424084,0.30566274523169085,-0.23323500468808928,-0.036218580476761034,-0.0035527509307701965,0.14582791770312442
346,0.2875574697202702,0.411033918092687,0.2007573195872667,-0.17861145420084137,0.11535602560654333,-0.08898758445624819,-0.11239648391540294,-0.07900769433640162,0.1114123878062998
347,-1.350544669624648,0.24671845612721524,0.2313127580176467,-0.08935787951060675,-0.27949898647547367,-0.0846596654563992,-0.014629757000520844,0.16709757305963752,-0.09073670889587171
348,-1.318576767395762,0.19404989120323013,0.21504314903470007,0.010355740337177911,-0.2967047506057155,-0.11739616908575999,-0.018626593126866188,0.15912986965893333,-0.08805911737572529
349,-1.346487330246406,0.17207974852816585,0.23326944128394297,-0.0091850771728486,-0.1858526152807251,-0.05450712639155267,0.06293576453978751,0.018673733178419513,-0.017581752913950508
350,-1.2852612967858141,0.09469676109555837,0.17879182298635252,-0.10866883564115991,-0.257058872168819,-0.039304690673265814,0.005351424655754814,0.075676179371642,0.009812570453778128
351,-0.08130175701235963,0.24814003016034167,0.7176227933292095,0.009174473045685135,0.2899434288391462,-0.1019344126362711,0.11788181408588981,-0.13695243919097594,0.2648495243716211
352,-0.43507313282615456,1.0102718756588358,-0.3709153542363755,0.07618239191310136,-0.079208623218146,0.04819829520565454,0.17142601577947608,-0.06923542195867381,0.07599551835623732
353,-1.3158516680291836,-0.02954916431932027,0.20742362193403918,0.16579958670221773,0.13537894249673718,0.36933392224085304,-0.018664189550637804,0.030560455106646425,0.08458569892507775
354,-1.4612061621533128,0.45256284191562746,0.33231722772413935,0.012424654361416763,-0.21614485344479248,-0.11396315400160265,0.0009477622333458193,0.07476390416948157,0.10473419858825804
355,-0.5903942723881106,0.5503067101411424,0.20882527387340266,0.04630239668263383,0.18325991184265153,-0.22350876972443232,-0.1424483571486127,-0.08311042465257963,0.21889453567823053
356,-0.28279663093699153,0.7170893485083397,0.10533767941576191,-0.0032565150246311628,0.17447837492200116,-0.18286625077095114,-0.13924925708571764,-0.09779364924774572,0.08596117047880802
357,0.6565115486504669,1.2492472448539242,0.02216889611453888,0.21889837828363565,0.3533945575810037,0.20701256904990803,0.12574020089807195,0.23254905690814362,0.19076055669654424
358,0.6968063575922444,1.2714994806050859,0.6063556920296739,-0.04290961181975805,0.24762895789822906,-0.21133714048328256,-0.10899714190171964,-0.09634092096801994,-0.07291353332737467
359,0.6870937403112455,1.4274174368421593,0.41075977988068824,0.2414839078170854,0.5396758866753538,0.6212563770860595,-0.37325450515888925,0.26410259819241194,0.03588992059002969
360,0.899473586809833,1.4681914369129094,0.2594138289062055,0.06556619387591192,0.11590385838034216,-0.0564261823948181,0.21325984066958323,0.18820293520435918,0.08344169313377171
361,-1.413148804045748,0.24389579012671084,0.29549348421394755,0.1241978747851322,-0.06434123510502215,-0.051692548214943186,0.13169284208233192,-0.13944135410581263,0.2248285175580768
362,-0.24551899820785728,0.8271260066589398,0.053092408765342866,0.17932947713907224,0.2174842753579858,-0.1824062766321909,-0.06559786448072617,-0.12063561134019171,0.3173017200911083
363,0.4933638772371381,1.0539449348404033,0.7411752246525078,0.014867876346428839,0.26688876907331666,-0.14841183199517038,-0.024321280643323753,-0.23144366237008399,0.04391811026610702
364,-0.2677914696080206,1.303690107204271,-0.45547450344499363,0.16938742758218067,0.011362957773534623,0.010008902750048104,0.17198285393708188,-0.15392076660232926,0.3027262979054885
365,0.22332982204090596,1.0430822606096721,0.29846671314646833,0.26233943123535763,0.35906289784435297,-0.20297854080409736,0.009480801688497345,-0.12779504108842413,0.38585264107305367
366,-0.33876487493354046,-0.6792075571837135,-0.7542378514569635,-0.046270465345903934,0.4665762724268089,-0.14823245203320728,0.10491661633072548,-0.16357667739012705,-0.054964124989421353
367,-0.39740300947394536,-0.8243963168229791,-0.6909645940229655,0.04951150138810281,0.5710934342486843,-0.1864887929545995,0.2577852273906206,-0.08762526818189657,-0.04644459006961481
368,-0.2857709221829695,-0.5284240518869238,-0.8161575419501809,-0.1015544450921082,0.3765594675547898,-0.21970306130635772,-0.026573667049278077,-0.06495198431748529,-0.0822657717852834
369,-0.2884081620217638,-0.9771541963998368,-0.10613652683167578,0.023042709467521197,0.499196121208698,-0.3581452223527064,0.20853402165023588,0.2942179142825837,0.15913447053092838
370,-0.5036805025060798,-0.5226570601942595,-0.5002583522913033,-0.35253870723210984,-0.19935247797030858,0.04827487677877773,-0.09266411693593506,-0.08144356371011446,0.004370826194090432
371,-0.2537889484050847,-0.45951587412487255,-0.8558714231400362,-0.13569789276025446,0.3727127038487181,-0.22431274284703454,-0.09234663815164226,-0.09540825453286983,-0.09900031012898645
372,-0.38710582734412363,-0.6310420628448326,-0.6383061376950607,-0.06742738528323756,0.10458025331696033,-0.10650609152765769,0.002959977557741591,-0.13710037074411352,-0.03997002961996194
373,-0.20820120386533214,-0.9496191650967635,-0.05138302759994674,0.32871122600093994,0.18853315450393465,-0.5412596792987375,-0.15083502308714603,0.45345115576431516,0.1489178286527257
374,-0.22992403920066598,-0.31721569997211224,-0.8161678042957942,-0.1878519482865545,0.24590482770464037,0.5171955799649703,-0.5011427629234776,-0.13308201411353635,-0.03503767339639686
375,-0.16948798279082677,-0.23115314843658402,-0.8636678101547107,-0.1035237208035648,0.3344152533383666,0.7318501432383553,-0.6517678805631546,0.013117472818796673,-0.06582109282878255
376,-0.1303965120435532,-0.7287797154339967,0.07047498594631185,-0.2773249415705304,-0.0033784080504433026,-0.04510290638264681,0.011114026171766106,0.019318428718605386,0.18570832691022662
377,0.04407475183213292,-0.8260305190891906,0.05757271799644217,-0.1291651390082574,0.498559197851951,-0.2722533227314472,0.08173947709596219,0.21055131125953308,0.30487853297918965
378,0.18946781368627524,-0.82397176990448,0.13631498788881236,0.05628110748958324,0.37643781700233253,-0.2960380551250451,0.09041117757029553,0.17937818223183166,0.2026848202161605
379,0.06261411215517916,-0.5357988851872137,0.19707016985159168,-0.43860624150219657,-0.11344632327407073,-0.04590236855819532,-0.18210300169572827,0.07542912976342794,0.22807278911695567
380,0.13643342962089233,-0.12965280161481385,-0.6920275334588669,-0.306658181058613,-0.03711052683637886,-0.017089224698523014,-0.14535902975384904,-0.03335226046218035,0.05621799259854079
381,0.06276087952832185,-0.23693970542373505,-0.8979329417702273,-0.06418810457232185,0.2670884819917417,0.2826310075098249,0.0031686416440174624,-0.08917725697038453,0.028267705489940766
382,0.17585023481778056,-0.8359406035491572,0.1427278805297983,0.17346028221863344,0.16231815602373173,-0.23724779921797537,0.04707149095230984,0.1042279673234708,0.17056746209453902
383,0.46052654442598456,-0.10592237590108103,-0.24370797140548223,-0.36050956448304444,-0.00542009827246863,-0.1431915148102516,-0.2368629857700554,0.12576682851632148,-0.019386136437068345
384,0.32784818159528983,0.09238570152754898,-0.9673131552100905,-0.1743028862511737,-0.016637605232224517,0.42059245906434756,-0.014081192239186933,-0.09413470055238038,0.1028741035227257
385,0.842030508011506,-0.3739709685055884,0.10463123401615616,0.3372876382783428,-0.15886304845855612,-0.2101072726360635,-0.30040740322972104,-0.07291984610159288,-0.049581745917647
386,0.5640795197824879,0.11820816246181048,-1.052223746290377,0.2292066997747644,-0.33734885426449107,0.12175092012577557,0.21386049820077574,-0.05083651961204619,0.10290639648072183
387,0.5215663695375565,0.34307670919322575,-1.0580303127503023,-0.25750648912895124,-0.27332860222466443,0.1885289461683451,0.17095121011093287,0.034547868329153936,0.13507436420811714
388,0.7587555843408641,-0.18397127621850515,0.1041017791887001,-0.3415985452184118,0.051839679591164575,0.009447539304735224,-0.03559646861744672,-0.12279729013486482,-0.07393099096914472
389,0.5602036060829102,-0.06984268991167274,-1.00502811935832,0.6216886116250769,-0.5239229354445398,0.21862398019016827,0.21475153125264476,-0.211094252169255,0.10240581605199589
390,1.0589595253959616,0.12534813206032958,-0.25199762206846366,0.025890813671322517,-0.251677452952657,0.05754187549207378,0.1393621318759705,0.17267128895654943,-0.04470787207261781
391,0.49625161525247796,-0.2188395945046082,-0.9110975160535393,0.7905713052523684,-0.5594534653315851,0.1731092763783028,0.31279889900096364,-0.0933094525068282,0.10913128560588282
392,0.6833689093584776,-0.4404674894766952,0.5882073688716465,-0.39108649171427395,-0.061272933634769586,0.12302824294557281,0.09822235989809294,-0.1472516149439786,0.051478633565649
393,1.4184555692141683,0.010271935989367981,-0.07564101055421964,0.5609138142452041,-0.3670928837676113,-0.03024991020345069,-0.07688687138866877,-0.05219466331036167,-0.14455815339614833
394,1.236587542749947,0.510579553678446,-0.4554657105348052,-0.32445201851562955,-0.18563928642446023,0.06452674457868662,0.10507326437804104,0.43747052524897817,0.12253190334204853
395,1.2740142113092159,0.2295987908928704,0.09792768391311875,-0.4393062633917988,0.025039671239309724,-0.03471116719309868,-0.12786628650818727,-0.004560177056465108,-0.13288248821533713
396,0.765623106058078,-0.6157995882657235,0.6015241625326545,0.11682005244776562,-0.21801269575258342,0.10890366602690746,0.1384083462115846,-0.3104359890246336,-0.05086777954539765
397,0.9497928882637388,-0.016032165363513342,0.16908017855217042,-0.42264564370777774,-0.008654873975585694,0.07202350531418172,-0.04303600965471523,-0.1679225695699271,-0.2329485610894463
398,1.436125471167188,0.185202259082221,-0.2730716267337938,0.43518374115662123,-0.3543553568724761,0.027436685676249198,0.14919404618455495,0.1603826475569693,-0.11796454496314884
399,0.7841065865837218,-0.7807575790495307,0.5561917647647823,0.03263642500728623,0.5350031330071724,-0.052945886818618774,0.5413850917233913,-0.12808804956010061,-0.03356220989549808
400,0.8103859513910292,-0.5225520273559748,0.6238436154440973,-0.03725029210195329,-0.16068937170525505,0.051266997637523085,0.10125698927019146,-0.17984915802675008,-0.018366678088227353
401,1.2846313969125223,0.15759845021311453,-0.27704411007707935,-0.05466775590555454,0.1272168927031849,0.041894601504864216,0.25636983897314175,0.06742562795580669,-0.04082462189778363
402,1.1204242488448388,0.251158347881898,-0.22289226501693146,-0.31265524226071356,-0.0885784624860353,0.1358090928107145,0.15846813051854228,0.07307299367548828,-0.07556183226034931
403,0.6749245468016697,-0.5300396569555474,0.584992755063054,-0.2337706449467945,0.09416560301846195,0.4224910733834013,0.10179879500394998,-0.15662967649498322,0.04371727730189515
404,1.3925340585157937,0.46124120611188735,-0.11198460022844058,-0.4106949171221723,-0.1004840457941018,-0.010618408293597201,-0.02203436074628423,0.2830496841036799,-0.09150582080506592
405,-1.037448003890408,-0.5556760899250157,-0.015347852593396195,0.014096638448944057,-0.15281313131391663,0.08784371806135541,0.16249940658023937,-0.18433658165968916,-0.0695688370013075
406,-0.9541102041456336,-0.8795611210886148,-0.059148355706065754,1.1408019742569322,0.1128970116955908,-0.3446855815931967,0.26523631072434134,0.0017896048850518532,-0.30040898714148984
407,-0.31207829576539264,0.5550996011958041,-0.6722476823045065,-0.18267109907353052,0.10059632431020685,-0.1601449237444133,-0.309097914953159,-0.17503274820835255,-0.2390971382142682
408,0.1482223344462614,0.353552100383142,-0.18937984967179047,-0.08857302720504158,0.3294514834556481,-0.44365618815202534,-0.49389470140002756,0.21542535767115908,-0.0854892716518395
409,-0.22910404090304026,0.36978622960554297,-0.6067183688595377,-0.1864392596286028,-0.1647926050845191,0.016977990633383986,-0.0009597321145685383,0.020160224241594395,-0.05781496922979733
410,0.5944849288032198,0.679598201584587,0.4431705851031769,-0.22586759808820225,0.07355141995911299,-0.04137320556543771,-0.04828493375921251,-0.11053129817182587,-0.43005356933699546
411,-1.1890210171773596,-0.16517449945012858,0.08291266314407453,-0.06485578772438283,-0.14266298942574168,0.08383305771070974,0.025998471652543303,0.21236869086310955,-0.2864110899829457
412,-1.1708290905945953,-0.2807011994133502,0.08034382521673686,-0.07898959455198716,-0.07900916100014514,0.3528620621419718,-0.016082222857883206,0.04122506381868164,-0.18704437747553745
413,-1.1900054981545023,-0.05870201832057151,0.09266295133609262,-0.21082377004662456,-0.33351051375937496,-0.031775810451351104,-0.028881039556710734,0.17986113624577824,-0.12589969199915632
414,-1.2476596446552957,-0.29419359305887316,0.07820898793995355,0.2793592914971248,0.38994252642102945,-0.2808002397029368,0.41828213126045705,0.2642864026125808,-0.3012744818891109
415,-0.2038645306936948,0.5107360006791583,-0.6423764809206659,-0.10502725183207674,0.028163103750703845,-0.03848941281809522,-0.06929112353166518,-0.2121075653829761,-0.017875743988727214
416,0.2921042883252358,-0.022273872076141052,0.7190936921711156,0.056418905617899875,0.02191233952846238,-0.05069860883905754,0.1398580463919348,-0.13026335748815263,0.04143163791331761
417,0.9431881842776764,0.9006661501778388,0.3207220583312272,-0.12367782025526543,0.19918538011917297,-0.12150766073055197,-0.02705022377961264,-0.0004081438403329942,-0.2891189436679046
418,0.6696207273951845,1.0431736529451525,-0.02209064487825643,0.05332480625736987,0.0838259586398723,0.05943400554938036,0.29504068561706104,0.09005151987523846,-0.08626373701276052
419,-0.38955027743161563,0.41744093739708227,0.13164708320484106,-0.012130056380267713,0.2162928726536483,0.04839083128178742,-0.252143960709296,0.24926177949718847,-0.14545619028948642
420,-1.1800167254149125,-0.2945412852827633,0.10180256151677548,0.09724242412934532,0.09777860062833503,0.5743799036117402,-0.09328331603847365,0.047433755383240045,-0.039409436347308105
421,-1.2352733512189646,-0.13525086354365118,0.14423377205510787,0.10104076785827497,-0.09422496199218963,-0.020119854093406078,0.14347753961335694,-0.10858711786957671,-0.003615157841624781
422,-1.2891182876898006,0.1521886180049281,0.18687016790875008,-0.0569265133393518,-0.3459873469659559,-0.10199756511008698,-0.04788611772591935,0.21414811911689072,-0.18615364136266807
423,-0.7080733339205437,-0.04740142316434173,0.2566723361895253,-0.15981158969401993,-0.06054319685639422,-0.14354599571669882,-0.14332295082791685,0.07675551315542976,0.21127404216965504
424,-0.7999990433590172,0.26982187628263943,-0.2839133395901476,-0.0843435399949193,0.03553656622164888,-0.05471373610468375,-0.1177645476607251,-0.26407159729042895,0.032302349814434805
425,-0.08735921499259648,0.7979414116255215,-0.1945060303340689,0.014501485915666239,0.15760732908282662,-0.10948865156404593,-0.04478159538898728,-0.02967376413891056,0.16590094967982552
426,0.4058722434519818,1.1929417770358197,0.14901686603142664,0.07876192818590873,0.502369230561294,-0.43368080434355916,-0.1380360895171402,0.20673366932256443,0.01738005394734195
427,-0.013315182647315802,0.6053802729324341,-0.6439822552528709,0.07825825247247842,0.027167338343778713,0.16898353087021567,0.32442483865296434,-0.3073508652462908,0.21150269581541992
428,0.1589981531768018,0.20168974059012285,0.42157057172519713,0.16538494782916424,0.34982197263023596,-0.129370675301776,0.16622303122343687,-0.19631528921992594,-0.03356152282070194
429,-0.15954169929828318,0.36805161968641253,0.7590217807963581,-0.051461825559660154,0.08368906110910758,-0.06853757380460944,0.10407438757237113,-0.03949524977054081,0.022510014417727844
430,0.2505502796106726,0.5197477406985718,1.0285700372484494,-0.15669281258390044,-0.044062769094901144,0.0032721834575746666,0.12466675751706448,-0.06588113194467894,-0.0826117291211317
431,-0.7861489893087731,0.593542450393816,-0.2742133330597919,0.1875751168377339,0.0714522772050866,-0.06907349949275486,-0.28828921132577884,-0.17171211256011823,-0.13907178500298373
432,-1.2248640347073039,-0.2725993072322463,0.1153340634261213,0.21066346785899417,0.3094673403785045,0.6108209823574052,-0.09422144030999181,0.22089748319912716,-0.09937160296432174
433,0.14647790142796194,0.288797269290127,0.9468311005580361,0.08432727093942428,0.3091710590177533,0.7458981064335685,-0.09449310909217096,-0.0012674678531755378,-0.06993194749917069
434,-1.3551984392724947,0.22504650719540892,0.23699673144076105,-0.056475892074534524,-0.23587121829395327,-0.06621175206485505,0.016302309015190485,0.0899394496033652,-0.0233960440706175
435,-1.34503464242824,0.17572132927749595,0.24131694341455112,0.07256185439835669,-0.2112116274130687,-0.06783399330197834,0.04262534259564926,-0.0006965051376386931,-0.013838577777544249
436,-0.9132297787361184,0.03862003882716544,-0.12884330145129735,0.03218330637446068,0.09134586764686682,0.05087897644236564,0.10349041966412818,-0.4280500157937077,0.15934309534173846
437,0.6403194608205158,1.1452756401507531,-0.03039781349263007,0.9183950848765391,-0.16333147120576308,-0.1432982608953323,0.036843351208769,-0.002009970068613223,0.0033914718600965
438,0.1431273790159876,1.0527599546331,-0.6061814494217225,0.2667968283536247,-0.11424940629027108,0.26146834546669007,0.5530049044862372,-0.16797940605869388,0.19349347531249514
439,-1.3211474336541207,0.14800327358572313,0.21105425600776045,-0.039147165994894345,-0.20953530146883562,-0.05718703019129879,0.035518811100193046,0.037870329265114105,0.06947867150178308
440,0.3784414543566339,0.6977601944135449,1.1300513679634299,0.1438226543771448,-0.05283577457432501,-0.15201618417626428,0.01589624271870034,-0.037960746994236655,0.012027530832898157
441,-0.7131534525288913,0.3027000420647999,0.4877746565880974,-0.0535115379664092,0.04436873110114109,-0.16994937671951668,-0.12793447478333284,-0.029852408839413484,0.38082925764026276
442,-1.4686347309851073,0.2516654628216856,0.3397165544042094,0.32569778146728073,0.286027390780173,0.5633593103934155,-0.14753808921199163,0.14704793825924556,0.1514864956289145
443,-1.4902969932017782,0.35094592480963177,0.36110617925466043,0.290403341976753,0.26157421288364796,0.668386225990665,-0.29436104960096465,0.2787239495487741,0.14685197699289398
444,-1.4811458804699327,0.49934563342860017,0.3530088848732505,0.029302509729875883,-0.20960132664975367,-0.12071901252166178,-0.007401445541977971,0.057400652057735244,0.17654273338912288
445,-1.4719795392674568,0.4598149979379626,0.3444794059299584,0.07883543791634734,-0.16761852235300975,-0.12203972776820825,0.02829739709206348,0.029588387707772376,0.19633562951575864
446,-1.4978590535986058,0.5618984300050403,0.3690912195033118,0.05569072902315278,-0.21568118242711984,-0.1576085228282019,-0.02356846833976657,0.08979126960680946,0.23572747574872888
447,-0.9826960222042718,0.5505183131485603,0.5549548960099262,0.12097245321440526,0.12129425714415844,-0.256593409889736,-0.12559896299110135,-0.02696572945955937,0.4807366607548484
448,-1.5104397363949882,0.5559510104771042,0.3809637188367982,0.06348668892536036,-0.18602910339087741,-0.12088972005686946,-0.009157456750827254,0.019349535033003573,0.2858669864596131
449,-0.4051680296412148,-0.6926636064693262,-0.6497546774745253,-0.09638194486218318,0.2849922704976179,-0.10880977197457765,0.10770333436454499,-0.1204515165257507,-0.019710307469821397
450,-0.17362244872368318,-0.43086710305139136,-0.937399663278708,-0.02498208251277954,0.5467128670570502,-0.410478997591063,-0.04853984587628071,0.09533663190281146,-0.1495860870581047
451,-0.416211814713948,-0.4117732747521891,-0.6141456257760617,-0.37661679616149674,-0.15249212742933432,0.006489025948091502,-0.19333753544397936,-0.10344912429924234,-0.01626332316183697
452,-0.09711211232871463,-0.9435209587348712,-0.022324461092644316,0.16762549277012206,0.3490613322465113,-0.3309940937475939,0.09182967583188328,0.22960249377686698,0.1759695464003894
453,-0.19482471265298557,-0.42125435286318563,-0.7231158181760529,-0.24457640656261717,0.08511214513416922,0.2592939708641392,-0.0983583695276605,-0.3838323775952305,0.06062643189005848
454,-0.27653340354163053,-0.30927738481394834,-0.6571657092465277,-0.3404186384434262,-0.11376401084080033,0.1850783753314711,-0.19762926795473676,-0.08464589058836304,0.0171671541377284
455,-0.3349758928444469,-0.30177748251245,-0.6090163441802222,-0.3642447372049704,-0.19123720264509977,0.1573216506026177,-0.21436457072003998,0.005306555731598874,0.002922709783326705
456,0.35583907597297915,-0.23279616300560896,-0.20443471684470743,-0.3768164291503234,0.07765103738585365,-0.19434248516809088,-0.3463456522405897,0.10501198055583216,0.13582732431790792
457,-0.11262726174394014,-0.16228682124489252,-0.7549230854264308,-0.3369306098866658,-0.20437295233596112,0.06703991514092386,-0.06250584251593022,-0.033519867946066116,0.029488737048606033
458,0.08694173832357342,-0.9200894937658614,0.0721241018218217,0.3271775511610775,0.16713240376099153,-0.30667719313431735,0.02809752143334212,0.13454783744266155,0.1715192021778385
459,-0.023931660452352062,-0.3577516540964737,-0.7925543204147221,-0.04508426705166053,0.04682679178928523,0.06474657908870304,0.2062828385193399,-0.13103154943295292,0.0520340573973247
460,0.42746347917320054,-0.10574738680047142,-0.1542726774277561,-0.45848188496355224,-0.04895965992694542,-0.08049491342044111,-0.2792818099635286,0.024316469646964142,-0.06169850841582607
461,0.33188436773439584,-0.47359290108649144,0.31062104768728105,-0.3882130561224922,-0.07505909547691966,-0.06261428611908641,-0.10153508902815546,0.07855594208060959,0.19548518872141643
462,0.6185658688391072,0.1086192225458691,-0.3566113836304824,-0.4425242803285757,-0.022534506485082786,-0.15393475474581858,-0.36242483991909397,0.1914107263752341,0.04077325816777507
463,0.3972161666490385,-0.15413776865025858,-1.0050743567117029,0.5369477020917476,-0.28039129987571093,-0.054021801834103746,-0.030522135750094676,-0.15237088391261694,0.008028820530369855
464,0.25344881189333035,-0.4142595196880329,0.3197665593601591,-0.4391905774421881,-0.2295160104455774,0.00764218686441633,-0.03248839407860404,0.11226985958725376,0.0659750556164834
465,0.5161898801400356,-0.3506173143169182,0.4386777317659847,-0.48144304008391237,-0.11024669126355902,-0.07556268535783063,-0.2044982173184537,0.129241251313438,0.22502336913737178
466,0.8584212130322475,-0.14880833096923282,-0.12461297141447843,0.08034934215257901,-0.07743383667082211,-0.1680590261685868,-0.2986071381244536,-0.08155958445853674,-0.10673000822779356
467,0.987367731129649,0.2910492646353861,-0.31701252453887246,-0.43733825363498663,0.004437868632893504,-0.15818366510704904,-0.29872674426917484,0.26061947268722413,0.08017159108996243
468,0.7633668392045213,-0.03651146372699536,-0.12569749839690186,-0.37717479133064236,0.06982895068090796,-0.04933960464583124,-0.1564460544051296,-0.05873553739297418,-0.07339622516996461
469,0.4352509014861608,-0.6935724696748491,0.4417875843824088,-0.023084915420805322,0.5473765575103552,0.596425389612242,-0.11582237819299693,0.19106611417018396,0.06807773788768721
470,0.4653790263897184,-0.4585606544973775,0.42522429362307407,-0.36945059488200915,-0.09790639952474481,0.030370156676108446,0.015205895248277094,-0.018046153954497834,0.10367625314543591
471,0.6923777121010543,-0.6334875119663335,0.47134516188966563,0.25401425478532863,-0.12975832795414324,-0.17925070173079796,-0.10920568986579525,-0.006891624338754236,0.07344835066508314
472,0.6346657146448178,-0.36708567745919785,0.046155019170305414,-0.20012005596277266,0.21845677863602478,-0.0548164565511746,0.108261575389084,-0.09797672649075358,-0.046571969521064266
473,0.8469108288868741,-0.19706993999720532,0.5870154416524953,-0.4812346331817422,-0.13506332194033369,-0.11206623380429008,-0.1494990814826142,0.17378975595157217,0.1535352220834431
474,0.5849256956952431,-0.5691026389982917,0.5036407215544288,-0.17705916513017916,-0.08656815360420184,0.09060963556394765,0.12278747764210418,-0.20040258190877025,0.04575122291199023
475,0.7325768388414617,-0.2510692779749144,-0.009456520246615611,-0.09979513353978885,-0.008406135162625453,-0.023945870257453563,0.020951039675288947,-0.09961529398611169,-0.06606914847590815
476,0.693438254628894,-0.5734568495505966,0.4895946768595536,0.03169754213456413,-0.039972739628671705,-0.09880379367803753,-0.006438874395685162,-0.02481217100111472,0.09723905161116264
477,0.43309851243779407,-0.6931140842390487,0.439313078272524,-0.02343408834643205,0.3646159352199646,0.7784138335954129,0.01852401491963103,-0.02202208662258698,0.05950201080919189
478,1.3795974406356983,0.05185530511801353,-0.056919998242297445,0.45959349819270506,-0.28301674877912525,-0.2686515220102058,-0.4509618603005565,-0.0458820583839807,-0.2240589607746209
479,1.1922139131623553,-0.15107294218942313,0.24837396102287815,0.060748674859416145,-0.08381832415538054,-0.05088210644297326,-0.13750838757919065,-0.23143611174957132,-0.1520535428139382
480,1.2401720098138695,-0.07643746559345475,-0.07162993093568594,0.580806465915155,-0.2316877620087323,-0.08526691473747254,-0.35675831635668753,0.07552159076600724,-0.10586550456728722
481,0.8776379762129645,-0.26968340506815536,0.7002774405240466,-0.5191243916029123,-0.10742615306479832,0.06331170827919841,-0.07369366682440136,-0.022746636304516166,0.0967892414540343
482,0.5885117529358034,-0.6367286482946698,0.5594632271659353,0.05051571593910727,0.17207636191134157,0.8403908648648464,-0.08661931294985414,-0.10404342690382781,0.012069690550960733
483,1.5726745291063546,0.2043007012143219,-0.16216823851654802,0.5851004500982436,-0.4856912307739785,-0.06328950452352666,-0.0034275417235342482,0.26119200879238696,-0.047833663691749344
484,0.8416847013579246,-0.5628800323181211,0.6259254089834816,0.1329404940495595,-0.238001601384818,0.02986204030905979,0.04114543277211371,-0.21374311709482302,-0.027687141968631705
485,0.7659433648413833,-0.44479922443511377,0.6206899380824878,-0.3244328895961616,-0.051691695095282424,0.1123387349288658,0.19983652040888994,-0.15162321228273837,-0.000707819613198719
486,1.4051498170139896,0.42200946630411507,-0.353344136616467,-0.09720577792414586,-0.16736934133739972,0.06940207984512879,0.21089364683548859,0.26222089833223855,-0.04669797339937436
487,1.3823579445721499,0.3930828150950148,-0.08317294472399071,-0.399242888825079,-0.03625062457021478,0.0063030738396638985,-0.024718723107968812,0.14271830168521113,-0.09666565952038673
488,1.1818270659384387,0.07713438532542255,-0.2522729480283411,0.20420443621690867,-0.2605940304909782,0.10166554488785186,0.31329513635121026,0.24310945560338326,0.06563267938342357
489,1.2538155511840063,-0.20662396672354655,0.24163298625814206,0.44408318649370226,-0.22727257304675413,-0.21339423788461548,-0.2573389309437608,-0.05198170183353954,-0.17466926584594578
490,1.5998101287272353,0.2833384083452092,-0.25791956970174057,0.5139170800952155,-0.4155522684948311,-0.05557887172670985,-0.019301332678325046,0.22533416444260096,-0.09877035393521105
491,0.9395092516704328,-0.5862821790868632,0.6211788096166807,0.40601671459939104,-0.3589628187596772,-0.06114763017426986,-0.15229701548052427,-0.20543740488823842,0.028417915693887994
492,0.7777008906618846,-0.38031079538468926,0.6483950729066047,-0.34212190972200396,-0.14707609908172514,0.086285167850421,0.06639479722108536,-0.1043609761228239,-0.002228535795494376
493,0.7258429393840988,0.385567527625038,-1.0870213037148055,-0.053536770294043814,-0.3570341854888954,0.2584076568609691,0.3137338097019707,0.005282464862864308,0.1835071449714901
494,1.0775678164570233,0.1706372737046329,-0.7351351021168306,0.483225415772909,-0.40033908851336786,0.032419742853388056,0.11210374877626417,0.18659504725275836,0.21288954505422258
495,-1.1483708477417212,-0.19425525024624937,0.057085582640027784,-0.19242061144100578,-0.28008196466985436,0.014943358769877492,0.024825209804085393,0.08218313967053707,-0.11157406724167981
496,-1.0790030917296263,-0.3142395931593187,-0.003976071992163075,-0.2299675228093271,-0.30453206030679547,0.01622493326964659,0.016879604745997492,0.12173143836121553,-0.11912550035241952
497,-0.7047063182534485,-0.024557210994957748,-0.3500422833585854,-0.22563139672086802,-0.10637188390371895,-0.013772072260127485,-0.11858935969261597,-0.1034974727786084,-0.12036580778629435
498,-0.7471304378159872,0.16463264645134235,-0.3264848227132929,-0.21083432565795052,-0.08058461927407273,-0.04814511321772896,-0.16246957423909777,-0.11378881804941694,-0.12323429565472058
499,-0.4827175267425464,0.16562570797939635,-0.5804682959632893,-0.2562933843504691,-0.03709281158011623,-0.13707407243862216,-0.2973044765949282,-0.09073461019104759,-0.1324165500361726
500,-0.6097412908175603,0.15296493243757558,-0.4824337497988951,-0.2070619599743677,-0.020715887259568046,-0.08869687413627239,-0.22753779687347445,-0.13234665581456473,-0.1950042531830256
501,-0.5553795324197044,0.2646640427641162,-0.4029878797390052,-0.15869032551025586,-0.05425562981125861,-0.039762897222973166,-0.08892584695711112,-0.12562118817987522,-0.09575846035798251
502,0.3179373307473168,-0.004158415191931822,0.6398398198275563,-0.14463393963444185,-0.03274538889502398,-0.02264827320832401,0.05606305250015532,-0.05865848549286023,0.0159803226963114
503,0.3710850973267673,0.37695205785245556,0.15205743779386877,-0.08337127263493016,0.2529233941255379,-0.19298748440621138,0.09850499690774092,0.20124542826295527,-0.350087162396528
504,0.7006149888080782,0.6649727996200281,0.4305316044196501,-0.1752364310019397,0.09136195908871891,-0.013476163412722342,0.059446056147251174,-0.02407697760914199,-0.4268448868882729
505,-1.2483160770081319,-0.04250150925799602,0.14222885769535354,-0.09378964397219146,-0.19002670164903168,0.13047150539907315,-0.009934773944093459,0.1396821513812053,-0.23734290555959728
506,-1.1862658390182776,-0.275636407997133,0.06602311733378438,-0.035400141511582814,0.00846650361996091,0.1121156246046203,0.10549950633445712,0.1481713345305351,-0.2538633556199079
507,-1.2053595307638172,-0.16986106194202852,0.1084841869805156,-0.05157856500434529,-0.09886674642713895,0.2930876793241416,-0.039545289266265965,0.10978058742815519,-0.16261513798787633
508,-1.2114833162143646,-0.10689669398679323,0.11040169768742995,-0.13310824396031545,-0.2327823947886537,0.01782942654311656,0.056764229100981035,0.05136702924668467,-0.14294615974725514
509,-1.2604850443465432,-0.22374244237742724,0.11357983699011387,0.14734615596807807,0.22668791353216322,-0.12348252776165781,0.31199704758239255,0.04400428036463512,-0.0867695804105162
510,-1.1141408060143438,-0.38473057512030145,0.04486496223100227,0.007749975517776412,0.08836769693516107,0.8652042810308885,-0.3116080940206436,0.22731935446367615,-0.07010695870325971
511,-1.2771392692446975,-0.19303671361481733,0.12525805314204155,0.11556330199095802,0.2116554299969012,-0.10401676056709518,0.2934875452148242,0.05022027733607473,-0.08965669220754921
512,-0.5720074247150595,0.21760581542118354,-0.44658323383127,-0.1430126165301242,-0.009924052004153009,-0.02972137234868937,-0.11039087067714813,-0.1930430083883347,-0.049352201357949925
513,-0.6134877689307964,0.5814022399477817,-0.35228455012497406,-0.0588675993274363,-0.03955163956499506,-0.07689023424234784,-0.05571070378024677,-0.06645058111566665,-0.10298456108871201
514,0.207936371389008,0.49678740602938815,0.37870239918184206,-0.09834066141717931,0.16922980847452673,-0.15271422431075082,-0.07917332666345787,-0.0025197955228836227,-0.024971592569005746
515,0.2175573017330274,0.8236239778602463,0.10752555823467957,-0.031078301499879307,0.1442548092965085,-0.05198812691173757,0.040543173332319875,-0.06960905878366773,-0.04846805465019743
516,0.4482829472838562,0.7989759619302275,0.25568138719089867,-0.11505226186005346,0.17569407313020927,-0.14398591201612077,-0.11504362518886647,-0.05722711724177283,-0.16979701309462544
517,0.6878328976409123,0.8314641851732769,0.08282980593595239,0.0697281560104981,0.1414494089206147,-0.005841233460289293,0.1507383379206311,-0.09774685031979496,-0.1905668205889256
518,0.8298272943055159,0.563869818012379,0.44120926626465556,-0.15353802331077818,0.2170986218633313,-0.06915763879714275,0.0022925451963616743,-0.18748676263495018,-0.22844344188320176
519,-1.2760006805112138,-0.12160077914188468,0.12392178163649828,0.22810716467592307,0.17092566451215138,-0.21738009031861982,0.3012272668085792,0.207428143482856,-0.2289188029212663
520,-1.3670799396000866,0.2036650534004442,0.24614190507969447,-0.01834858918917652,-0.18839285578444429,-0.04826650628307595,0.061690517587273,0.036792239402042,-0.05631456876221301
521,-0.6741366017759018,0.630189763215576,-0.470956462486104,0.04266494066854214,0.3740038935853576,-0.25292229370758534,-0.20441591978650714,-0.2669598323876418,-0.1047822500423228
522,0.84933138818257,1.0757755591158233,-0.11058313742520376,0.0772845348781382,0.12007298781620704,0.046529644056860386,0.30674801628047893,0.16270821320609585,0.1309124575753439
523,-1.3102192144962028,0.040448346305335794,0.19913544680430223,0.17175536157933893,-0.05150961569261482,0.019180090817212836,0.04219756990013246,0.10120899358374637,-0.08006284258148913
524,-0.8350641679982842,0.2351208861390831,-0.2421901586302025,0.03241740034612903,0.155817664267455,0.0915568698104694,-0.09201178420453424,-0.2808475185834502,0.06152080166179754
525,0.4153208997478909,0.5004012661465961,0.13644671152633028,0.28609546971975935,0.5078035694461573,0.5294669108869763,-0.3663041581866815,0.09438035760498577,-0.08357274117299242
526,0.35521465672221875,0.35670326060857493,1.0019464199529176,0.050707532940036784,0.36521972161683974,0.6485472590578066,-0.20819104867957242,0.055750270882607214,0.05038251810613886
527,-1.332173668548877,0.13792373466518162,0.2663664711999152,0.3997939196139412,-0.2708250698092251,-0.1052698032237724,0.001987830522599183,-0.10552062510958449,0.009737223222778651
528,-1.2316234662574117,-0.13510500401818318,0.20521431179630778,0.5993169060206087,-0.018384245225934417,0.7212453794909613,-0.40257530129093055,0.15668772114296092,-0.12044324145850488
529,-0.5002629384365843,0.2475107259535987,0.5037631707715782,-0.03139364223116298,0.12021665397993048,-0.20908405379626804,-0.12866364260790436,0.004767313364055085,0.34155133392971576
530,-0.024550343966583364,0.6394755258469197,0.1108530049940993,0.04089381072673907,0.2940104702581551,-0.16074550789376557,-0.020367246084841445,-0.170139436311573,0.0008630907286049173
531,0.2050472598860216,1.0230770406771508,0.45505730761612967,-0.06392702659646704,0.18525426409894566,-0.2190603784657772,-0.17092210158329094,-0.03783386843691267,-0.10203056680795652
532,0.687683047100541,1.052264414622521,0.6875625183118926,0.0008142541490337142,0.22875074083486477,-0.19551241729221985,-0.12042150349006837,-0.18801850218312774,-0.09997397533208732
533,0.7708544164765568,0.5860517917306959,0.10163216630730144,0.200440178622886,0.4820377343527564,0.9192497571603017,-0.06480962729312455,0.11143893904035394,0.011170779714190374
534,0.3996782417501256,1.1341794823259461,0.6861329308790829,0.043435319685188385,0.3159755154916116,-0.1162153582619433,-0.1504974674408642,0.03770038394238852,0.042318635950863444
535,-0.7809974690992627,0.44967910761825614,-0.3332162765344377,0.002997005910903199,0.17824803209706114,-0.08396825999062245,-0.15299214970830075,-0.41240678201585257,0.08814368581462007
536,-0.47288348468356345,0.34996103728681066,0.5591688114040323,-0.03991609546335942,0.10233089446825673,-0.1926012852954147,-0.09706989001497685,-0.023918743980390875,0.4022077738390599
537,0.09944411575860873,0.7560492367028214,0.6117949507378752,0.014557918429278822,0.17607611711155055,-0.03765734923424298,0.08256019631825903,-0.2730191760916726,0.03149374073030484
538,0.16505139303179467,0.40242520961855793,0.9952877429350155,0.031851012360090594,0.21225870446977183,0.4532772936012227,0.009340856985797244,-0.10275889145024625,0.03439358330898356
539,-0.5847072331048991,0.7698570065304071,-0.35298482606605946,0.1003130589494683,0.1708284406745112,-0.07892176386278041,-0.02014316663927083,-0.3629426692974126,0.1679219141684209
540,0.29008679655022984,0.48698266336585094,0.959475615675626,-0.014732427970680244,0.20169778017641204,-0.1298609434567331,0.04058800558468809,-0.13060540510094318,0.3022823277552541
541,-1.4514520853725015,0.35171111974600555,0.32672009378624833,0.08678895749010025,-0.11323428110460296,-0.06747448644470813,0.08504779906620834,-0.07072808264467713,0.17972409820676546
542,-1.3018205571169632,0.0767051291028545,0.20316845458098728,-0.03755183116801746,-0.16776298011999177,-0.0017117780019176255,0.05226340571463775,-0.10936494535090913,0.24717942872415258
543,-1.3268284394788392,0.1728113795796666,0.22214556456403528,-0.055358262871321104,-0.2148339271168134,-0.04115315775315928,0.008544704724358199,-0.021977175395091798,0.22665165353806235
544,-1.373584430706869,0.14134792916969066,0.3101878157676259,0.7444749763677091,-0.10178327899468183,-0.2156690821112348,0.062056034287256104,-0.15590207742811255,0.14034011866652793
545,0.5280097084543428,1.411451472313096,0.43812351926698057,0.10338983096252048,0.22242931709430275,-0.11587710407088411,0.08403550710072938,-0.0016318714267250273,0.1820103000335012
546,-1.4345293375849428,0.34590783915887946,0.32088932400878173,0.0752862784771223,-0.10152166478354915,0.06769132919402278,-0.02511928733906826,-0.03385362347920166,0.2631134496878309
547,-1.4486383317871827,0.35092475909909204,0.32976693005234325,0.11918782951726527,-0.09378187739288085,-0.07344843250620403,0.09032723261640034,-0.1147847438912137,0.27004677512444536
548,0.4120842969439107,1.3351317019129636,0.26917326175376366,0.5292801160933444,0.18953933555610902,-0.3583422449851182,-0.21279973072527578,0.011706147872855906,0.2869623660973532
549,-0.338317023977017,0.9877514060572035,0.02245341167933711,0.17361638398651555,0.17167459417745323,-0.07153737717560973,0.06452561476572316,-0.20884901062856237,0.48393954315289295
550,-0.24339733587777884,-0.5647609294650068,0.007041784411517091,-0.4559661469999119,-0.17901465034462322,-0.11114482613548488,-0.27288071993885726,0.1989318938380883,0.2662350058103267
551,-0.39045328183971634,-0.7922579304370551,-0.6954964737302056,0.03860410106638572,0.5513811224073255,-0.2111135815567119,0.23247425005630257,-0.06666629853723932,-0.05537221478776565
552,-0.1639851784509502,-0.36597756732305026,-0.949368537247489,-0.12533347134179684,0.5261351622847982,-0.3460699534597684,-0.12682749774039173,-0.011352561312115797,-0.13388604937324683
553,-0.4302128323295967,-0.3716479184621158,-0.5976456923365492,-0.4158659864511554,-0.20534403209647775,-0.0021092068914146463,-0.22885217905987015,-0.055662738890178066,-0.023302401969732465
554,-0.09668433789120794,-0.08833066618107942,-0.9272763514439497,-0.3906116142127345,-0.037686221500718715,-0.0731877636873212,-0.3602999407193021,-0.1722175545842,-0.04912872835433957
555,-0.233046684413999,-0.1408767059769896,-0.756210720775622,-0.41523451208023515,-0.21222226811700573,-0.0857916883569248,-0.2999307840706193,0.0428722618637656,-0.04775228959778374
556,-0.18749993164462037,-0.3536932595046975,-0.7066013813465393,-0.1968687838096687,-0.13940080879177755,0.062059941776959844,-0.04469186284361991,-0.18846307907686083,0.02142006515860147
557,-0.1539906329637654,-0.5326464881209465,-0.7689243595888311,0.083649201286149,0.18884230623659815,-0.10651617687919442,0.1277907035580382,-0.08334506405172108,-0.012041122436928965
558,0.3463080495985891,-0.07524266150525881,-0.4489762789974002,-0.41588703648779235,0.06045015471299294,-0.20406198568496783,-0.41775834750041646,0.1286160431270826,0.11048242566730104
559,-0.06680206564418058,-0.6684385039740005,0.09869128070899282,-0.31772434853801834,0.05788872801346421,0.09381738112916255,-0.1723332111531648,0.05851319411862333,0.27402270496827996
560,0.08654226627224954,-0.3867915664326252,-0.9225260841842137,0.35370052760017767,0.11941383951750317,-0.20613140529865326,0.0019582289220151034,-0.06397417021125781,-0.05830720333494483
561,0.170234527580536,0.020911819295311804,-0.9660885315488115,-0.2861077956551434,-0.07593496246471482,0.04701305664187218,-0.07663689061730425,-0.15872884230369924,0.03916809548924127
562,0.24375820120268235,-0.9247347684191997,0.16058776660052732,0.09380055579082139,0.6979929360928426,-0.38668379309455514,0.3147666819039208,0.2636696721729882,0.15948016250074973
563,0.18657872693763772,-0.8255511970051873,0.17716326601723356,0.24075089080859574,0.01466423560461962,-0.21327663329160257,7.828394621563702e-05,0.05617492014580329,0.10704725965881375
564,0.37753391723597585,-0.3464168794904654,0.3641512490745565,-0.5036991930257112,-0.14281077373304585,-0.1501740801751229,-0.30064760203770574,0.24239591456893825,0.22887306272491006
565,0.34823927106473207,-0.5651298951295468,0.34408877241945734,-0.23724802449271162,0.17538747336172733,0.3544882347111907,-0.25758712520487215,0.11724298771425275,0.2563561774689694
566,0.29356199774441505,-0.9368464527732285,0.24099622497402534,0.8301667446552161,0.12117238236071899,0.4252120145349195,-0.39111881849808766,0.17504829513908496,0.06430385094088326
567,0.5924644343533833,-0.3352370774687431,-0.4518323347526914,0.013031816334807999,0.5471215257098188,-0.23393579013662216,0.1565652038534255,0.11172884641247932,0.09208225861836758
568,0.4255113415940916,-0.820995613170255,0.3379829534160616,0.14664385264188345,0.1835435814653303,-0.09164744905523915,0.25352237101043007,-0.1136763729662385,0.054732027646968585
569,0.654498165368211,-0.7294539283460825,0.42456519212833355,-0.016283602665920317,0.4946288440291505,-0.14268276674104569,0.3962785086800765,0.016407982678220093,0.08263969532125023
570,1.267345528266974,0.3622914329379407,-0.3218712737552427,-0.26512330817150875,-0.07727232031023375,0.0690372598757341,0.1846371813192505,0.3033529273926707,0.07330952041490923
571,1.2269545612689428,0.16835176947598054,-0.2793185361479517,0.004957422877232012,-0.10786128834508471,0.08094479425516121,0.12698075484825982,0.009984004308167432,-0.04886442985774808
572,1.0629589080981203,0.19234881587388952,-0.1217944714430652,-0.3827370468340365,-0.007931671360108604,0.020910623101220462,-0.060825912839312525,0.03757939975492224,-0.1688538117271656
573,1.100568578161674,-0.23074480508860684,0.30677038108700816,0.036195748707973555,-0.060464835367110246,-0.07236874455168087,-0.054013218186868536,-0.14898881029993824,-0.13556776950648491
574,0.8593853655674618,-0.5752271313533013,0.6187922000180701,0.24802075003924856,-0.29412345753848695,-0.024116495667557837,0.009418423217089801,-0.16704730417469793,-0.04548469515635739
575,0.7019766450115444,-0.5298903721146381,0.604581945842605,-0.2897508799219571,-0.01960200295200304,0.1751420589237177,0.27772663113720536,-0.26841668664940777,-0.014470330487626882
576,0.8682540550696962,-0.5104489925481239,0.630007964889343,0.0930910900195156,-0.06906635027096505,0.26209784984892476,-0.15647237421169874,-0.07942351754347811,0.06700079149828378
577,0.7219602424068872,0.08962394565606864,-1.097451935996788,0.7136815443014033,-0.6175450939482284,0.15428152687596858,0.14819373917304235,-0.10393698591683592,0.08759259984948153
578,1.4578248373198637,0.04647663458230082,-0.19649184805762962,0.6255298193100599,-0.37323277335885097,0.001654890576748945,0.04250029007279973,-0.017055578659232185,-0.06860200674510633
579,1.0986259065005197,0.045803952823143715,-0.008725965634023348,-0.28759479152869005,0.08008870234552545,0.035416751968446916,0.0731645820798926,-0.1593821533855866,-0.22542836521527088
580,1.2589464041574168,-0.13544148135849776,0.14060964820989108,0.2864765220106465,-0.13535696585155654,-0.13017999394276988,-0.25846657570374565,-0.266247841585779,-0.2351180258376478
581,1.0786385708038264,0.06903506474000065,0.17902189848203856,-0.4275673965643367,0.01607588349743087,-0.02771526389480138,-0.12337442503030517,-0.05451114838396116,-0.20240228686149977
582,1.0031943536742003,-0.18928643379178117,0.6775388941177943,-0.4244089662186949,-0.005486525774840917,-0.13619314683496514,-0.00041448911454867635,0.23272290381086774,0.0607669881841067
583,1.1067158964091153,0.22267971753600022,-0.17852426363947588,-0.32413692724087034,-0.07372365919252828,0.14145836041636925,0.15503299876736776,-0.009905616436738955,-0.20154391749749948
584,1.6062743220824847,0.2763683614345062,-0.2657241693121339,0.5850675786369216,-0.45764227736521135,-0.07946317939740122,-0.04252512950598066,0.2383938894912222,-0.11134957358476846
585,-1.0822094778804736,-0.3502419863437083,0.0016582032178939238,-0.214466272511602,-0.2654076213738483,0.05654109079234577,0.048071234954152775,0.03245524195696002,-0.11009337347931435
586,-0.9752139398816247,-0.7649303837226668,-0.08332665763963004,0.5465347995317116,0.08897465572522091,-0.22379169139474264,0.25408931453031214,0.08336168128158297,-0.1651256200220138
587,-1.2181485700765167,-0.08373974436955099,0.11564822158886665,-0.09941672520693189,-0.23216213164463062,-0.018936244771001125,0.06913584314238626,0.09360107280508186,-0.22866846747815855
588,-1.0848000575101169,-0.2780982134459059,0.008983604726442997,-0.2759396650716677,-0.3365987610730817,0.02119892887469115,-0.02246532152331401,0.0893002553650919,-0.010951753646989719
589,-1.1473891399687342,-0.22286099685817828,0.051774973497427546,-0.09236534346555524,-0.2236269734403914,-0.040281712890982174,0.09589402384218572,0.14702019998549878,-0.24096604857373632
590,0.7785448014440697,0.9982921881038143,0.10304934589500823,-0.13384518059433267,0.1141909722160362,-0.175184318552932,-0.06702059110000581,0.266692437211943,-0.2757240628315519
591,0.4013922151611977,0.055459143992905496,0.8039188121547,-0.2264583912920991,-0.04392922951895007,0.10726957472528785,0.1863390549690661,-0.17803950878567476,-0.0347684884597696
592,0.9476048251358766,0.7972134156010372,0.27964494964781816,-0.25844784469386234,0.09509371326216158,-0.14569954084977432,-0.1465078665587629,0.0996516629405837,-0.30726831020064704
593,0.6353060646679305,0.6021586236013996,1.0298615614282904,-0.21728225356491063,-0.0018934836918024374,-0.15647108988492825,-0.014298069249125613,0.13999520174821187,-0.14359692075649452
594,-0.7328273643286649,0.0684168686455845,-0.3514840700214989,0.11133755626189548,0.40674341794692664,0.458763529065503,-0.22459398780845521,0.03038146618065951,-0.25174066725720484
595,-1.2739856683367994,0.03755812348970329,0.16444302204156486,-0.0643297758911367,-0.22102561149795552,-0.047136318157817596,0.05958917188914989,0.09144657181679626,-0.13335755655283327
596,-1.2689183630607084,0.038036190956172646,0.16915317333962387,-0.009426218125194712,-0.2676994275066626,-0.052434227726724965,0.027056100565282522,0.09850507804586121,-0.20130354382064364
597,-0.226342348213054,0.7029764978900278,-0.5856391561626147,-0.07353616211563209,0.07631573508111295,-0.03606260863410427,-0.049293114138840154,-0.22692520448002163,-0.10808265857953424
598,0.8982203604472294,0.6775231384517191,0.3375455653941596,-0.14601057756868033,0.1682208037044053,-0.021076671414554615,0.05787009248775408,-0.1042805272953374,-0.18988676195188295
599,-1.166118226398855,-0.48858664593993184,0.06534179070979189,0.5280514746889606,0.4323979288812764,0.3748373696533475,0.0619745791861206,0.16167445069884848,-0.13755344111576384
600,-1.348086043919348,0.12234311823718338,0.23149913696536803,-0.002446258817068835,-0.1432709525434536,-0.010634122384656587,0.10058935552583376,-0.04744475287665447,-0.016416724389495454
601,-0.9756654321014134,0.6621527323600812,-0.1385934071728949,0.010103932436183004,0.027755570962206294,-0.16754173052348387,-0.14507469183572697,-0.13167025932186133,-0.053088740008993905
602,0.540108800428983,0.9428937009962387,-0.21352864244567532,0.03212392075438675,0.14533141449371367,0.014957898027659223,0.1685913315059917,-0.004719637095635051,0.06600631348222785
603,0.4692090547444134,0.5891525169803803,0.4417055552732727,-0.1749407087078051,0.03197522631047629,-0.021108566133772575,0.0296764286867896,-0.11204962496236391,-0.18113425149822143
604,-1.246858156722315,-0.286378959488937,0.12160545414455862,0.1504208549429891,0.27914789198529244,0.25460500043654444,0.16005398581679386,-0.03138249053424202,0.026180671284989174
605,-1.3669997631978874,0.24133221186086945,0.2509147119598007,-0.0021656618425196315,-0.20283037808212648,-0.08368642341454292,0.04128006785117519,0.04652004386197308,0.017888495241306382
606,-0.7767946013525202,0.4949133911380143,-0.3077138031072607,-0.01793055770297925,0.12688269519035061,-0.10416276788377044,-0.14987191059991858,-0.29493672940079546,-0.03977092033548638
607,0.47539246089315057,1.2117421358363092,0.522933960596957,0.1238380532801632,0.4973677062284133,0.15396064855250674,-0.2671642916789218,0.06899039588646376,-0.009595290412452067
608,0.028864528851092006,0.9930233423609429,-0.00463000192948529,0.15543286525406538,0.2593230028239374,-0.13705668861570638,0.029490269052912438,-0.11494703738178655,0.21501057111854882
609,0.6853720202954496,1.3424561995729496,0.5750802636540385,0.07358138296999246,0.2927747032303948,-0.2293463645248756,-0.14802246880419095,-0.21652503526557026,-0.06015232752467125
610,-0.9027727331160826,0.6925552116250817,-0.2211324660230948,0.05816847054162404,0.15536070887311176,-0.032739885740506486,-0.25041430454212465,-0.16844089453695735,0.012691630484836144
611,-1.0254609587472279,0.6809814234133748,-0.08165694109736349,0.21141272381807166,0.2864412497298942,0.10237722382941361,-0.17753505067419126,-0.1919018942251922,0.1483017466515456
612,-1.4885100610791049,0.4406668106693494,0.3543559681303329,0.10535438695139124,-0.06053763419502025,0.02232909648070576,-0.01625424493620983,0.054159030062336445,0.19940738849055306
613,-1.4476153467036563,0.3398772509349191,0.3283043116308348,0.11479836556781493,-0.09122782534599941,-0.05681120160354682,0.0930841315204911,-0.129991580732822,0.24304330414745012
614,-0.377606909925617,-0.3906232683408608,-0.660442896374204,-0.3675287703810234,-0.11106889763943395,-0.0018919294994598382,-0.21355301244159208,-0.15176102551814116,-0.02098229260478964
615,-0.20628619786729935,-0.1490799413222447,-0.8813571409041918,-0.410071795249531,-0.0459618338775873,-0.12073447871805919,-0.4249059552031662,-0.13808277074653114,-0.07771352517182946
616,-0.46220428455370394,-0.5248135140445379,-0.551156018990468,-0.3411675927810425,-0.12914122806604075,0.0747439758571537,-0.09893057440138706,-0.1934720782325126,0.009694999545805737
617,-0.1722672204943442,-0.675041760481053,-0.7656601495230358,0.3957526353626625,0.24314907092246552,-0.27559556071676883,0.046391298505315356,-0.031911487039547284,-0.0775842205582715
618,-0.15785522159622334,-0.3386864966455664,-0.8675699752645745,-0.17403403981528767,0.2216014254056538,-0.1641048420651116,-0.0906050676197339,-0.09381663271725252,-0.06219517169086879
619,-0.005116731407919532,-0.3728350363195738,-0.8621642065389336,-0.055618396071867124,0.2857193014445104,-0.050648137386048064,0.1989095756199925,-0.1380052472956155,0.019002120579440986
620,0.19733627792746297,-0.5037642096352863,-0.2570043966809104,-0.1130950818510679,0.23535643432258357,-0.1912230020539688,-0.06481691880433245,0.036863833701558754,0.06720343447826285
621,0.2846896373578492,-0.1422326305172865,-0.321231515464711,-0.44093220377753206,0.0037710282767995417,-0.14700165730311332,-0.370380304166056,0.07430199175086531,0.049623922558592784
622,-0.06640219168052652,-0.18312399227186604,-0.7413110334315524,-0.30829948783936023,-0.2056434166450242,0.1634569696812451,0.05708959484951071,-0.10541876733399756,0.07112343042457264
623,0.3003909306208366,-0.7986923765023548,0.20124737199022485,0.23199612567141892,0.1799953126433593,-0.31237523235241305,-0.0222654144486905,0.1699030481819463,0.152017248403756
624,0.22220119897490864,-0.8271774737413887,0.23022708605894984,-0.093787495344902,0.39887335502019905,-0.10729705432788056,0.2698961629636427,-0.012854962625145336,0.1321966897751747
625,0.14629032967860803,-0.664218552878962,0.19158032688101856,-0.2710861138200913,-0.0011488908259014614,0.017545401299030938,0.06224868993985432,-0.0895259959436143,0.23610779174516777
626,0.3555791828687825,-0.7636596750858324,0.26659924042457983,0.06509303471237902,0.21315629241558015,-0.17298042525664536,0.12475086287405113,0.06108096175861618,0.1420107356164569
627,1.0622574893735084,0.020630145290019542,-0.3716657545380909,0.28082843431453475,-0.09271054259268714,-0.16130365028896487,-0.01944259858487032,0.2267414512766747,0.007852759541971501
628,0.47049555298825857,-0.44850848709899455,0.4731156670691752,-0.4444508014686091,-0.12034995111595448,0.10157884476117528,0.017825777727702486,-0.08588025145602188,0.09415658773531
629,0.5394013574892184,0.24432882778850212,-0.7669683671517685,-0.2971151222706441,-0.29129323571290744,0.17817409085723518,0.16558528483815624,0.2153072276833664,0.17633083358493357
630,1.3565475396591486,0.06510569399035442,-0.2480233037187892,0.5822193167487648,-0.01848768481973967,0.21523981188350677,-0.3202564938937161,0.23694084050199687,-0.06377719152804959
631,1.0912200383574988,-0.1188583493519427,-0.2065853924224143,0.5240925469973023,-0.1779455609759759,-0.00209218605029083,-0.22213434128341566,0.031106897988573474,-0.06501552534155142
632,0.8423107728638476,-0.04886289600268448,0.12168288892134259,-0.41024764343813497,-0.04731422545791338,0.07900612160715277,-0.018095725453615073,-0.10466479654368906,-0.17885564303165682
633,1.28573584062429,0.10634693896994835,-0.2283877651965718,0.18608067412132667,-0.13619472070874217,-0.021952295597558485,0.020525418884803897,0.020079683787603657,-0.06207503261630065
634,0.6948116805210057,-0.7606117440284211,0.48689578759952895,0.08099722737305609,0.46318890027029724,-0.11933028968442813,0.4857038926200724,-0.015072221052158542,-0.03969852966108756
635,1.0291002842027552,0.21815068115526515,-0.3061918107366033,-0.3195529232342818,-0.037580383426307616,0.0811039863520536,0.06260177335747913,0.063702749239798,-0.013611940581414017
636,1.287996615521507,-0.048133270313862594,0.035298155001645445,0.3326571212600724,-0.23275482955159368,-0.09397355180775255,-0.10867592028856168,-0.09758144581183222,-0.20517326655859636
637,1.2550170002454972,-0.19790863690323815,0.24884555398333033,0.36247265633112036,-0.21165030191655895,-0.17288464609462534,-0.2507449135054979,-0.16498642265094013,-0.1806744404260564
638,0.8376969212837018,-0.3196657985882988,0.6632010469888127,-0.43693835569831657,-0.1125207469926498,0.09331648254692358,0.06782486868387115,-0.08820828376947834,0.03919031234326868
639,0.9874785122492261,-0.03420414525561315,0.08577232684401531,-0.33618664805954923,0.01521306386587585,0.10966664227525487,0.09797944451761352,-0.14754840884030168,-0.13015819578997204
640,0.5916252912289265,-0.6799630788238774,0.54504874013706,0.14893810977394795,0.06541864926358595,0.7070098921302599,-0.00802180111623397,-0.18740086611694007,-0.020426840225277715
641,0.801852973404619,-0.4915916450372713,0.607312394539301,-0.1783874875509414,-0.06767367713177148,0.06794844949036519,0.10671716247385526,-0.18119388850623427,0.06060223114349495
642,1.1406323313260613,0.0030243459073776573,0.2709443448050675,-0.40367803558259546,0.036856037873839426,0.0234273401600959,-0.028656763620989945,-0.06035243240232058,-0.07024764509425083
643,0.865095998069682,-0.6025018925942847,0.6022343602714041,0.3282930377464313,-0.3294400628284533,0.004256214456943591,0.05117313083895481,-0.22872250561259588,-0.05676073342674857
644,0.7457861779479995,-0.3334446867679669,0.6552542114886294,-0.46771374906168295,-0.15646038491254213,0.12124304922526086,0.05889754420938606,-0.08707802722023565,0.008266935625270576
645,0.7354177326103288,-0.5182113645388565,0.6175598933386204,-0.29757225172327834,-0.004436263765654109,0.15984457858433496,0.24879086348230423,-0.2554832514651627,0.0064007013205851756
646,0.6207984522608989,-0.6855126473439687,0.5543939193069479,0.34177043815277164,0.10560621238417398,0.8949151105589547,-0.2511081297300889,-0.04360885548836742,-0.006085339323179205
647,0.6135843453407348,-0.08333023031245129,-0.9841640449553418,0.7713632028267344,-0.6246024962165161,0.2006914575803934,0.2924334964596728,-0.10455651169544745,0.11907720360669767
648,0.7221033873148135,-0.759662532871579,0.5438422453879792,-0.0025442623414883236,0.4692692251273918,-0.03272415017150314,0.5506553301675683,-0.11264132368569187,-0.062111198446566186
649,1.115576535240558,0.14689295548601894,0.002169155098700726,-0.3664153199408323,0.04259922760201349,-0.05205539229926305,-0.24045522317713974,-0.1738437038992949,-0.28917005182876315
650,-1.0883258956334363,-0.3987134346203665,0.013715527007343338,-0.16182541051240518,-0.18780770305348762,0.09429798700145257,0.10644787220656386,-0.11878519224298137,-0.006585461871933466
651,-1.1194678761152026,-0.2416399840769798,0.030753068603420055,-0.22428087604601357,-0.30436544654967657,0.019802357596646968,0.013478004300543042,0.1210104123948191,-0.16887356951462335
652,-1.0690763273737143,-0.38219360038212674,-0.010342272738849868,-0.21679971436368256,-0.2591067871087275,0.06735054989399573,0.05309228055444064,0.016229501406399057,-0.09068658514931387
653,-1.1851393905799714,-0.15486293498266585,0.0837438082874108,-0.14119378660953727,-0.24737180934828829,0.0072202900207237845,0.06327934672486354,0.11287702278981561,-0.2666005650543294
654,-1.1547016424618028,-0.237552261922059,0.0593502029438976,-0.12378681935195035,-0.2160181689092123,0.01932563289309322,0.09384953930692357,0.06666772065982027,-0.2234932736973523
655,-0.6113595929757426,0.17388384090176312,-0.4838012815921401,-0.17566597241207468,-0.005519757990782986,-0.11771557503024725,-0.2185027599186202,-0.10945572366998949,-0.21879381363655437
656,0.37265183135025165,0.6524942852376846,0.180774983384778,-0.24946469041940103,0.17014750693347647,-0.3184190436168645,-0.3861259900919984,0.20230234668096936,-0.22332358225072466
657,0.21202807457078846,0.4390335481973915,-0.80806620881596,0.825586826088221,-0.33748585529764635,-0.16735144440021182,-0.15534600667236623,-0.1349448097299052,-0.17325863417843573
658,0.6148806388280738,0.6280326974637693,-0.47402331438465944,-0.020397150496831308,-0.11941366016567076,0.1538605756671381,0.38168693883294647,0.2511097075292443,0.10600047861603411
659,0.6016431359398945,-0.050839207779154794,0.8322545295617855,0.09660700660770359,-0.038065291465516786,-0.07136760661484398,0.15552916936908717,-0.08904071705668921,-0.1351313833485888
660,-1.1472065562265439,-0.27138039456297686,0.07182821601187152,0.05664070902054222,-0.145763021584222,0.11139530324808626,0.04867703450538474,0.0414693483857405,-0.14807908267507744
661,-1.3112267565907392,0.09977054846910073,0.19798045552027255,-0.06457329317620289,-0.21239771619658987,-0.0318638734436539,0.05464472635212706,0.04840758213266467,-0.087056100152381
662,-1.1698794169994204,-0.18163317542991983,0.07813387319632105,-0.15785690981977143,-0.2413657124867986,0.02998356610123728,0.0507222031069813,0.024205622864865883,-0.08421202902072254
663,-1.3328685072395852,0.16161790902637463,0.2149103400669979,-0.0863882703929757,-0.24425148065830324,-0.04554224358127679,0.028887423184861646,0.10807337161740826,-0.1511002181397603
664,-1.1500447147420367,-0.22222750134191904,0.06094523219777078,-0.16006354793639185,-0.23736267780748166,0.03664458725631529,0.054754130103900074,0.01059879123417651,-0.05929364282899614
665,-1.1759489006587591,-0.19298083230530347,0.08230336534550288,-0.12276092006539126,-0.20906793548256292,0.03537658125577853,0.07935781107953695,-0.0040082112296293245,-0.0979866141211576
666,-1.084935915711313,-0.36300228332465695,0.008006448086791518,-0.18478231989252106,-0.2258345130847811,0.07294780334863255,0.06566592613024025,-0.0595992277005469,0.03813330772891888
667,-0.8139275316664933,0.18111507939980842,-0.24864592101902117,0.004379447768400183,-0.0450425042861827,-0.06520843984912095,-0.09270380004696196,-0.170474741946126,-0.18199762329524002
668,-0.7688125941975423,0.27526398115150047,-0.32253102436046205,-0.1464501579302306,-0.027841529558417392,-0.07826561125889002,-0.16552868095230477,-0.1211466505340288,-0.1640855093293644
669,-0.6597451517828108,0.43137486470795683,-0.35906423753893074,-0.006464112304141925,0.11162631344295719,-0.05510916347180191,-0.04490769552768128,-0.2826616126491184,-0.05080242913196195
670,0.2327197170712658,0.2875766954784853,0.2495762098130123,0.039509552195235616,0.1555440495440517,-0.24824318190695102,-0.26340472813789456,-0.01168483290985629,0.030514329737876485
671,0.08278515614778267,0.8883821994777088,-0.6475623266532077,0.04986459487650012,-0.23015798087203138,0.292381068050761,0.4928286109053465,0.011697966917326458,0.10151411114265135
672,-0.6125822206189822,0.5393104616263806,-0.5429682003621099,-0.06865783910471501,0.22322695064275344,-0.07938876433426141,-0.3765972729178727,-0.11121789098843013,-0.27107759024466865
673,-1.2377145220650523,-0.03024107836138094,0.1412336313656914,-0.13349986299302333,-0.24727895168969996,-0.003003482303941605,0.0317024380475119,0.03637970987756566,-0.05815711231384958
674,-1.257502627691993,-0.045581026903385544,0.15716204710490772,-0.03908939135062825,-0.15578931858142664,0.011939016761026303,0.09879426752469807,-0.08058681098500566,0.03835939064597443
675,-0.7117061289236377,0.6263803138447415,-0.3561440072387053,-0.11907478571371918,0.02954700582724873,-0.1755808718190476,-0.27670465892583124,-0.1632953188573662,-0.04730425828225736
676,-0.8648515927794294,0.39169755540039347,-0.2123536580810355,0.2230271874297583,0.49929843719419814,0.3617459913343149,-0.20344538421965125,0.04866335651671846,-0.09251523872535547
677,1.062769519073324,0.9052587117311173,0.24785842855941279,0.7846804550725764,-0.17571996244078125,-0.1468875720036363,0.11487901315465404,0.1110870941845911,-0.2099962117813816
678,0.9961582560389777,1.0413764477464704,0.15158230272711443,-0.018362455149761963,0.15551344614136098,0.010245194998977221,0.22124933689932316,0.014307675313220311,-0.07366177009362004
679,-1.2192963276049487,-0.09186765910807435,0.13490256539248116,0.007318073578250758,-0.21218877197217131,-0.0020400105583210757,0.05663005523789145,-0.06331466609847015,0.03120769357433666
680,-0.16941752811502442,0.790280648671509,-0.10442957559493567,-0.05408733290738545,0.322712042562902,-0.37261520385699176,-0.4257285694056117,-0.017765984556056793,0.07175704531237635
681,0.018494991603098445,0.8027516655362715,-0.01782192501506813,0.09127038047761359,0.4380458773303748,-0.26128389112240635,-0.11389569464599511,-0.10807008272455576,0.1494426007615488
682,-0.9707278887255119,0.5944438301169266,-0.11084782965093264,0.14382934193924474,0.23141393686057302,0.42865296999496233,-0.339694693501947,0.004344378060398774,-0.026946148729223587
683,-1.3378491448359324,0.09900253238686252,0.22655240443483735,0.21686975916802853,-0.0825052840552315,-0.12812992311383037,0.11286866033915928,0.022901379718319452,-0.01665203996883755
684,0.1292260359152895,0.5604804821982952,0.9632328965306793,-0.08193217602511042,0.03132148272847922,-0.10435989639806983,0.0477883648158139,-0.017924017150542877,0.08605511793178099
685,0.39274369271470566,0.9610260432743433,0.34661634530773866,0.03637396396279622,0.1801495583928662,0.018028587486561807,0.15356836922665992,-0.27428724661960646,0.06330993273517346
686,-1.4273479395500237,0.2714624321433505,0.3140319973769298,0.2249158355205261,-0.03629519651887621,0.03091088214235184,0.037797395920600184,-0.03588974023791524,0.09690901311996139
687,-1.266105851490978,-0.011247877432130203,0.17056692214769714,-0.04983062455768177,-0.15938233156447404,0.020909523434599772,0.06934554489961457,-0.12800169237035444,0.22104345198084416
688,-1.4619924138476046,0.4599121588525594,0.33342355261388607,0.0060926567974257,-0.22353720832143428,-0.11867674947064331,-0.005098631043288352,0.08564153546409377,0.10512504785703533
689,-1.3823669384966404,0.3275367986173566,0.27180541092730187,0.040600746976439145,-0.28694244805220065,-0.12914580379321913,-0.03430054559019681,0.13993172004931898,-0.004764550146781395
690,-1.388592152765023,0.27279866505338607,0.33512146540284526,0.525785519692878,-0.29672007132516615,-0.1445783077718439,-0.04186332728774502,-0.15154127728934896,0.11992601617443634
691,-1.3577116430825917,0.16511078803162849,0.2497872874756365,0.024663299455278124,-0.1284504459210483,-0.014731968336276222,0.07910392762230357,-0.13081078186730977,0.231862677878839
692,0.08089492575812839,1.0887300308815409,0.5522654007948206,0.007613146310068728,0.20667711204870942,-0.21129002922658227,-0.13979409100742393,-0.10394373095708313,0.0594118065986286
693,-1.45089833307567,0.46187861158146465,0.3280396554405973,0.01011709002051798,-0.22957342936748767,-0.129658576507534,-0.022535508083884048,0.0741136513022068,0.2107381070971519
694,-0.8285738988739888,0.8892253393671994,-0.2124139346382999,0.06721247685731703,0.10439569153326879,-0.14556181424239217,-0.1447813714588153,-0.272006319027397,0.19652477409838864
695,-0.13561202466464564,1.2118761697407952,-0.011599502025853466,0.11494970775318672,0.22550295093267486,-0.2123765886007776,-0.11038131662753396,-0.03431610145961649,0.33483779241063016
696,-0.33960942923139853,-0.6034611158908008,-0.6941632279124015,0.056680113763811074,0.5335306634929096,0.5637844428084854,-0.2385753807919171,0.0808257523256675,-0.035346170319474624
697,-0.10602545119751595,-0.4700089284077899,-0.8971656322781161,0.0015831036228591512,0.5130798640879222,-0.25402764339013123,0.10572912954359216,-0.020277737743050674,-0.07426020248790588
698,-0.30440955302836836,-0.3835934270560702,-0.6609337508315418,-0.31917136651073486,-0.119576440425822,0.0418334149328815,-0.0949185558323559,-0.13451252795149587,0.01366203134839425
699,-0.15287348394906433,-0.23838646808187272,-0.7247952899668367,-0.3760518748693918,-0.10248950504269853,0.03391246936134761,-0.1607564892857785,-0.20444756907999256,0.03958858769538282
700,0.1297185300806253,-0.5892045602291379,-0.02600613743405097,-0.2409298275297338,0.057267782305240676,-0.11619472122938367,-0.05402268734099845,0.12277672073613867,0.35128998159411584
701,0.1816155193558502,-0.10839806433316732,-0.43225851636690227,-0.4204086984647169,-0.09755928597897656,-0.10303395018694372,-0.28237665600702094,0.09454651355470169,-0.014834583618331409
702,-0.03665972331816028,-0.10300768044067855,-0.7982315786587401,-0.35009245926575,-0.17499994826395823,0.06418667958953068,-0.09147865083221887,-0.09739000995056644,0.037337335177514114
703,-0.07421835344160262,-0.5679039498715556,0.13233010069592596,-0.2590762540912128,-0.3115827974157982,-0.06693159497054536,-0.12838494759487376,0.10693329254909212,0.0908563046913489
704,0.14132024187636563,-0.7007260455280931,0.20858881082140454,-0.17282973378671773,0.04510125911673131,-0.0707763285042785,0.021818345703555654,-0.016891241806316615,0.1651113097480611
705,0.3686365632565362,0.03318253272716646,-0.719572557646961,-0.3366989014993457,-0.02734529906475174,0.001164419941035677,-0.16621334045426622,-0.007665511588167914,0.10437984296265529
706,0.30420550080933995,-0.7829064838429892,0.22789947832129803,0.15374265070949836,0.14195867184612135,-0.20946802922910737,0.007351895313361812,0.048530762398435165,0.16831185532867438
707,0.3636116868330378,-0.23869948630392845,-0.9827416845755149,0.6895107666987469,-0.3613188681892696,-0.03899805288192023,-0.07936873784834272,-0.21136220687580817,-0.006403773448710136
708,0.6659627942857864,0.011399331577566299,-0.2458815893807217,-0.41830896156806513,0.025706696925052577,-0.027991854304718625,-0.20814694272058754,-0.12168134879453897,-0.09169792763979474
709,0.7046897189764976,0.01955832201661819,-0.5456357680934384,-0.21378564702676559,0.22849720677498203,-0.08910870242138691,-0.010431097729738067,0.03445465864770934,-0.028470949883259187
710,0.4231386829352362,-0.5083007504215281,0.3465000265289927,-0.3307154532008016,-0.024640995826960565,-0.0356866585592844,-0.022868653971964588,0.020195573533765894,0.22227741680236832
711,0.5064352177940247,-0.5342553033246864,0.42541401576327004,-0.30706795507886203,0.06240767520745861,-0.047504554538838416,0.01700640588482137,-0.012828668736608576,0.15420595462320277
712,0.6534326137472715,-0.6484901928415201,0.4138318462589713,0.3401311498461945,-0.07273392778113265,-0.30842362604575374,-0.17029815404454995,0.14991864019391632,0.08802936058231964
713,0.2954400884552279,0.01274241538644194,-0.9595951435846828,-0.10270312391344048,-0.0977015242232432,0.3363560903497603,0.22201329672386097,-0.048816793390093,0.1075083835932839
714,0.652525506387744,-0.6896124632111753,0.41169042686623863,0.35087799962146554,-0.15326171045262277,-0.14192524946010948,-0.041126000030918146,-0.0940648871902092,0.09867021608594613
715,0.5332910449725369,-0.4324618243988774,0.4435513032628643,-0.3348467222516148,-0.033225612965826753,0.13865798654434483,-0.0601100240671973,0.06965167000514914,0.14925085665227822
716,0.540319602733687,-0.48277117980323875,0.5004141430583803,-0.35807989988664624,-0.08628056105776429,0.10611887336029806,0.12611062204185006,-0.10963086701642596,0.03339575835245324
717,0.39500076206997,-0.6949607613395891,0.4401318340199284,-0.07475898116976232,0.2686585095384379,0.6915082980707139,0.10367716971555563,-0.08972675815272062,0.018992901734327276
718,0.7253976750254816,-0.6783414097364798,0.5044328253353769,0.41941115921514593,-0.13637855442594618,0.242318966180497,-0.0966107221218078,-0.14280848184082873,0.027752099520195563
719,0.6587427240387682,-0.8558769080043026,0.4607382598842312,0.15845474960186887,0.8482687962592294,0.03985190031282999,0.4048419001009006,0.12960235095512368,0.04206065512615882
720,0.7137093940061071,-0.657733012186314,0.4989727473350585,0.18197313622837977,-0.004798867085026238,-0.08795556153382011,0.1475311123029958,-0.06666227788394063,0.012822740804519079
721,1.1942614632722115,0.15538551314257426,-0.23396162846880966,-0.029318170417623652,-0.07700022800964386,-0.03065510784980633,0.04221982021048675,0.15400729590005316,-0.011161944385569132
722,1.5544629804040473,0.30771905549098266,-0.2508094052373825,0.255386706097553,-0.25957920852721017,0.012123814474349199,0.09937114497267054,0.2021714877016538,-0.06312472350617788
723,1.3193075491378583,-0.14531408759724312,-0.04583040331586196,0.07545349812690996,0.7137099901792282,-0.32227944041773693,0.18495111276196538,0.018560708946764676,-0.2567211096521186
724,0.9380351444967627,-0.4805391187362833,0.6710431153163979,0.15332882035574483,-0.31803626193322737,-0.06096810380169309,-0.13029356339841697,-0.11294391598104656,0.01139039016770509
725,0.8743821740806542,-0.22269558104190446,0.1456206218594464,-0.25807281845177793,0.06711318206697327,0.16589371488598284,0.23377842658202827,-0.3185515765601843,-0.20430450578330783
726,0.779603598274364,-0.4517666845729827,0.6206074770220625,-0.3187762018026592,-0.03944549186274153,0.1251903765910025,0.2186826497014682,-0.18200412539153335,0.008361827948779061
727,1.272734911343209,0.12124187529657174,0.009371755216413244,-0.10378315285684162,-0.04774644044458442,-0.04743591902597225,-0.050339042953012676,0.02086548778519042,-0.16152234818056013
728,1.6111635542569462,0.29552910106974345,-0.26012575469298005,0.5746233374821713,-0.47230108358776507,-0.09593062166881913,-0.061325862281860606,0.27870950584027926,-0.11299852187368153
729,1.3589265303037712,0.12361823664806826,0.017838973544150927,-0.022080526506370334,-0.055023622900809054,-0.0768668624771078,-0.05680222026197118,0.022268938626158752,-0.1332780855565329
730,1.1944583140718374,0.051322515356671254,0.1652452044606789,-0.33658666957811006,0.07596155707136255,-0.013602244111947033,-0.015360209716643935,-0.03484192599020122,-0.11149884772439549
731,1.2925173943412438,0.40577833886039044,-0.3713575313841559,-0.2728170008549841,-0.0883260310658846,0.11184893386634644,0.2054830100128017,0.23422289936561033,0.04450855769917089
732,1.116970208845233,0.04350341902300005,0.36980370720541517,-0.4803643215788014,-0.05875679059069577,-0.01652450636656461,-0.09854075488599234,-0.0005289734586897882,-0.06360085063752212
733,0.7607351278825321,0.1487173936451127,-1.1044192251828233,0.637861452644383,-0.5898983547233156,0.14174583442614502,0.15125711556480392,-0.0733473113388578,0.10804540211395287
734,0.8410733551821563,-0.5537657096526063,0.6041614350270097,0.11169899548578,-0.20070317988706934,0.005400859017432897,0.1288989292028883,-0.16767600975134792,-0.03684375693415371
735,-1.1346456005725805,-0.2760055963633608,0.045921028754857554,-0.16913068082420588,-0.23290030959648764,0.052617143078555376,0.07540274179163198,0.022696320541894917,-0.17926615511550384
736,-1.0847422438092154,-0.6420859655703924,-0.03373404135514184,0.19591010254428745,0.3109763343879709,-0.11183330343830798,0.44011073534578327,0.006260988934154897,-0.17725511884890643
737,-1.1503224468980415,-0.16752945477419323,0.06260038121746553,-0.20149321221040908,-0.3110227156840064,-0.019320501889559,0.012411908303321314,0.15407918991790234,-0.21999544339806265
738,-1.2025095437857072,-0.051252712088728815,0.0994243886526609,-0.1760246073996729,-0.3116907420565326,-0.04469409038537834,-0.0008978940591838718,0.1995032840587838,-0.20247734673465156
739,-0.9483938455510867,-0.8940430558464404,-0.0601947188136137,1.1273250320763284,0.08281223066831177,-0.28252986035554,0.2559410513829761,-0.08112349174107202,-0.2879135263531821
740,-0.6654498776497307,-0.10464337611643373,-0.38702858321201994,-0.20902635885062346,-0.057321068742480025,0.013977025672924874,-0.09271493163376536,-0.18721775588953354,-0.07875956186147987
741,-0.06666581220309518,0.2664629927628076,0.21450642686703636,-0.18841385046829828,0.000410636704206214,-0.0896245211763309,-0.06469840880429675,0.08182805104781632,-0.20327343542828255
742,-0.17900427381905942,-0.021604490936150248,0.47865366103417145,-0.18798618921954338,-0.034681016062615894,-0.015487784191902774,0.030476107246282417,-0.03444937612682503,0.05534197378278126
743,-0.05839340565326242,-0.03786134111224933,0.5286125073359058,-0.14000413260036373,-0.048001474827199096,-0.06502727037437547,-0.0341166582679234,0.005322008486978169,-0.03325516923951441
744,1.0152148905439342,0.7634037532799861,0.3137782523048536,-0.2573973041849242,0.11221374088411994,-0.12462632177978601,-0.10377142759633393,0.07012188794168771,-0.3082909289785551
745,0.7110886977357135,0.2573734743127206,0.47297388711440685,-0.014784038670351732,0.22618074178162367,0.00559132824763963,0.19635325119367886,-0.22845947721352997,-0.20414901760510637
746,0.9904477189381982,0.7190612875697927,0.12927655925184794,-0.020274690601916424,0.1035374581469473,0.010377475877362291,0.1614415805533775,0.003997359631484293,-0.32458949929433045
747,-0.9653613170361556,-0.8595636178232476,-0.040054582570427585,1.1668612176203044,0.180131526657974,-0.07969089539321583,0.10649532143301747,0.09787265003202796,-0.2818129038582624
748,0.004443869340298333,0.03555376803632972,0.6793776426671179,0.02849149874586475,0.37358598466144916,0.6426431327421157,-0.19304394423976814,0.17127296711161316,-0.0695091917677042
749,-1.1655445313959631,-0.21936622775355494,0.0761705214683958,-0.05196516560751794,-0.17181453904212854,-0.00897754230678303,0.12240248730711513,0.004743131200395576,-0.11293562944258945
750,-1.0260228354002079,-0.08032387887365772,0.013303177215806941,-0.08646228751192889,-0.18096081343882017,0.05291513009878691,0.13419615156400086,-0.033588239054536534,-0.08483721045929297
751,-0.44013481768775464,0.3283999737555514,-0.500510809804617,-0.006743998627256481,0.07346276222279069,-0.0639421530998875,0.011297389198845691,-0.18666548977912042,-0.08029511180855632
752,0.6855967283816037,0.646301345030292,0.3741089038023738,0.17424083390741557,0.4205821024602274,-0.11586630181578862,0.3100978697039631,-0.09604424360234992,-0.24604269845229482
753,1.002436042451597,1.0534473417783465,0.10492304958193326,-0.0451784353294398,0.08582237099616366,0.025737409551967228,0.23475638086607348,0.1474446830856233,-0.23214396851695457
754,0.6013301329742095,0.2949731355541571,0.9634447452267244,-0.2186699438303519,0.03608506291545226,-0.010821174995414696,0.08888703043136671,-0.09007429955978155,0.001295959511385439
755,-1.219024549293137,-0.08285617726177506,0.12092399351721794,-0.11336700229881305,-0.22256296807299164,0.01002986329123896,0.052800533772771795,0.01373479409052438,-0.04117483836835987
756,-1.2574708195474045,0.009804002600038473,0.16160659264748595,-0.0006556166833763961,-0.2527963057551049,-0.0426652187717735,0.03347633079258395,0.060704284246450434,-0.13514030188052648
757,-1.244445925805977,0.0015579983664567626,0.14735577576904565,-0.1211715677659299,-0.2460447915080828,-0.018829931416232612,0.02009063031826128,0.019524619288874105,0.05818749775577612
758,-0.09167327337960375,0.8526298537815413,-0.6655316238605945,-0.05723879892666199,-0.014629853709033974,-0.03054757411583362,-0.004820378155296601,-0.1111715742261492,0.023080816084893062
759,-1.3666341497256527,0.26259916566435876,0.2586751194837249,0.05691441955055015,-0.25681950146252724,-0.11332144889466367,0.004823415348683579,0.09581208132331455,-0.05331578624659059
760,-1.2622634839039595,-0.048116859858008135,0.1600571637341881,-0.05074320773455696,-0.15454649339215498,0.025142201424461268,0.09925513668607866,-0.0690740827280984,0.01743127838640857
761,0.9266488094759125,1.2257266351056024,0.010597582341121537,0.07515587797252779,0.0998919845579638,-0.013839964402548168,0.275782892418181,0.2238616113559458,0.10239340741243287
762,-1.302761645134759,0.022986222063143522,0.20245680474078917,0.084783136282136,0.022205626556517605,0.5095054305161058,-0.18373760061105665,0.18946922843559272,-0.07202391258976126
763,-0.7249679449344112,0.298661421804944,-0.3381635695120987,0.11675877981006298,0.3585793519211081,0.6344345126276981,-0.41468304955868424,-0.11753272970857832,0.04205241520465851
764,-0.8449548405417189,0.5033742800057328,-0.14549931702239538,0.08619254017209979,0.1067847298110623,-0.013636943302666597,0.041876216014972795,-0.40415117295722663,0.30439042366734415
765,-0.6415328506441602,1.1119436240024179,-0.33352442887229355,0.07036967499891156,0.12792415108515814,-0.17092420381877396,-0.17403159336157778,-0.2754080919536405,0.213682599902773
766,-0.4572825211279321,0.9041749737336628,0.18076630084699394,0.03773544326274949,0.14808725324856306,-0.24123164201282032,-0.19338003214602953,-0.02435225586467455,0.33077014858072773
767,-0.11016061290885931,1.1252488217566972,0.38193294298643693,0.10660041676991422,0.2795902688435584,-0.25595835157252855,-0.16803029760966437,-0.11324031449316459,0.29073403679757864
768,-0.4351126070971977,-0.6808883916210253,-0.6308960957863935,-0.08414186233183127,0.3110103613595165,-0.1853261647700091,0.11989485949536753,0.03502982524368009,-0.05868103713103935
769,-0.3650789118687462,-0.7472601043609364,-0.6888680558065694,0.045908002840414686,0.5109875501520565,-0.2714680841629332,0.22920445817936502,0.05928313408548263,-0.06219743972567706
770,-0.348720817785956,-0.6102872760156609,-0.7211934408943763,-0.12722145251963352,0.30914664097826267,-0.11523174078934387,0.02820549597924704,-0.17774888004546777,-0.03804023385199037
771,-0.08833529346985204,-0.27695282798413784,-0.8379149535435556,-0.17327051113498487,0.11330773131749075,0.028730848264373245,-0.30929849703938156,-0.22871908590519993,-0.02238041362149791
772,-0.0786595050102313,-0.5023515196616352,-0.9062852776554157,0.16063331912884884,0.48722706068444044,-0.3173501843101802,0.0653588557201409,-0.000440482266444029,-0.0918669106353791
773,-0.05474344377167864,-0.1189352158688967,-0.856352845023269,-0.35636937243860245,-0.08510914482563825,0.01508903356688792,-0.1955502676817992,-0.1717580163443054,0.007607455349133918
774,-0.0775871421003625,-0.14466096464649295,-0.8310223636090581,-0.32531037001822005,-0.06395197266694055,-0.026543784651911248,-0.15816431313357818,-0.10660585301947889,-0.00836283136147093
775,0.15467756494736845,-0.4121526953821444,-0.935997906615326,0.716088477192424,-0.15301325414267417,-0.2740894819746729,-0.20833126103527078,-0.09012548160624924,-0.09979753418961355
776,0.28804377279470333,-0.44982952523427033,-0.3915716764540714,-0.14454385996551913,0.5667312816705949,-0.27926195533165493,-0.06060731507733981,0.11470592258773916,0.027567524641907454
777,0.02949889411984455,-0.9656032056851107,0.07750495786880783,0.2437750866149047,0.2925723771329318,-0.24742091652709047,0.19302617888400103,0.08239989938190975,0.10494334819612329
778,0.3950740019754032,-0.11047215148117345,-0.5076507582828785,-0.21269649844017413,0.15311679245511078,-0.2728207661997086,-0.27593309803050015,0.1643607833333704,0.02128978012186271
779,0.14677160336578593,-0.8111554471428425,0.21961337541129022,0.2669180121998619,0.31774198143810406,0.6997565796606284,-0.3790913226883857,0.18074991907880425,0.1843688975594171
780,0.6356465614552256,-0.3009306556150658,-0.44284365257010433,0.41352395313730406,0.09059255604013033,-0.3303437638560436,-0.1615147284771348,0.15721150750507262,-0.024646316851348635
781,0.48705697425471683,-0.005025716587100306,-0.6280772560549169,-0.14357037560721783,0.12179476005149899,0.1391351697040119,-0.37073863657338535,0.17834252633973396,0.12236541105852325
782,0.5771636444930615,-0.2325019450710056,-0.20199338115380056,-0.24476072837615515,0.3305995237078657,-0.2208533496030467,-0.12982171676713608,0.12235646833038467,0.04341299778101784
783,0.28553261316233636,-0.4652956705086483,0.3389812879675908,-0.4146962351742873,-0.15786801807352135,0.025984106878470182,-0.026263856688147316,0.010447965184149144,0.10003399754902718
784,0.3297548920640841,-0.45795616543977763,0.3665246945874919,-0.4377929968624325,-0.12578827175132304,0.009450930946157276,-0.08449587146964792,0.017506840446601,0.14294046249206113
785,0.6818814507398482,-0.042825330752645746,-0.30559864000271353,-0.33183810958439,0.08846072121836093,-0.053968002100875004,-0.14550498132199388,0.0325552578995723,0.08992071084493065
786,0.6643792307111517,-0.3346062904140983,-0.2079119433389174,-0.05489257624476686,0.49542092403305815,-0.25661946678962305,-0.03511670771928611,-0.004225032355222863,-0.05557417309720505
787,0.47698517663826123,-0.6167311316734385,0.3959420246240069,-0.14182467704248747,-0.04275377556565997,0.014056885140662011,0.07765335288211354,-0.15601131470515817,0.1281018231731463
788,0.17564709998222455,-0.23083705287945855,-0.8746543923247108,0.13561046044724426,0.4301981944263939,1.0020983152077572,0.046422345444624286,0.10038735907876266,0.11395404666458843
789,0.8295346285644402,-0.1759167447746137,-0.4787378934214531,0.6054200352280538,-0.22524862354421926,-0.25104401700103024,-0.30959180629337907,0.0408770834836957,-0.019474990221807698
790,0.903830101118306,0.20242548125689375,-0.4154765690700321,-0.3420186688142308,0.023138829418437003,-0.052697904553129594,-0.12860623831664766,0.1669020385666236,0.07226196224693593
791,0.6298443147616652,-0.5838262226866602,0.40678897714384754,-0.1549196449163119,0.37561333192093344,-0.24772413237555144,0.13773990074998754,0.18704604469471048,0.15629699948165252
792,0.7956225762418525,-0.0667503356843669,-0.41351890719571416,0.1343673570853706,-0.09407494451587427,-0.17422964441033822,-0.2873106362609226,0.010332414097528983,0.03835071645896352
793,0.5132152373282863,0.01785970062762541,-0.5183717825895392,-0.25827548423704866,-0.020279532641744046,0.21346054078074292,0.006141689369402597,0.14616839471619486,0.13974593442610433
794,0.6301432888854573,-0.6980746493606327,0.41085573666865816,0.4749782279682588,-0.13312062092501556,-0.0940230270904375,-0.22959513757702654,0.05652082870186643,0.08756689711757328
795,0.4304776082584248,-0.565200636608392,0.42648200969098016,-0.3209819476326341,-0.05526071463147012,0.14251933804700548,0.18595560318565188,-0.2008602408077765,0.05652586720351428
796,0.6926724452094759,0.05649587100123741,-0.45023354302017404,-0.2589992250240741,-0.11765342857166379,0.20026175440425417,0.22239644925685934,0.008559282798692648,0.07561842783048067
797,0.7834774409737996,0.309227482250253,-0.6942366721768886,-0.2768538144389622,-0.13691195936835088,0.002971148986599122,-0.0020772384918550397,0.29050957121657206,0.15997738029838082
798,0.6519325515895708,-0.7130757668958855,0.474460208761366,0.4135085205154787,-0.2826999541437676,-0.06806922038213624,0.013143099811800894,-0.16949997609001874,-0.030938752609073607
799,0.7453541494761832,-0.5218341946043407,0.5322984102950234,-0.10288402942727845,0.03919812445248615,-0.1025268265964092,0.049960657513582786,0.00423947241395455,0.08461851820668059
800,0.9150265557269304,0.0536198736095171,-0.08853856938024138,-0.362570830688431,-0.004100585920059668,0.02912723505772316,-0.021808479205007298,-0.0045406163337725096,-0.061522131717788045
801,1.0483487888275094,0.24063028377204024,-0.44934667533023304,-0.19431692218474741,-0.028846823423711226,0.005284771083231548,0.01531069355004622,0.09289663199004256,0.018542325782074896
802,0.9215589476818206,-0.31429596502364304,0.6841152864200964,-0.35228860140754237,-0.09660116087343903,-0.04026602254883519,-0.05205060431762198,0.00042805289264384534,0.07899736105038001
803,0.9053673260949676,-0.24930391695371387,0.7004217979414256,-0.48899804117647955,-0.1176553629766698,0.019365396873256672,-0.05931291216361725,0.013493908773411277,0.0816703309135334
804,0.44002700600740685,-0.062039356858933,-0.8784485519341698,0.10779333051607971,-0.30619649233842,0.39580660101346776,0.6395917126630065,-0.09767554908969552,0.22225859983616347
805,1.2911515310284887,0.33791904682707463,-0.473962453103384,0.10331111252708569,-0.24062656516486228,-0.01704943615962923,0.02536088581913369,0.29164195476642135,0.12604672903834677
806,0.13192739217969243,-0.011566916912315746,-0.5689908030262576,-0.22568810205607895,-0.6610821714005333,0.4493051777480101,0.6563746896894238,0.3574994253766435,0.22185173652431525
807,1.0407915696757042,-0.032866105996090605,0.3025891368932335,-0.4270434713885972,0.010113246584288854,-0.0019475555436842791,-0.08868655386580639,-0.0432907919679585,-0.12162205321147766
808,0.8642425936947178,-0.37865190446820046,0.6464796726929893,-0.3639240076560677,-0.04625767965263043,0.0897876587275761,0.14403498342975452,-0.11640171954607459,0.04939893038260231
809,0.6274222288957912,-0.024042834551157813,-1.0139902456773093,0.7460166032599903,-0.6438375300668621,0.1756883573101102,0.23647991630903217,-0.06115554049670786,0.09996639599345758
810,0.6365696888699095,-0.6767177392330721,0.5250213857423289,0.02269062399216951,-0.10605893351559122,0.17849191302518735,0.32006692612896054,-0.3640133192405069,-0.0335820067593503
811,1.3734848894488885,0.44384234079847185,-0.1654229469770489,-0.37141762189107536,-0.07490563001795374,-0.026400286532301375,-0.011051564029011668,0.2688244449465969,-0.06583506589619638
812,0.811560041161021,-0.3181111010295981,0.6748807256584992,-0.45875980568185554,-0.1215270488353118,0.07673070982069972,0.016101228347327284,-0.05642371631840566,0.037548828348346906
813,1.2840489563232107,-0.026274360579592003,-0.19576460387460237,0.605719913773662,-0.15602792006602736,0.11566729585010344,-0.43942904552656603,-0.04568583063577355,-0.101946342618657
814,0.6864806492699883,-0.8664541986742824,0.4827153146114445,0.10732614157513909,0.6739623334704736,-0.0833169422802656,0.660243966232174,-0.09357143576890811,-0.046678640922808406
815,0.7930726687455417,-0.7667492004717246,0.5510722413224259,0.06534044669383739,0.6414610479694627,-0.20661599611960704,0.5578775604979807,0.07726130154186674,-0.05224224002119077
816,0.8280103132128422,-0.2547379431359831,0.05566479781592589,0.16710375416450762,0.2550173735100341,0.9458502100736532,-0.20438530668848048,0.00634955441490433,-0.13449983043040323
817,-1.0316751992593076,-0.8252894838810172,-0.09547046042976036,0.31030659466180144,0.4452926643972406,-0.137859742380412,0.4894264728772694,0.012737962704018821,-0.1305943607336578
818,-1.165297103738005,-0.5458802478341365,-0.005120914646914656,0.16042767753443782,0.41234009733154164,-0.10956092298760511,0.4354806175338416,0.13018501051386852,-0.25608164402456063
819,-1.1305813430305582,-0.5310008553442221,-0.008201805963045667,0.09780209076088013,0.27088505676489083,-0.09732173819309525,0.36553498004442436,0.0912148941316946,-0.20986387135120294
820,-1.2374417889326303,-0.022529493877248084,0.12905288731642856,-0.10539779837184733,-0.2563550828985228,-0.04797343109602921,0.04883297735923756,0.1644290358371201,-0.2586209858236335
821,-1.1651705995692057,-0.13221014023992195,0.06859152152685499,-0.21445615317169045,-0.32404198430028835,-0.014381862201008974,-0.0035158508442619902,0.18721306746477925,-0.23812206478640796
822,-0.37484599461749696,-0.08281404847969516,0.3618618622432452,-0.20004375243366795,-0.005978464996575425,-0.08495826402007495,-0.074482184998013,0.059055596325988724,0.027886398530961233
823,-0.12016492912206646,0.20528783597895697,-0.6620860013858315,-0.07335863750146751,-0.0011000105672646064,0.06505500983669162,0.1312195238471607,-0.20317685985226877,0.015104263003733936
824,0.5395234673321634,0.7779783588890103,-0.6221003411851789,0.0009028384573700745,-0.07070761432665948,0.14038472639016372,0.31496363331403765,0.197359620733421,0.08461120104464438
825,0.8652005829467933,0.0629137512171957,0.4888791355750985,0.6406123159805109,-0.19728793221756843,-0.13296852230412323,-0.08686008154282975,-0.21458741561623204,-0.2813971094867334
826,-1.2672472196434916,-0.1105319773144039,0.15696008772327413,0.09265747336196654,0.1376466322195299,0.6382177168259228,-0.2049759726031572,0.29851783862856207,-0.21850799923700603
827,-1.2736867278664512,-0.10912900269456828,0.18090442220242922,0.10033149221210261,0.11600365562275705,0.7047866938397467,-0.20037577592042213,0.12229252220519124,-0.08242384491310097
828,0.15492233685637238,0.21506372629265233,0.3280682845738801,0.11123524727283393,0.630905044381335,0.5153424761613741,-0.2866505973979272,0.15833391340167857,-0.08884089032053166
829,-1.1362148748241365,-0.26021693188923417,0.0493617618771142,-0.0890179063293488,-0.19518375235305355,-0.007082255284546831,0.10231135501935078,0.028910123528836006,-0.06518288745270512
830,-1.2336041407059684,-0.10236117632682899,0.11313786249718044,0.012552487240536155,-0.08205646230705922,-0.09981150665286552,0.14699329199371353,0.13986558172489552,-0.15832612272579932
831,-0.801528643180998,0.41551604250761615,-0.318139530460856,0.13060093278311438,0.37116675311900593,-0.283446386160983,-0.004974146743374682,-0.07024059392111665,-0.17809982524938944
832,-0.39629302282486223,0.3729114785156798,0.09929942649852935,-0.10538266225294592,0.06083595166664449,-0.11639136685561359,-0.11572717527834872,-0.04347102014392159,0.049317750296113155
833,-0.09173235408749583,-0.1299454281866669,0.4964977538394665,0.10555602646045376,0.4316510993882463,-0.24541211186994522,0.21636370012840123,0.06507150314464658,0.14715004153307093
834,-0.14494542431425592,0.3872974324563188,-0.6776565098838034,0.19276787317906813,0.4703079559348515,0.8607047708374803,-0.2186615736260268,0.026403183383777114,-0.06723021010926389
835,0.20927352522032655,0.42165501289979695,0.20352354426154262,-0.12276314431087558,0.1479273991918297,-0.14225791078499034,-0.0960549249430563,0.029332711812780327,-0.06710743817753485
836,0.7844474322518781,0.9761495469265496,0.2751962996458367,-0.09109876920024707,0.10126952004976243,-0.04475676286811343,0.08438866320396676,0.07990340504262122,-0.3718504830125634
837,0.4341881179965468,0.27764712434585787,0.9382543977395638,-0.12513794567586548,0.02405217701450326,0.007951258826369819,0.19578528032450834,-0.08991490643064137,-0.13780798559605295
838,-1.3013262310429012,0.04683122520036814,0.19337728287871053,-0.04402906188788516,-0.16810363594759012,0.0041906466589318875,0.08169599880480077,-0.05557304226167339,0.01964584437476476
839,-1.2439280277597373,-0.03135562453831065,0.14353789406344497,-0.05205146194717925,-0.19807952022182,-0.03172645960238169,0.07456466381129698,0.025934131004618746,-0.04495516193668559
840,-1.2889661346872765,0.08821807880282351,0.17574833226214412,-0.08729208890859114,-0.25046085406566293,-0.05653086474374691,0.030356820103804676,0.14433139422250013,-0.1529592158206013
841,-1.28568336718978,0.005285813137903914,0.17990038375356077,-0.02785023767297175,-0.15577299345499274,0.0009595288127483805,0.10225489678446568,-0.04782141177136428,-0.036079580105876724
842,-1.2583282142965504,-0.032297710919118004,0.1963383559408547,0.809158573886813,-0.17863133755655455,-0.3606760166025902,0.01906043570364708,0.18489616011350735,-0.18613997370192017
843,-1.355279389211052,0.21016709022760946,0.23727174227471112,-0.07531843676551214,-0.2366569049311097,-0.04772764465660342,0.02069069819874453,0.07551024265261141,-0.058538939667269495
844,-1.3160589241601341,0.16137607795062273,0.19864999465681565,-0.1005648933064847,-0.2722533463638255,-0.06695563378699068,0.0035828478116424673,0.16515845643355928,-0.1339387266663341
845,-1.404946237581591,0.29616250939565164,0.2819304184734043,0.019207425347717872,-0.15570794007808036,0.04972503239150459,-0.027879816785207085,0.11668496390540481,-0.027618561925189227
846,-1.390616380729582,0.31954063592287,0.2806185504614269,0.042252891824796364,-0.27122796965003554,-0.11206987189949265,-0.015444338003806074,0.09175820971053111,-0.029936886234898635
847,-1.2451858790878034,-0.09970596139040976,0.1628213082387879,0.06727367912280655,-0.1350859598295461,0.027706459943530173,0.11241671672613185,-0.20089461745186324,0.12302871449007491
848,0.41795282716127846,1.2158515942902648,0.15077593487141244,0.2812103351815774,0.6533636219299016,0.5817271301286189,-0.3751719866332155,0.31586671253434395,0.06731500154451439
849,0.5861518600466217,1.0260865872425688,0.0924687978409107,0.0018093504636732397,0.18529796613705832,-0.10647069585387282,0.03819150128829516,-0.025894933873999625,0.0189669881989336
850,0.52820763863145,1.1004006711611907,-0.3007166660320351,0.4648190130734483,-0.09727728077249138,-0.12125861408016529,0.058363919458055614,0.1067434203690646,0.2309989959100593
851,-1.3482227084438825,0.14212958793433797,0.24783447303746706,0.13963513208834719,-0.1523079044763821,-0.05636972840722919,0.08969296483257057,-0.07961827511679208,0.026418854257993937
852,-1.3269845828123528,0.08142836771845527,0.22253355378848166,0.021113052623556908,-0.11691992834571338,0.002007977584648521,0.10650246329609583,-0.14851429534256627,0.15205317129931067
853,-1.332542502538532,-0.031218099282170415,0.1832828324378967,0.14682823336524353,0.16252208945212074,-0.13316227689754806,0.2516232249506761,0.05601201020228141,0.009698206229035743
854,0.33367520727302225,1.0482054646664736,0.4920514306936578,-0.012539172461003261,0.13608793549395315,-0.060323949396446586,0.06397509588298614,-0.1798793640804876,0.008030639477873554
855,-1.412447363616132,0.07499535638426488,0.2630402497213909,0.28065789802038316,0.349535869726952,0.27400464148862674,0.0632828369834573,0.09498600715997174,0.10724719872541544
856,0.05161467976237385,0.6471533163527343,1.035866419439185,-0.027004354312382482,0.014616415294160088,-0.04267917635845226,0.14599090440077592,-0.12445109926799215,0.1035560142403096
857,-1.4529659012066363,0.2661771399994774,0.3291469334237889,0.21410599400735986,0.11135268581281473,0.2089655332209979,0.01977276100171033,-0.07095995815808187,0.2906475854081154
858,-0.20848844607778103,0.9496245098058707,0.48281047528032,0.20237089774464387,0.2864393773372458,0.23576405505473513,0.01126892815181842,-0.21712725790882134,0.1818220526535042
859,-0.4163367172276134,1.1681960530676319,-0.3970185896865708,0.4514716527618675,0.5358423040873608,0.6436659939441111,-0.10652823178697171,-0.14048454808964178,0.37223914052291784
860,-0.36333269828027437,-0.557659212592817,-0.6627682892492208,-0.2153940879224332,0.029375123366120554,-0.004995482358810336,-0.055002979984044194,-0.26055074917043947,0.007857392876612433
861,-0.40030440893114677,-0.7470106584288384,-0.6753994755609058,-0.02714263834377897,0.42132320385172134,-0.15326681090179078,0.17325548600065904,-0.07957739737684139,-0.03835474141251597
862,-0.3937557474182257,-0.6469638659393829,-0.6247885741075616,-0.1949306380149949,0.06094099439705001,0.053715554795108034,0.01741289325549875,-0.3280676936006482,0.039356594188323206
863,-0.2846102394745195,-0.5974442334465944,-0.7860745480841609,-0.028772451657329567,0.4781083589052725,-0.262953375283053,0.07945136335253583,-0.018933475264811605,-0.08499813044236018
864,-0.36785567692490184,-0.9438935679731855,-0.1066439684144023,-0.06025555080493194,0.383392357714131,-0.2888301666466155,0.15626174940023427,0.2822404939843698,0.14104138353584697
865,-0.45377558443899935,-0.9132251648700996,-0.586830166784451,0.04719367694520274,0.42360432139804166,-0.07840805241797158,0.3149935881920284,-0.19604925730836073,0.009060614706934896
866,-0.15606480620041097,-0.6069275133556666,0.07049197877625257,-0.4275071736866872,-0.11387384210361455,-0.06861675990378717,-0.22783150652861386,0.11019918025562955,0.2596144347293642
867,-0.30880006872046956,-0.3366740983549448,-0.6556023357171341,-0.3651142285701098,-0.1606015197024207,0.048072668999829586,-0.14066201961918476,-0.1292608822466134,0.005877380007802473
868,-0.0547917945251763,-0.34283222493191073,-0.37567050695634574,-0.37437363466780893,-0.07375382023792088,-0.06776204960480946,-0.2213827202526421,0.08187629429296193,0.11858211580647421
869,0.0050946390137601135,-0.12446098050942933,-0.9005040697443444,-0.27365350686829615,0.10593942326080458,0.049141947136652736,-0.2824647361952035,-0.1663447093510281,-0.010255440109142448
870,-0.19116733169106453,-0.49423363090244665,-0.8139238167549213,0.011434471748249858,0.4382235789318271,0.11010571642374066,-0.029664737932085662,0.009955469340479176,-0.04775663632073431
871,-0.13498949028718257,-0.35537942773074116,-0.7523381543067295,-0.1429204610742714,-0.04588923084583968,0.012449716599016745,-0.022507886759602337,-0.18988487153864717,0.015682083456730753
872,0.20269064193479328,-0.9148321481735379,0.06175935287134309,0.6842492419935138,0.05308153810722897,-0.5408983603245373,-0.2961518680771397,0.327343734551316,0.20795288973395393
873,0.058568452720986305,-0.5295026119579707,0.18692930814317676,-0.43752752556630087,-0.12853324035123234,-0.029329443078672992,-0.15215605166811566,0.061489075468622215,0.21932964627680207
874,-0.0754721895002448,-0.20860692425577548,-0.7968406700674501,-0.3015554458957333,-0.10522130859020683,0.11671469964078549,-0.031793894189801136,-0.20137729603674373,0.04415255365795547
875,0.07265784795550521,-0.35518891057213825,-0.18744726089687325,-0.319206952799953,-0.13239956314201365,-0.09869927594956403,-0.25273725058760893,0.10038022465837285,0.10970496232508326
876,0.25962812287807646,-0.6624369824749005,-0.3608065663893595,0.8251466116427973,0.1934122983323183,0.12926639422687677,-0.5412836216030513,0.2683671958741129,-0.0036439648876415943
877,0.2879890360802201,-0.479155620210996,-0.5141517092725586,0.00040198349570783,0.545651984143597,-0.24286640526070224,0.0986991580080369,-0.0012656142209331346,0.029135352699118475
878,0.547209651835695,-0.3629014318444087,-0.27715105059459555,0.20487529122082515,0.09793879618925111,-0.3071674360098011,-0.24960701398448615,0.08033431764154898,0.030382103944641452
879,0.26172546623683096,-0.059077968486604585,-0.955129525378069,-0.04039792803932444,-0.11623529522472827,0.05307320640439092,0.050903080376647744,-0.19456777080607335,0.06110545390617243
880,0.5189032772206525,-0.18057601611382482,-0.4332682611926319,-0.08494628227393075,0.16766315957192757,-0.1955800609196856,-0.11836082686190519,0.08952625834421801,-0.00806934782751504
881,0.37902412108415934,-0.03577846534171404,-0.5813678661414504,-0.31176269831781905,-0.038512578282391734,-0.030397611790091324,-0.12116606075025184,0.12130289989145145,0.1569884117744099
882,0.2866191240609653,-0.011059588235670426,-0.9935165076398238,-0.06983369400263367,0.2800776814629183,0.6071960748830072,-0.18128475891568077,-0.04980946665417893,0.0915334821707011
883,0.27513035351868353,-0.6281004186030893,0.2575699373583453,-0.26655676766649705,0.04333929967933658,-0.05848549427779926,-0.0002185940381242701,-0.022359675373331882,0.24194841353047417
884,0.2515206396893539,-0.48182417090624385,0.31214895080419314,-0.43538165889024216,-0.14273560973575194,0.046358439450353846,-0.05461144345460548,-0.0009535236731394721,0.16182828757595114
885,0.34488385658004317,-0.1899559833003302,-0.9264382349250266,0.5917055999247517,-0.4874707067055697,-0.03279274444796012,-0.0720441552123096,-0.12054051338747966,0.023244720221723185
886,1.0106253820399538,-0.10548029177257708,-0.33289716626833776,0.5509086752764948,-0.23933394501632102,-0.2765113989199871,-0.399064988467614,0.01840403706298708,-0.07268506178271165
887,0.6599760870868442,-0.5452638516384987,0.48457550468952015,-0.009427284732436298,-0.16313738153131022,-0.05361433389729522,-0.01854640438699382,-0.05461209150800254,0.09401174289676628
888,0.6925161395741843,0.13044924063449004,-0.7945909203794831,-0.05086816361150098,-0.12212391900300905,0.09470928417090725,0.09541113175478168,0.03430834287126302,0.1711795318481782
889,1.0459622398479869,0.4233221975013735,-0.4969172772033681,-0.3085575568864117,-0.17294629960329402,-0.0777164029595918,-0.1257600862926118,0.33239074503277877,0.10073413654712186
890,0.5719608461863208,-0.5102938429041559,0.5398032834902039,-0.28785427848184253,-0.027434639529561374,0.2709981680400572,0.1493084148804844,-0.12433366815619633,-0.017105186321895286
891,0.6548627986710565,-0.6169225594062565,0.5107475871109444,0.07065379168238181,-0.1996313915766861,0.0741528753359635,0.09861038300166163,-0.24370075226477858,0.024240570609775795
892,0.8444531448383272,-0.4471818381103904,0.5848693170216053,-0.07912964665853037,-0.13812141873734157,-0.07519289120764763,-0.09463141575346634,-0.026225552841507307,0.1169380502645847
893,1.4395953584317616,0.1345597262837107,-0.2200603922791524,0.5131409240115756,-0.35399413765906207,-0.06001979448721398,-0.06564623463449612,0.03469492840262162,-0.18984022437206177
894,1.149969087934025,0.14902025744950828,-0.6046489292466961,0.4099291070270978,-0.31697526876924237,0.06565638202431792,0.09191376264473723,0.04483079797607892,0.090328576339308
895,0.7118202753869424,-0.5709940675800387,0.5653692867846943,-0.04800473078367066,-0.15039320621347319,0.11918923617501795,0.1738931292988547,-0.25433837533903436,0.0004505971309529374
896,1.1619670504217432,0.08129121593018289,-0.311829635538324,0.21255337209989228,-0.23744132675247615,0.057678535931440685,0.28550296553138493,0.29972981556267403,0.16141537225856442
897,1.030747057229834,-0.5370694467200753,0.6583666425105899,0.40062291120191523,-0.3676196782492991,-0.08034875068988405,-0.13810122138042247,-0.17829694118637524,0.004115181713610411
898,0.9271581008732925,-0.5658412628290884,0.6069884013899465,0.42474359145402724,-0.39328800950963283,-0.10911440785001932,-0.15334376377880504,-0.11204875920366444,0.004089919062723823
899,0.5753364916989993,0.0805724681608542,-1.0375454844920309,0.3065094192091343,-0.40653570071557776,0.24724980370599797,0.3791998227632536,-0.041365419223286036,0.13512726257464738
900,1.302726658681442,-0.007643551570994422,-0.2192667221918064,0.666036646623446,-0.4701738845987833,0.04220430058199168,0.16034264466582557,0.04308438287393414,-0.16999052383070568
901,0.8261104388322446,0.33112020728992453,-0.6047055926537781,-0.2681227626953393,-0.2912979084804991,0.17141849830090344,0.23296648781160623,0.3919771584407042,0.19365383913895803
902,0.5375247841671836,0.14307013910896008,-0.9801957798662259,-0.004349718473643176,-0.30031605860287114,0.3138952355924003,0.5262871021492541,0.017555099463647215,0.1850924228778766
903,1.369719718925441,0.4364441558282123,-0.06705716769749787,-0.43431613319419865,-0.06771508684338884,-0.06048062791404515,-0.11238126532724722,0.2195180408810524,-0.1390736356051731
904,1.2101089347256522,0.2455504525793358,-0.050779265164472336,-0.41555475899466926,0.05563850804641488,-0.053472493431864054,-0.17277881617005664,-0.0029194198274861112,-0.16268382620335972
905,1.2391809132762464,0.2417971849782106,-0.2632108779183437,-0.10898097323346494,-0.1209030886367718,0.11042506119826716,0.31466471921381906,0.29641685849586435,0.029043290907379296
906,1.2089426367764797,0.18942768762719867,0.020564927602946943,-0.3815247360838328,0.0669524813958624,-0.060677440075943744,-0.1198753966320678,-0.06946162998824856,-0.23166887869142538
907,1.1758555158513153,0.09036792137400501,0.17394319477124018,-0.3451341782121148,0.013622680842201074,-0.09416941833188547,-0.18225457830572972,-0.014029963531584153,-0.14005657639198396
908,1.240065232116408,0.17731189950874537,0.22816487917254993,-0.4716609930009589,-0.012594661563810686,-0.058990756180129396,-0.161852392955957,0.01661600356658294,-0.08034279867748069
909,0.5750826201388337,-0.05975909858171469,-0.9631007813461739,0.5728270030828995,-0.5296410476450051,0.24532833085507505,0.3877400494293634,-0.0831297676562755,0.14692469748538425
910,1.1533485789065343,0.10639065966593962,-0.0279700780514214,-0.3219807432756105,0.0707718613891792,0.0700063872500677,0.05262352518973018,-0.14015593884463032,-0.1904964059350402
911,-1.0612261709149717,-0.3822046071028769,-0.015446187251017008,-0.23848175945326008,-0.27912608640816866,0.06229077998700295,0.03618018328576789,0.031368982413189916,-0.07715010136147818
912,-1.1019842615097972,-0.3152360969426258,0.020984127933651727,-0.19505649146804435,-0.24916766422287473,0.053364673027903924,0.05255197327758704,-0.005896022299392376,-0.03801697732999247
913,-1.0890008378310312,-0.4074279718791039,0.009903687957484537,-0.1682923176650741,-0.1911706031648389,0.10075998485328257,0.11179288452636618,-0.08103334133699586,-0.10145306901282401
914,0.03493850983698378,0.05695911353324816,0.589112784830469,0.06704464999436875,-0.08058141013758081,-0.17447525948518197,-0.07783771344711177,0.11483819957086383,-0.08941158875137759
915,0.5346992758410917,0.5085155267603299,0.49588142179455347,-0.06576945644754827,0.23894680359637638,-0.04509808811917839,0.06839141627180842,-0.2575650322136312,-0.1082921520667294
916,0.061212080562882173,0.7497262361444239,-0.6246754466364273,0.11090074906718891,-0.1770208060159849,0.3432802971149886,0.6002418459389643,-0.04547685065172272,0.005053613850309411
917,0.15182892924627675,0.6898018109153377,-0.7137091301623266,0.758464736921104,-0.16937408638239787,0.11996031401085198,0.04486478549224434,-0.24887069743463572,0.05242612989177523
918,-0.9556304419388807,-0.9747845889649429,-0.10554170995121531,0.7547361589425161,0.42875314912041806,0.05436351371632701,0.2919731777840256,0.024894554820172648,-0.1258492627558634
919,-1.266507219732522,-0.07781584425631238,0.1674933893148325,0.05693056922225646,0.05224525184132288,0.6758638274576662,-0.24434278673276075,0.2605132764565871,-0.20793139925579934
920,-1.1312009558538618,-0.2470439121337268,0.04679054448536795,-0.19443713754726671,-0.258254409744241,0.04351066905913073,0.03625766760048873,0.011047993199070365,-0.024172646917096207
921,-1.2652343568482236,-0.011086249997683912,0.1583447551451924,-0.08413274080048305,-0.20304166288850778,-0.0031527201948629464,0.07151288135892674,0.02593112443178778,-0.09408710159408362
922,-1.1650476505298792,-0.30456880924888935,0.06128232577007441,0.3275054360826113,0.02215196913944727,-0.2162171672138329,0.20078042031091553,0.1850590816245899,-0.22776114159866662
923,-1.3515815952910342,0.16973476391458753,0.2570300101022323,0.07146258069163519,-0.19888831166719376,-0.06176730344891851,0.05527829371175975,-0.07617930429038036,0.05352267654033249
924,-0.5808620433345744,-0.11256752402604359,0.3182954051317264,0.08650217367218642,0.16197349856401347,-0.25332860770462545,-0.11429546182292821,0.05501627573266587,0.19099728003933278
925,-0.451192946617254,0.30731087902473997,-0.4473877769033373,-0.08399643565780639,-0.10179013581831599,0.001936233555793479,0.052750789753517886,-0.04537665272593801,-0.017927017725511495
926,0.9327013944471955,1.1068456262605362,0.09455278980499261,0.000393310345919858,0.0027211526063160565,0.0312628435724154,0.3185321615483034,0.32029459857024933,-0.25334712664568787
927,-1.2817081802240466,-0.012246798793169943,0.16493552060348932,-0.0318545867548214,-0.10313065067360354,0.10660447622270719,0.028055086575604515,0.11829055249776085,-0.16396319055765296
928,-1.412213527252661,0.21429019494036333,0.2985908895331162,0.11521134384820975,0.025444028474823396,0.3740964035120722,-0.09658413844889947,0.03517831852998009,0.05171634456073236
929,-1.166395546512495,-0.13205416284534918,0.08425646375319855,-0.1839815264923999,-0.286083695895926,-0.006757716868360169,0.001874876874275806,0.043087877092412956,0.03281914951535482
930,-1.235712512794153,-0.07879100553455856,0.13390426644357958,-0.09061906781665986,-0.19309093751033957,0.023679639308308797,0.0771570524007131,-0.014684463171583392,-0.05627810092366455
931,-1.242593163351997,-0.15729244599703526,0.14454360471290653,0.5930281872367682,0.025509602431226443,-0.30391441810334713,0.14148775668085717,0.1759106465493232,-0.1844346753806042
932,-1.340358469708457,0.1460824421927653,0.23299688086193773,-0.07437595676147547,-0.1928440503550262,-0.00345867701256071,0.042933990620835256,-0.07496198734959812,0.14104999505207302
933,-0.11891048468296203,0.9644251832573649,0.2862733942178192,0.18132004222829107,0.436336178744488,0.32883699907654546,-0.2896570737090798,0.1872577557058731,0.040701268334078666
934,-0.0044358362250961555,1.1825992118393762,-0.5944023645327381,0.06837688518799243,0.0017317557667474654,0.011680876948188567,0.16000680685230984,-0.14797180829561013,0.10042581766091077
935,-1.3035803407187976,-0.06974915223893502,0.1940650288645063,0.10622853282236497,0.08291658196710959,0.2791045086558536,0.05651705478437019,-0.0516871676129064,0.030099207987013567
936,-1.2665648520860957,-0.02690872345076475,0.1634901249216245,-0.03507037742447947,-0.15488116592886142,0.007556268151463573,0.09610204106208975,-0.06077709664641975,0.04207791171572199
937,-1.3025920492649983,0.10461197987268119,0.19291219935685358,-0.08375276606418429,-0.23044915790091067,-0.03149423255451151,0.027897275739335547,0.05278794181689601,-0.009858175260139794
938,-1.3878701757762253,0.197834633037822,0.26775674569384644,0.04007196659650992,-0.11963753184922866,-0.026999725797905456,0.10799504129338233,-0.0705288724520081,0.043776322341945506
939,-0.3645244239748051,0.5222373705627927,0.6228742453753684,-0.11560963739369216,0.11085316455414887,-0.3569904938302262,-0.33977854604585583,0.2574202398406407,0.337053367525209
940,0.600410381320934,0.9435725300960156,0.5510777660129046,-0.11643800262138533,0.24353123968899634,-0.1769355138492555,-0.1510055611846622,-0.08301168106857018,-0.20502469603649556
941,0.8418906870900175,1.1496652398069425,0.2712144602663805,0.06652652105943145,0.16979180943607422,-0.006420317142270112,0.25925385892180347,0.023342291059196562,-0.04299007419591052
942,0.8124949798873372,1.0141687375726542,0.335350836867372,0.01916492824197429,0.15342147367557826,-0.054458931844479114,0.18123601535323006,0.04021042223431922,-0.0922625017869597
943,-1.3797082908424867,0.18580474072770398,0.2630557610327867,0.03754373111704271,-0.11973550819702522,-0.023549125338509374,0.1033278050505948,-0.08391562563042222,0.08479292797857005
944,-1.3540602010083396,0.21738352730960714,0.24090352956790348,-0.03822952954483045,-0.21422748643674405,-0.06549806126169724,0.024916822965109317,0.03886783220219929,0.0855830864998103
945,-0.4740784127459704,0.8086235838069579,-0.4425279058342635,0.08452287186507043,0.1354993604715719,-0.06442311364860767,-0.010555748354054631,-0.32397736573900654,0.1019141903203961
946,0.41499027164269847,0.9684533254229573,0.7661588618885369,-0.05713192895116286,0.1373957915628028,-0.09679585774599446,0.020708391621044937,-0.13682879599400477,-0.02039796532379889
947,-0.4022270862584435,1.1884049999818938,-0.3773606668444174,0.16097239206527297,0.022796958938556173,0.006162810104928486,0.1694257253886476,-0.17478712108001684,0.2022737447972119
948,-1.4294873799477623,0.3712194650981225,0.305764709245042,0.021589831861733015,-0.19609762430287137,-0.09334711465425598,0.02269141046353859,0.04685825613056157,0.09022106171244042
949,-1.4655047373083037,0.3255530649936327,0.3154251791484829,0.14521870865391323,0.034390301671438875,-0.14950808401662175,0.1460029538085925,0.03760788982383612,0.1442672616168525
950,-1.4519700888816085,0.4081765943663833,0.33005939048154603,0.06901359081008045,-0.11037085313454668,0.16187940846551685,-0.127263975265957,0.15379306313291655,0.10557817089166703
951,-0.8699674430940741,1.0061823514550978,-0.2521840884043,0.04265120056653277,0.14816682925142644,-0.24874004024306132,-0.30772349528219956,-0.2708250216114203,0.13512568810822165
952,0.8064255665272413,1.7183624488480105,0.34981959176109584,0.3480427218977883,0.09962583425199248,-0.10239032327761244,0.21157023735301844,0.13437674152306067,0.295320167941795
953,-0.34243424608444645,-0.6016907360374383,-0.7438598626859515,-0.09556914668353733,0.3504632972728921,-0.18247478222632285,0.037201205371904814,-0.06031445493819964,-0.06085260078601407
954,-0.41879489379052387,-0.6714256231001794,-0.6251266192641194,-0.12214086378407647,0.20177000668945408,-0.103865730963724,0.08520517527439124,-0.08720661926017183,-0.012866041260916328
955,-0.20061060766176067,-0.4012898559815557,-0.8850707216619116,0.01933785594227636,0.6534837466257716,0.4585193346004726,-0.4106711038419715,0.07930581144515454,-0.10269413031076569
956,-0.15944804952864855,-0.16751474423898588,-0.7932138811479984,-0.3719649921769208,-0.11933334632440053,-0.0551965026123142,-0.2519020090013786,-0.08363262876192305,-0.021424511405199874
957,0.03438396639370196,-0.5263302669018419,-0.8838808153958241,0.7750591642035749,0.03150612734664926,-0.07070130994453086,-0.4051115681407336,-0.04470474486040414,-0.12683704615716346
958,-0.16575734494553293,-0.7395005071945941,0.06664405005411675,-0.2999796188339645,-0.05859834799136451,0.026282596326379977,0.02463227382126795,-0.06895890567536236,0.18452271929812153
959,-0.12343325696015457,-0.6030855744419256,0.1032811790942856,-0.4182615638224185,-0.1429609593500716,-0.005793433270884643,-0.13496425883583044,0.04730875448596149,0.19860671360733415
960,0.018833550475187134,-0.32280694705008794,-0.9052445043366577,0.062151670404406376,0.13109872782326903,-0.1042224463820979,0.03626825704381338,-0.1033216353234822,-0.024615315838444434
961,-0.5577748965197824,-0.7589544720361936,-0.00637783662717376,-0.33246083410425126,-0.3493254488958118,0.19097524205570104,0.18872292638412638,-0.05119755619667406,-0.13061084421383573
962,0.23527831735976854,-0.5913747769295467,0.2087112385132207,-0.29115604760409614,0.10231618423638666,-0.1484496742188544,-0.06608361819459238,0.12855064010680212,0.2697445435090107
963,0.12938479533922043,-0.5668815115590614,0.25417701550234123,-0.3539435253764445,-0.05034847777026518,0.1588036477484501,-0.11106157636361631,0.022970562096433247,0.14843692222535976
964,0.28841299115293323,-0.8895354789693847,0.21364296609247918,0.6750125558934816,-0.11454913104865898,0.053651150814874475,-0.2816011259957948,0.016348617250854965,0.10207902886245081
965,0.28565830838385775,-0.9594777424354788,0.17102476685239582,0.7189466275029521,-0.10542574472440358,-0.26865060096227594,-0.028062350970340263,-0.019556611042292702,0.06141408256180268
966,0.4936677302395833,-0.011973572833870346,-0.6460422526892984,-0.27952757420890606,0.10621991451724337,-0.09005987476990042,-0.20167496922563882,-0.03349879604522058,0.07968415377070509
967,0.5753797284674913,-0.11829628993253911,-0.1335960518101086,-0.4078565760648551,0.03969644687167365,-0.09426995243550831,-0.24359180861406088,0.04076819803267069,0.10606205153947011
968,0.4245898387167313,-0.6072856146606855,-0.019826629881917725,0.0882226097163973,0.2917255463257382,-0.18299043389567857,0.046124310682726634,-0.036608489851361496,0.014414001718472267
969,0.3553377235224855,-0.41046968043173576,-0.4261264465768122,0.15120873495321022,0.11610603058892423,-0.19485156194741962,-0.03355693839666642,0.07207968388622366,0.07244983778600278
970,0.4719058132977207,-0.44871343900876853,0.3783890930860517,-0.3760612719678276,-0.04766226087224405,-0.06986199991776264,-0.06479220191375297,0.059047620320629046,0.2018318506353455
971,0.950654836995517,-0.024573528247331715,-0.3709933329671096,0.06593724775719459,0.2022343140488949,-0.2696992163782875,-0.06169902216021917,0.2727909011908626,0.04643494845276462
972,0.6757173577927708,0.08354347588215644,-0.40943132363196305,-0.3011590630132109,-0.0380480070449633,-0.10087356630888326,-0.23385196737833613,0.07514437336646188,-0.00769037978785418
973,0.41931033391346256,-0.6492544101958446,0.2750939146112915,-0.14743848936942766,0.29693893977180635,-0.22669604397337514,0.06018261134142949,0.15771629185338562,0.24951355063434302
974,0.6102047811267634,-0.12847391066202954,-0.35753329938970685,-0.2451292748431891,0.29729874842140114,-0.19418574458235238,-0.15570786700934514,0.03502323833263399,-0.04197609243939499
975,0.4630843182847077,-0.7610692944658226,0.3268227546312096,0.48181267529085614,-0.08875954802609018,0.08109608804773259,-0.3196077228799661,0.01988180445173962,0.13733168476861787
976,0.6288688333155217,-0.7694957753395582,0.39030362591955015,0.6102757425298689,-0.16736976182859292,-0.2957715874581232,-0.16473640122658462,0.03519008532403058,0.04706659974449785
977,0.5193442951704492,-0.7713572214329372,0.3733038795692318,0.39771466737315125,-0.12448448265802037,-0.14691608297985345,-0.032645302073760187,-0.09627523525143408,0.04408419455495426
978,0.5769450171705938,-0.14149581725291183,-0.20777508883824117,-0.29388788362992413,0.015484899793950903,0.026442908926064383,-0.00036920398077485095,-0.10586302125638489,-0.0798391995376708
979,0.33952138410502086,-0.8141433170257626,0.2793548818528829,0.23711137496313126,-0.013506941353188232,-0.05911612623958632,0.1908767565852854,-0.11538482321549813,0.037815958516437494
980,0.6084734662327136,0.01509692202761986,-1.0669016349214773,0.6713706798731702,-0.4913390067794104,-0.01558955906482868,-0.05546790010836852,-0.11577370726732723,0.036744955139735004
981,0.7746325390069043,-0.6232115948779241,0.46095547706040113,0.508932140933142,-0.29215332404149214,-0.2902112987477134,-0.3217163370307648,0.06690803206573118,0.1123576090463036
982,0.6607075247214084,-0.5472290482653529,0.4856988589810421,-0.008009940200003549,-0.1604424876768175,-0.0444450792214768,-0.018881677525033044,-0.07519770582462117,0.09063992192515868
983,1.0808001424282272,0.051720682047674375,-0.23719882953980623,0.015557224271536779,-0.09146899591835801,0.02926154308898248,0.08010339198843035,0.0008410803516361356,-0.05788255462264647
984,1.1685568623551317,0.2820536590701204,-0.07285175588391328,-0.3963922434829423,-0.023265987980279988,-0.13262623062928913,-0.3049734246588947,0.09982357513544418,-0.13503283181435632
985,0.7933781714255707,-0.6813611591246954,0.5947573894923359,0.6633104698573737,-0.15101266019163292,0.6418462472914666,-0.44102722885075085,-0.05258610417601301,-0.010763131166707872
986,0.9322674929125087,-0.5934823108462148,0.6153003178766959,0.10057235048451878,0.13475720373427708,-0.08618279468828996,0.21480769104990968,-0.0846395554137395,0.0045920614097559025
987,0.840472211661038,-0.047962909741410265,-0.7747947012458283,0.7402330332149152,-0.5517492723734367,0.09711693732077865,0.1858221787746651,0.07635619545919314,0.1873917051879871
988,0.6176402488131015,-0.5603319223914244,0.5771180357067698,-0.16073682344883247,0.19460658700811892,0.702027409992119,-0.008195521103816363,-0.08911730544449861,0.036031674647045334
989,0.9040675606507655,-0.16520373653229053,0.03767713056540009,-0.23671793636419097,0.09812889325921119,0.13180144663213864,0.20465482291006484,-0.34206087160073784,-0.254429169315977
990,1.2001181808539747,0.07668147608430904,0.17010216491098804,-0.4032433463994022,0.08364474639468926,0.013515429561113878,-0.06914491209014657,-0.13610694267614842,-0.1213524907776948
991,0.5641313201823805,-0.7112771247986175,0.5333680725773047,0.3512690548999752,0.08617852079778006,0.9318467284359971,-0.1999198912476761,-0.07773006489454189,-0.03545674604629433
992,1.1794776270005192,0.008831906814890824,0.07489960355734708,-0.1307361406821803,0.05939717514321061,-0.13273340169797013,-0.21007606340140658,-0.11783278120648066,-0.253788132159564
993,1.5170645689096192,0.44821666457472487,-0.2541240672340355,-0.0008143133583150608,-0.2477747256975989,-0.017994121961591822,0.09294638590516176,0.3845461753040329,-0.07100105208493203
994,0.7652357091004639,-0.5911856787992209,0.598980561235465,0.06466856457600054,-0.18869756124797296,0.0789027976120219,0.15773529793461252,-0.24722267084458036,-0.04908323022192996
995,1.083991465065178,0.007470085914243589,0.13554310561658034,-0.34640543836534393,0.05792039393742917,0.02887092704278759,0.011831662371958295,-0.12736866787648754,-0.18427378426971816
996,0.8468872035017024,-0.5885213493258008,0.6287192182532523,0.1644517414383563,-0.2349642599024042,0.05020478234066187,0.041943596047565083,-0.2660696232856719,-0.02114758910245105
997,1.417237295861707,0.16789196684957036,-0.3127673288634356,0.5605872121522654,-0.40267424496727816,-0.10681046049582363,-0.16945120250094153,0.09772119440136344,-0.06066297309740033
998,1.2591628564056518,0.35462481294050785,-0.41182994012373536,-0.13507486891081802,-0.14369586647236388,0.15632123466530135,0.3209335117854172,0.159461398903319,-0.09393805042011112
999,1.4320631922531566,0.39389714214455723,-0.24436266147759517,-0.2391413030544206,-0.033734650860185934,0.09077862884732533,0.23469425761273677,0.19866135771875706,-0.060597147366248626
1000,1.213548616638874,0.2858979803127919,-0.24961964001615897,-0.22011244551691309,-0.13907553265268935,0.19355177416451438,0.37165999198219174,0.2228637986889104,-0.0892494111774848
1001,1.3410049755092215,0.30672514604888146,-0.0396160461201087,-0.3659298016414426,0.005212431730761953,-0.024322264425156493,-0.023597002907806187,0.14763415396094706,-0.1033385954483513
1002,0.9216705177784701,-0.6194601209088944,0.6287609211526389,0.31766349158296764,-0.2564841986251687,0.01127824776202205,0.03509678672377035,-0.29542011644905763,-0.011198661992240545
1003,1.0067074422100657,-0.1211263068796856,0.6871444804178366,-0.5261638170073344,-0.16356400459156814,-0.04931342430359923,-0.12349786228095669,0.12798793206503087,0.10295310988993037
1004,-1.097601469480042,-0.4440740184975084,0.00198581739635969,0.1560613808717391,-0.016287102945190937,-0.11313134547325726,0.1973920922193821,0.1198709211381116,-0.22712993136475745
1005,-1.0709238253478643,-0.3543123941144548,-0.007411826750321444,-0.2431000941522647,-0.2897806389649221,0.05167392052462424,0.027159351283622964,0.05603175805550021,-0.08965214764803209
1006,-1.0818204405491243,-0.2390193652053733,0.003311323180813864,-0.2534414182568281,-0.3701580343052742,-0.05251284727090703,-0.03347354252845209,0.23154890754726287,-0.14369990240364588
1007,-1.189099895903894,-0.1326641113162586,0.08774732955401868,-0.1743719253622716,-0.2737641988188857,0.010621349993835778,0.03805158475834865,0.12943471724318634,-0.26187153404628777
1008,-0.6636404183165788,-0.13606066043892,-0.4372948681535679,0.10370898802336198,0.46009945626764664,-0.33131764674682074,0.15120055608179697,0.17706614245653662,-0.2516948462117124
1009,-0.05968095653676098,0.07760018419204853,0.5080530485833622,-0.24037248121103572,0.022490934023208686,-0.19076975188304351,-0.2077460099225841,0.19479707104281424,0.09108849665608365
1010,0.10674993704693407,0.6820031748295745,0.10456457820666834,-0.12102660878562081,0.2492181978881341,-0.21104979597972903,-0.24683017039590607,-0.0895058826737443,-0.04897914472740678
1011,0.987406518532763,0.9154761390863174,0.15195067801083012,-0.11919933004938862,0.06964237261538689,-0.012351123298593319,0.15050995760911642,0.18924232645394404,-0.28071216792033094
1012,0.704513923176997,0.959725727738884,-0.27487555209428643,-0.048626243039356726,-0.0825509829530362,0.07447626554626625,0.2733506188401169,0.37346732797984017,-0.07572951164277131
1013,0.8926011079026954,0.6547574373245784,0.46031021203304684,-0.18307954480489982,0.16427209307764037,-0.028062320997809396,0.04194824518330695,-0.14362930119149647,-0.12875125099211787
1014,0.21779841867493138,0.903704451127155,-0.8093425507186514,0.02497029271265894,-0.1976617249635842,0.2290291905512485,0.4038510876975661,0.07975948898668934,-0.09035308418782717
1015,-1.1508208714959143,-0.4041239629751819,0.02304558024408716,0.05151856488691371,0.1540285668694366,0.05407018279869201,0.19480188462519724,0.1684212882306164,-0.2332592527747156
1016,-1.0872447397439533,-0.4519411717856019,0.0025834742157195448,-0.029235091000634063,-0.03942802889556815,0.14739855299735138,0.1239641848917104,0.03115095937556052,-0.12421311282977036
1017,-1.0976590058670217,-0.396609523819815,0.018962141027127996,-0.08292040235042601,-0.1195392090070437,0.17586009826957924,0.07344283278878516,0.022700555325347104,-0.12249817222546827
1018,-1.2212327957675895,-0.059030577408191946,0.12237944902381309,-0.15382879126206586,-0.26010999442932764,0.00021948683517693533,0.026694143143780363,0.06484900703663615,-0.08448352960808742
1019,-1.2064336378853142,-0.12501129648430112,0.10840639303979822,-0.10560664580702447,-0.20738381054302168,0.011900269954211022,0.07515017119700877,0.013375605643466421,-0.07107664848191207
1020,-0.4908390300072735,0.1566454533549981,0.4315504974580286,-0.19640651214204918,-0.07660694476491102,-0.16428924372662576,-0.1441520395566186,0.1944055122891294,0.02507117543863598
1021,0.016137568399195976,0.710357379750364,-0.695104032122272,-0.03446551130005647,-0.02372684076235947,0.06304471251656625,0.14454474411621449,-0.13801659601865396,0.020985987549561522
1022,0.0635098617500402,0.018609497126062108,0.6962238735534614,0.2213898424104293,0.06188422049723649,-0.11717854469918404,0.1222496603862983,-0.10831737309507303,-0.08123126326005381
1023,-0.0015115495649205717,0.3405236659454103,0.7348589416976771,-0.1843632572204827,-0.023714242135689696,-0.11032130724626629,-0.05196801585636502,0.08920570800894734,0.02450282869590179
1024,0.5825887780233431,0.658949980860626,-0.10765869079728495,0.05273520716614818,0.15686033767042853,-0.11988109260385556,0.025307714145502258,0.012481401418437484,0.02396898942929358
1025,0.695790369939307,0.7708294997795948,0.4359793301154989,-0.1264775439416692,0.14053287364486364,-0.0034557864049050667,0.08009940808962238,-0.16900135401117455,-0.21823294571255408
1026,-1.0930365201241514,-0.7387721997103478,-0.05012929219914463,0.4347115900242109,0.6852764197092648,0.012252215540651467,0.4495550314948561,0.1749501689981983,-0.05648447655098194
1027,-0.2090344852286774,0.6357046302838953,0.07072028732136852,0.077354798653928,0.3525418749820609,0.09146732874140329,-0.1861448612791462,-0.0012608664246491767,0.00514472630008204
1028,-1.2909896610392568,0.10840390081730579,0.18904274654773956,-0.019015569565814808,-0.29261733979165205,-0.07366308036211043,-0.0018758920780668753,0.13878100526498716,-0.18202770133187995
1029,-0.8111199889770292,0.736788235556317,-0.3326773704903744,-0.0500999571730939,0.07501362431596775,-0.21433275543749158,-0.2879792984072225,-0.14825666962287112,-0.14499846604623454
1030,0.4884641635870186,0.9075842311702175,0.3742440106421571,-0.08661704331885539,-0.00033083185720411657,-0.027610577946634487,0.12197728147923924,0.037222593023217336,-0.18415614184777965
1031,0.24183594986442808,0.2294557878930706,0.9249598645478325,-0.09497385323379966,0.021051880570429685,0.14124829394831875,0.2986264435957732,-0.3042813780721114,-0.06005930602378979
1032,0.30274844053527894,0.31800385643470763,0.9921523110427939,-0.08701983096020016,0.07877760696049513,0.08025499784164779,0.23201038195085855,-0.2586608345730437,-0.04679752821409331
1033,0.708037186646039,1.2704579202365192,-0.21067253671996217,0.041991962539851456,0.018825392523524526,-0.0072174069764839996,0.22688243707671618,0.3219037915346368,0.1623608807395825
1034,-0.4328619131356749,-0.04012477916818117,0.36513592194709843,-0.13417612169893325,0.06046363824001553,0.04435274423177319,-0.1564755949597971,0.014800113434492283,0.301755139417552
1035,-1.3517937663043091,0.14699991987573355,0.2510942096054107,0.12681652594086065,-0.1633888712190819,-0.04621422129763967,0.08032308242739991,-0.0890996064438005,0.028888222973065418
1036,-0.10728061473068247,0.4839155889077412,0.6703578518241343,-0.15961156565465717,0.05819970603246777,-0.2860328333683461,-0.2503956643512454,0.1755384873415809,0.3644349489258528
1037,-0.3336269046394281,1.1336640638277218,-0.3919006231717191,0.2231422403472203,0.2158004427538779,0.4141842249931327,-0.025199217416151526,-0.1329555761763105,0.1791811262116102
1038,-0.10239819429685021,0.8477850067829648,0.2866769562785496,-0.019123923962050027,0.17613696737582163,-0.16472437470562046,-0.1125027989913981,-0.1471647430238456,-0.05774524778630065
1039,0.5443065491830238,0.7922734428807955,0.46395197149703155,-0.01412650383906599,0.2975669667140269,-0.057059640972406775,0.04168143808655856,-0.33600717634746896,0.012935480709633806
1040,0.07429383473398814,0.1065401258264969,0.8728646300970446,0.19166920435097398,0.39928090777882097,0.9544358150853965,-0.019216626245902382,-0.13180031061385392,0.0237356741206704
1041,-1.2689354794953476,0.034075327587892904,0.16760334752155406,-0.08557480302421411,-0.21713392817421892,-0.01254511684807602,0.03326285478606581,-0.0037132180127476015,0.0866513840211553
1042,0.46072170107311533,1.2736371122794095,0.23969613720026559,0.025973751287835953,0.24332880699599707,-0.14416117813555204,-0.04385053527370124,-0.10697612276006147,0.005888171280643178
1043,-0.7860164168318252,0.520513293317066,0.5577917829209902,0.0518064943062042,0.14610572682660225,0.15255145648660112,-0.3697237396314393,0.27900567580393637,0.2713345825483684
1044,-1.3678813549945508,0.2434975296344731,0.24385671546784932,0.01707236455705039,-0.14309867602933737,0.007458984077554801,-0.0354142756890732,0.21050634439808313,-0.06033384330711626
1045,-1.377152399670434,0.2730447917488708,0.2611689748837147,-0.008768070796830464,-0.205590295000435,-0.0849644077472722,0.021930134121175882,0.039202438547211005,0.13675305123961945
1046,-1.3209847123917593,0.08041428573882814,0.21668147955422426,0.010024674679767021,-0.13407625131877882,-0.0034888939456163078,0.09561918387247685,-0.10567918990949086,0.09829708975357788
1047,-1.4220897528491183,0.36978970731422045,0.2999180049659403,-0.021096317045904995,-0.22796944732852328,-0.08989978544797937,0.000648594567685663,0.07089656563348568,0.060864433997935743
1048,-1.3673556738276054,-0.04742168989382511,0.24350245870448364,0.35778585435107824,0.472909846717974,0.7355330222832173,-0.13269849493753863,0.13109412946078106,0.1574097490328964
1049,0.6546087631407654,1.434622456641594,0.5899418687126969,0.09101803518598259,0.30326800879936394,-0.1630665115899181,0.016138101674636706,-0.1881748005241524,0.092160552134582
1050,-1.504513258707238,0.5379979819185385,0.376849681365719,0.09388214649763953,-0.1670780902429355,-0.12794857449747346,0.00988861928660548,0.0029750271292499847,0.27889150603892937
1051,-0.37864205991426136,-0.64695283317181,-0.6586708584421537,-0.09099477090119205,0.32638947223357084,0.2552962138862862,-0.07459867629880686,-0.19357690141131698,-0.0021627420772932053
1052,-0.40051963682540154,-0.4335033808228931,-0.5386061061712787,-0.3268650871606755,-0.23179915037850732,0.0485925022436524,-0.043093334484550876,-0.021603147348253957,0.010893397173834621
1053,-0.36262986485781346,-0.7517178012961723,-0.664279841107626,0.229962468973907,0.754044513304273,0.6494985346413251,-0.11593635436266202,0.17901137158676145,-0.039644242103973465
1054,-0.1105887431566971,-0.2480712409680406,-0.931492098869093,-0.26976510236820817,0.2005734004748684,-0.08134185682751867,-0.20047109647886382,-0.22143487748241686,-0.04908832417642141
1055,-0.12558344687926648,-0.7756749845487954,-0.3597801794885617,0.06163156151384854,0.6719742410229876,0.2378826205876729,0.001180656096342349,0.10690604091594122,0.06864926066211267
1056,0.1576228388278022,-0.9909390824408612,0.07865649839921675,0.712801468172762,0.07221848754883556,-0.4640596750149371,-0.2054077392036962,0.1918658604136723,0.14168651894131706
1057,-0.10165135334632336,-0.3619818649104228,-0.839605122774492,-0.13832036160666542,0.13657786236024816,-0.05020187126179748,0.030215065432545787,-0.17083107144555232,0.0019532810682837943
1058,-0.08351176974862577,-0.30511949913200137,-0.7744920026363727,-0.1876792888977671,-0.06223862020422246,0.05237120310586582,0.07517523357222902,-0.1470290237576877,0.049049002989619735
1059,-0.04460834727951246,-0.4052348196080324,-0.7438029157014688,-0.03538549109173475,-0.029081145451635114,0.07417469850999671,0.13618198690500283,-0.24010477032193592,0.07625316382394855
1060,-0.04711026704705266,-0.6473532483785658,0.14005347026070203,-0.3467242482983761,-0.09952042987719695,0.01592406307941195,-0.013975918771335317,-0.023023439049503488,0.1643717598586783
1061,0.15725477806738009,-0.2840563380961242,-0.37846766962509226,-0.36818583392047016,0.04094272999378943,-0.049797169416660514,-0.2317007433617808,-0.09042701747158818,0.07599266722297168
1062,0.045461382689982406,-0.8001105693160618,0.09926988170036788,-0.07810460858820574,0.4316772337548785,0.1080778712935535,0.009934987990139857,0.17816104948138697,0.26089590187389355
1063,0.307145866029587,-0.7941495005885598,0.2127540761485243,0.21619834804911556,0.1429986071101305,-0.2965994763610425,-0.04930303827509071,0.13609234797097344,0.1708511435461115
1064,0.010573299078112731,-0.5330790526893127,-0.7441815534893665,0.36686737011905146,-0.08485668012137966,-1.7687306774259816e-05,0.20401974605357467,-0.15797881926140794,0.04747851715084617
1065,0.4995234207377268,-0.1362529262696191,-0.2228165582871153,-0.3229155033086851,0.1433436543811752,-0.07715996801589224,-0.3887671972125689,0.13730270856180168,0.03281056453442755
1066,0.5830106001686421,-0.4271457283666751,-0.22591545557565915,0.187951459364924,0.6047328792320239,-0.1295666719900271,-0.18081722845272633,0.26584987590584014,-0.018741273154831185
1067,0.2982967020670604,-0.512219538959288,0.30688641835770497,-0.36264964156502133,-0.08353949932559085,-0.011436264539765102,-0.031897192912509316,0.03705657618791003,0.16858682185668694
1068,0.41249465637632904,-0.15727177631488348,-0.14983224221322375,-0.41548530160058994,-0.07313011515108296,-0.02247783817136178,-0.17018448278954038,0.05974694957781799,0.09231205784606519
1069,0.6222055446546798,-0.6143131153379023,0.43451151383289677,0.1697442945707893,-0.23948182726712922,-0.0582553837733977,-0.10439493535326955,-0.1394809095020515,0.12154156552892358
1070,0.9082748892865046,-0.09111742135943839,-0.04896663960255493,-0.22867107560367134,0.3494721811234615,0.20824893754763693,-0.1589106959112122,0.02649315890924432,-0.039439625067333034
1071,0.6491292370312647,-0.6934852292598639,-0.07404327735662433,1.0202233507023,0.4960706668710129,0.45603761542937465,-0.3247955419103579,0.31652846405207824,-0.13207150244551613
1072,0.7903901776116293,-0.6643689783776062,0.5115324068641415,0.46988992502469445,-0.30076882340678895,-0.12233937004750021,-0.09689151383974458,-0.14860963223924,0.02077648745989562
1073,0.7818197947306635,0.130470931073831,-0.6029826004754208,-0.22080387705548082,-0.06727683761344753,0.1904629560346995,0.22796007468115786,0.08601429603653994,0.21831355166284286
1074,1.1589821451469193,0.24409930060912968,-0.23880577256771568,-0.24973632145550773,0.004540144087872423,-0.09188541625458962,-0.13234059100825152,0.13135583289298539,-0.0519617294975028
1075,1.2407728544616825,0.3343631631392215,-0.13668136720222204,-0.37155904407361645,0.02165784861437503,0.13161446545246008,-0.11993383847454536,0.18576432799114947,-0.08377550411621743
1076,0.9383960771407518,-0.23693381846117145,0.04606998228546106,0.06343535271222853,0.0026015793365505237,0.007643562473575459,-0.0033770632598746925,-0.27303149078196703,-0.21673015060956977
1077,1.039364913063266,-0.27103380866939353,0.1874272557190951,0.184948573817417,-0.12123263611799365,-0.05732140463715915,-0.08558916701639885,-0.25353788158813134,-0.14944563942416983
1078,1.3947802311756357,0.07704738996787348,-0.2205685344172222,0.5982745962415863,-0.394841032654602,-0.0865386124109494,-0.07832299867512377,0.1263329308313054,-0.1031044761374495
1079,0.46362330246557665,0.1841100112151764,-0.9783951004116346,-0.12269579332866047,-0.3203402340995532,0.328433228653217,0.48152452536338797,0.07056133311392626,0.16128241657574566
1080,0.5444796264978233,-0.0006301896388839054,-0.9821086808433158,0.38501567434799266,-0.45199037685190085,0.27971130984227016,0.4077229593075492,-0.07941127807537755,0.1487918979152396
1081,1.3059196434435207,0.24490243140811688,0.06672060467685961,-0.39756603394079093,0.01870675204760789,-0.038018320599179374,-0.07605944398997376,0.05976475615071287,-0.11486034357733092
1082,1.1171693881775957,0.2133376262797792,-0.09894732719069954,-0.3302281496922828,-0.06707726017730505,0.04315256898053936,0.06266540588039153,0.09425622439196196,-0.15138518595558875
1083,0.8141299438926368,0.002050812964120385,-0.6467345771379852,0.17286401426714917,-0.1979392330516993,0.19694400179246485,0.41912103807748524,0.122616864592579,0.25624749330850055
1084,1.5075998735095606,0.06196719610116543,-0.06689934922375432,0.5589077647680631,-0.323776178534909,-0.14061857980086692,-0.17456824610489702,-0.0021417620833536336,-0.14494255786456578
1085,1.4279961671318604,0.5664479567381157,-0.27838373355638873,-0.3433751657609878,-0.1835349633246829,0.030706964032038257,0.11609960977480255,0.4647574070506741,-0.010456342142439347
1086,1.1002870736902783,-0.29513345167804733,0.19776849379483025,0.4362336001485225,-0.2617161255647543,-0.09720161122406831,-0.2212701444364545,-0.26977690121541276,-0.2566347409364062
1087,0.7884399716097554,-0.45936329967932343,0.6367936256759571,-0.2744633661834855,-0.06908060580809887,0.10270675662558984,0.13719956153792442,-0.1689851444204304,0.011427259315968875
1088,1.3863978139503847,0.3515393089612017,-0.11516107560327996,-0.3301943031663505,-0.01494152516970353,0.03544969214329205,0.07853758913677115,0.15824794881423357,-0.08190485066705155
1089,0.8450795789834853,-0.6988236593496296,0.5800965281418047,0.32328300616977745,0.11858243271732798,-0.1474087942047672,0.2201749365110458,-0.03630362776327035,-0.08414782718326752
1090,0.9887449875199512,-0.3093444253457097,0.6706842950035067,-0.14351266017944952,-0.23712562828113126,-0.046203974553428825,-0.06408526674366741,0.0024909384758447805,0.03374916285087175
1091,-1.0806124232093945,-0.3523614755231749,0.001120884679277414,-0.22877435040375171,-0.2720179618535853,0.06185000763132538,0.04165320985423866,0.030368885688048006,-0.10005117722048801
1092,-1.2654748689782076,0.08376622868033452,0.15621296318242628,-0.11118045371119083,-0.2939568671511245,-0.08888253236440619,0.004641039872353903,0.19728790091853224,-0.18966489554860108
1093,-1.2112156405239207,-0.11277056952944478,0.09930602425923798,-0.0348722373862767,-0.16286125792798456,-0.08500449375817905,0.11450646158843521,0.1708186618579906,-0.24551011188345223
1094,-1.1318773714385204,-0.2672647174124458,0.045622304011774084,-0.034000879493154265,-0.17605868916561843,-0.06010167439107799,0.13614929228950456,0.07996117530975001,-0.1362035008017469
1095,-1.1444862124555604,-0.33392697238609775,0.04199226323955826,0.21938090191168,-0.04302170573296177,-0.15782928567693694,0.14937008557289602,0.19361713741677497,-0.32066859391499997
1096,-1.135405936615828,-0.36637832754397476,0.02551013629739914,0.15528253187900215,0.000658974033175711,-0.13983669950687916,0.18375998142015232,0.18001369737127193,-0.2882812363145536
1097,-1.076621182133588,-0.3665268800473248,-0.0027581924853718126,-0.21953180572997563,-0.26230332194239625,0.06413158557165342,0.05054098172247743,0.0209501142967375,-0.09692947427082423
1098,-0.7383046895984144,0.08434917550871951,-0.3422865601952305,-0.12015122772180849,0.009257147498731808,-0.03024818464543673,-0.07658753112085752,-0.1581174918368061,-0.2299006439004821
1099,-0.1311534490451968,0.2645700013651483,-0.167810742611173,-0.09464816536117927,0.14827501184411174,-0.15166300816284264,-0.11867545743862247,0.0690774927478946,-0.032884331693357874
1100,0.1769133296930783,0.3444513455449251,0.057418720516247204,-0.16387259421504144,0.20032314446565713,-0.07973782753079885,-0.1268145971037247,-0.14671160389576876,-0.19762787055434958
1101,1.1352780108869613,0.8991989140238136,-0.0269796205110035,-0.09095821995193126,0.017158064057214612,0.016140693510697347,0.24049077217306342,0.2628836057581714,-0.2264352753562229
1102,0.46087844257897764,0.1486592041320388,0.907371319800329,-0.029200592450679675,-0.059226474915474114,-0.0015421429716534515,0.13156169720127722,-0.08431037033741286,-0.24565742675919516
1103,0.8322793403696042,0.9196378414335635,0.3145959404359589,-0.06142112110729915,0.3223132652237025,0.16817312855508684,-0.16358980147459526,-0.040115464299588434,-0.16399956161578252
1104,-0.6053881516200378,0.34647656222773887,-0.5118163859646546,-0.02997868140478385,0.3371733361406,0.28275173054054453,-0.41074368042677145,-0.141092739577742,-0.19740124163009373
1105,-1.2730720297224298,0.08992418565486389,0.15884874970680643,-0.14222781691049646,-0.30757317740758067,-0.07194438457183097,-0.005588559736279705,0.23953794809933163,-0.24966852216664456
1106,-1.3046767721127182,0.012433547626504114,0.18233015754127047,0.22223181642012418,-0.03229051871626351,-0.18209701180024246,0.13415138643032665,0.13542167830147073,-0.13780463576806054
1107,-1.1141196781912532,-0.28286610186279926,0.03411018464489067,-0.19451217400914073,-0.2533802121999967,0.04689558849157647,0.042072646367249625,-0.006968967523219894,-0.0017581228307047925
1108,-0.6568138662582266,0.10994014287615786,0.3268951524140605,-0.20664817906001812,-0.06688808673985532,-0.22931872077303408,-0.2646921459117826,0.24096516527576822,0.16033044195791418
1109,-0.8917467108678608,0.3487080185877324,-0.19252725374834706,-0.037317223578364235,0.022795629931246928,-0.07874632367639436,-0.07649559658438344,-0.21528456200512525,-0.0010850068817557415
1110,-0.30985822443459027,0.5168469248919165,-0.5734842559586559,-0.055126590966957774,0.010742054415012576,0.0464611553219897,0.03750116828938441,-0.22601056756622062,0.007938787560321492
1111,-1.143719444047266,-0.3354003873961719,0.0627441308603113,-0.07112126513107003,-0.08722458113180864,0.22897875146533891,0.0742450667892845,-0.11013945756180907,-0.015998642830181715
1112,-1.1079930736389203,-0.41839993515678703,0.09718063841014915,1.0163671651468016,-0.11580325127380252,-0.012687235093080004,-0.11784641647092294,0.13001836193828614,-0.2966294733298449
1113,-1.352299147668752,0.2360350977054352,0.2559017254281752,0.15457361754525192,-0.26977161937937066,-0.1410302094760583,0.0027024807393350885,0.07824362148660521,-0.04625102411206074
1114,-1.215903407715623,-0.2008689457198101,0.12237590151572843,-0.013817095502300716,-0.09076666301945725,0.0619902366605146,0.17082525311150956,-0.15941092473700702,-0.022066946582832696
1115,-1.266225467534667,-0.009521809325418993,0.15915110157306406,-0.08265018224053987,-0.20252377501704727,0.0013400981092117792,0.06941586451445002,0.02820829203396599,-0.0996473185917871
1116,-1.2868134235977333,0.0305741950416625,0.17987376813479708,0.007197722950125559,-0.1555519132826744,-0.04841843712299216,0.10543378754233454,0.004056016980813644,-0.025391104800596916
1117,-1.2665192353645387,0.07437517521075368,0.1571094958673087,-0.10887617135694819,-0.27944370407283425,-0.07409694028903047,0.007382252630488476,0.180352998225142,-0.1312494585978003
1118,-0.8732490190728741,0.20197197870340275,-0.1918867108247414,-0.11634917983812076,-0.07279632212554338,-0.04114854716010107,-0.07500546830050625,-0.11630322296871148,-0.04103970422164798
1119,-0.6586975277175875,0.2613772317062574,-0.4385511632268396,0.2786869512253274,0.6123832396746565,0.21673188002855823,-0.22899962685164493,0.1811264823255818,-0.23224097702865432
1120,-1.3380768209436031,0.12511664910386522,0.2266184423504953,-0.060699637359299445,-0.16096877922920147,0.13058849012355497,-0.020657615093461975,0.058925652427549255,-0.05846094761659279
1121,-1.3699792948385026,0.25574972631988796,0.25225140340454744,-0.058898149232524795,-0.23632142884991783,-0.06535837867972656,0.009735678979132911,0.06949493549466994,0.016790943777008724
1122,-1.3190303507792358,0.07418468638467494,0.2088627688522121,-0.0012288935715636228,-0.14540954526452682,-0.011164334805297762,0.09988649047765083,-0.05279787262344022,0.0009664619976030675
1123,-1.2834827359953964,0.0796591246453085,0.17638890587990536,-0.08467467577833727,-0.23713927223041031,-0.04407382336707511,0.024771093680569817,0.07015488160617538,0.007541535431691544
1124,-0.8218202073891121,0.28525506416467233,-0.23670597513397904,0.3389841047060432,0.23623801549850307,0.2453332269222564,-0.2468557186789613,-0.08247397642673387,-0.15066177333245043
1125,-0.30363345372205053,0.8670323806476672,0.16881934759690978,0.05051466577447432,0.05892451467003213,-0.29546672332142915,-0.23859187053682504,0.13736676084915625,0.09123848954280245
1126,0.21876187201480057,0.7739430747389001,0.1637305920310734,-0.04752591870911898,0.2144908941015202,-0.15003240887656785,-0.09400532552088328,-0.09710438891573009,0.10298095285325859
1127,0.9603890476865594,1.2134647889653434,0.07076978737888097,-0.01907072542433847,0.03685808126049612,0.023556214427275162,0.25019598108207813,0.11804362490671205,0.017701974748889623
1128,-1.372792797788815,0.2080758042266984,0.26196696402352404,0.08132908042807208,-0.017714250122385193,0.45830614709116585,-0.2330001696974384,0.262071904280607,-0.035332197736260645
1129,0.07559053129196044,1.0177260784983855,0.2548638829998026,0.08850399955388695,0.23828911292250834,-0.11488427025509204,0.02568154769617017,-0.17538273071077312,0.1372414141841366
1130,-1.3910824193306166,0.19962776095808987,0.27686711351668375,0.13106434320668903,0.011326882850635187,0.3449262016166522,-0.10586975211930419,0.11934905285143833,0.005601008321858464
1131,0.23345523856685216,1.3794399771070194,-0.2643667695248952,0.17657466865586427,0.10242940358733603,-0.017778136023166864,0.2234947938369443,-0.016370501323333165,0.3702429859205459
1132,0.406266070554045,0.938661880730479,0.7054995916148208,0.12132395367652915,0.4259855631855709,0.4326801864728556,-0.23715860467796115,-0.00017273838785870617,-0.047691144326208204
1133,-0.3422688830170798,0.9016175779593142,0.12088955554183693,0.007500138152323632,0.24114179265950436,-0.3089259432436712,-0.32503285906284585,-0.06573126283845505,0.27951549364232836
1134,-1.4523552030244846,0.4016652799724009,0.3264215062406501,0.032350182472793886,-0.17615459053987567,-0.07773632580337356,0.026204688597903914,0.0019800978352968695,0.16224732148805968
1135,0.8666632897957445,1.5724395523944874,0.3045101059332158,0.4372967290390564,0.0982188424975589,-0.10954173540986425,0.24372350722858985,0.11851746244227593,0.18118251176321332
1136,-0.34368241644661507,1.3342307372470485,-0.42264061795457936,0.22747921825478273,0.09926272703217764,-0.05352057852779447,0.12202666236280461,-0.25165944643677307,0.35052014124080677
1137,0.33028836388363303,1.4329527360341716,0.31618692625717365,0.14925101547882835,0.14437408286208075,-0.04843926633953574,0.1966752533852709,-0.03631011389496874,0.24304393157301338
1138,-1.4804983724092968,0.4415579473648742,0.3558493857613824,0.1299371600015082,-0.10794475945059409,-0.1000936343001108,0.06337445673935498,-0.07144391939945931,0.31932615611342563
1139,-0.3784089152663938,-0.7470016570476269,-0.7033434172950047,0.010954099315225294,0.49018698773566494,-0.20015394965734146,0.1850271818647614,-0.07927637900376511,-0.059373087998440696
1140,-0.3934015155123268,-0.8255616673448232,-0.6983652390589729,0.0834656961597308,0.6115849174165503,-0.2489450876736784,0.2749163176476004,-0.02542585053033559,-0.06604938023630856
1141,-0.3348659352429019,-0.4675739046194873,-0.7038556513809726,-0.2817773172046622,0.009560911144600013,0.0016882772645086335,-0.14382969415855304,-0.27570296879414663,-0.003545908840082488
1142,-0.3588601390772586,-0.4541835050022106,-0.6348927299991765,-0.2981312720031156,-0.07625932147576991,-0.01580078741212007,-0.12414852581908004,-0.15655192663286727,-0.0008864423182113984
1143,-0.2506754489541336,-0.29306761361530964,-0.8192768863801201,-0.33706443685197307,-0.0007044147402696444,-0.07179720195538376,-0.2967906512389069,-0.20762128604456742,-0.04875345947521484
1144,-0.18937815231499147,-0.4624747657702527,-0.8427194546967918,-0.04852684770383534,0.34584063686211786,-0.24021631479130715,0.05019446288233578,0.022981080489924616,-0.07537120487805456
1145,-0.23932670401996203,-0.6440908991564059,-0.7934461266788558,0.018255609630308887,0.513894947895562,-0.16161363707770174,0.21022548786822184,-0.10647935138258144,-0.04029735443078948
1146,-0.1968800085026668,-0.247134710296402,-0.7486855846571722,-0.20628907560514254,-0.08535209550579567,-0.17116649464343978,-0.20040359578861658,0.09338038664312022,-0.06719375760272325
1147,0.010945633051414362,-0.7909302626652217,0.04061431368095219,-0.10727080718075929,0.46912002179290524,-0.40082857374249764,0.0010232755287113411,0.3624270161785726,0.2611906389126069
1148,-0.012143262730305172,-0.2163559701490345,-0.9774660581391434,-0.1105944643858342,0.1386484924815444,-0.18144900853320467,-0.25713540602968366,-0.20831443608888775,-0.06988153042198667
1149,0.46708163748753373,0.02089773358117761,-0.4784756729130469,-0.35864096561543507,0.042314903531296695,-0.3580378167643039,-0.5582568651049725,0.27577694613044507,0.1786129954504585
1150,-0.23095104590478252,-0.33943627030727624,-0.6727507612291175,-0.28929972801478376,-0.14946499283817738,0.06494279168097118,-0.014542627096104875,-0.09242302379369337,0.034058562243138996
1151,0.10728200586679965,-0.26701331878679474,-0.2683078379551246,-0.42410553265432616,-0.04546983433999019,-0.112641902637624,-0.3096892582169706,0.06777407392434963,0.03875048826161662
1152,-0.009429621318694471,-1.0023480097523803,0.040285164968039196,0.2600794554759709,0.4239245452770715,-0.32857273229071565,0.1455601563902769,0.1442584708841109,0.15323561325799528
1153,-0.02159797907235541,-0.9710486574642837,0.031043985742660967,0.25399084371185593,0.3868064716242605,-0.36085272961305914,0.13111211307457843,0.2277074643749646,0.13312809839453238
1154,0.3058397787334698,-0.19937606499213623,-0.4076768942303367,-0.2902326065842817,0.21910827918969192,-0.11903288970400465,-0.41129101405273893,0.14252426512184435,0.0654214436923177
1155,0.4844000916003046,-0.20552913660651118,-0.22396813488941478,-0.030375491970719138,-0.08917694143545185,-0.4034156116062486,-0.5735608137212442,0.3474311528610941,0.20517818384544306
1156,0.2277937967067445,-0.4323760248982628,-0.4630457973523296,-0.13278998905476203,0.4685117849517796,-0.2200981184980863,-0.010927510271436326,0.04587213366548737,0.06315280722942232
1157,0.017864992423350684,-0.21279417131698208,-0.8237565585973595,-0.24235595022173353,-0.0669547763199167,0.18086657360667643,0.08717724787227263,-0.2817817780652034,0.08155010801589771
1158,-0.06880701846804207,-0.11207510276155631,-0.7417615302445129,-0.3422639126989132,-0.27051868411198793,0.11275303128353657,0.0014253721988887664,0.011070047595939719,0.050373643721111666
1159,0.33069104410126166,-0.2501967880093921,-0.5099088428209696,-0.0159854424638059,-0.04997613298761152,-0.15509427226217923,-0.24570119767503576,0.028312739006498226,0.1140170371449351
1160,0.5226462866609606,-0.6231127446587607,0.28712730009234605,0.2918042457694569,-0.1692647895280513,-0.32617122288827305,-0.31087680290280345,0.16618969401304373,0.22524079842137165
1161,0.5496359985750101,-0.40421544282151084,-0.3225001632193654,-0.022152252192831935,0.5343682197346649,-0.2046945399869944,0.17124891589259442,0.020537101089400787,0.010092111545166971
1162,0.547405797829711,-0.12366803509883068,-0.18858080855925802,-0.38905825934265703,0.07745266696601966,-0.10555145960532837,-0.28175948455019706,-0.011756457176221487,0.012042112686611175
1163,0.5469821479297675,-0.17819714425154262,-0.16463105402598527,-0.27317916932430064,0.08497865548647882,0.1136142728211057,-0.10810268864587053,-0.01564270748383328,-0.05018051235652219
1164,0.5836942609567976,-0.10119714896432906,-0.241267080056855,-0.3311187411220698,0.026851301486998828,-0.010851505684423403,-0.11078182821361801,-0.01563191337404342,0.030682182702334082
1165,0.560594075258694,-0.4163221820906078,0.4328621974242246,-0.017357665831511503,-0.39057290729978217,-0.14255786074320728,-0.23143735972322504,0.15023488544086108,0.051797067598565706
1166,0.40322229139180205,0.12536528392537452,-0.9951125167693501,-0.1785927642843091,-0.1709134977845163,0.2243700725463488,0.26142835077091625,-0.10450477227542022,0.12665448322885092
1167,0.621204988922648,-0.7290872184752366,0.46807219284654433,0.41687999809033527,-0.08647867211722413,-0.013812364363604081,-0.03679384926632279,-0.0020378246247740525,-0.03957430104564096
1168,0.5744646593348925,-0.48966079017497893,0.5089643537231388,-0.3404303051969372,-0.05622311662461685,0.08103546033444936,0.11968725742439405,-0.10465036418710254,0.051896832896568226
1169,0.4904951343297767,0.17761697212031832,-0.7719380391643318,-0.2658219392362168,-0.2754240355401753,0.22355365346138553,0.23027446859562617,0.13613926147993674,0.17163568713451166
1170,0.405723664703256,0.0703708074062857,-0.968046739239287,0.04274346139606463,-0.3363810931653354,0.22690373350198445,0.2681796503157364,-0.05377536113788306,0.11453273542001381
1171,0.5043861396440217,-0.9773442367321636,0.373853854841577,0.1669746665074149,0.6713886558375699,-0.05320142659992115,0.6940147604537937,-0.1607506392196122,-0.05811915366560466
1172,0.6591546520608264,-0.53746343382044,0.5621165646650212,-0.2891469408225477,3.760655883378918e-05,0.12326203606573395,0.21633201361570614,-0.22429508097763026,0.03486507569948385
1173,1.2203443420181892,0.29243563705251174,-0.29910508280359177,-0.09375263102944488,-0.21278184020514943,0.1538179816427404,0.2654846180515989,0.12772881309801873,-0.16176287744894802
1174,0.9936886576215449,-0.6040989010492807,0.6274342237041887,0.5152069914327642,-0.40234995620960623,-0.05131519990558227,-0.05895126449818173,-0.25099004501807787,-0.026760337825240975
1175,0.9996550877724811,-0.5364149918534148,0.6493207808255479,0.3410373298331328,-0.3330310596892921,-0.06756963204246691,-0.08941553302593122,-0.16942911414650358,-0.00016520076933309943
1176,0.8115474502998966,-0.8369985239244622,0.6013886989722775,0.8492881642088258,0.2135590084998144,0.4949286938758629,-0.20752570809143417,0.0859341161038035,-0.1425933794407469
1177,1.5932760642481874,0.2934366397136153,-0.2752190203691391,0.5715005440472614,-0.47900448566712445,-0.07445810195775461,-0.052025690152322994,0.24715912061276127,-0.12183413579353766
1178,0.6805154688924082,-0.41391825769059065,0.6552333424030347,-0.21422379791388918,0.184282648568789,0.9623470110731454,-0.2185158918292185,0.10471510462358016,-0.03061835692771425
1179,1.110105871958586,0.08584917802372795,0.015795373972003056,-0.3286662111394761,-0.03476221840202636,0.17819803928739525,0.20003344598853062,-0.10233736784305876,-0.11602707686498387
1180,0.8567118955739346,-0.27342513358022513,0.6500409822508674,-0.44888026421137694,-0.15211380881127476,0.0970001484479005,0.08954259726408728,-0.057326530249808196,0.0290834582949421
1181,1.1475863789920215,0.2428494131991728,-0.5001075672121251,-0.06608702704854254,-0.08754840383772342,0.14683053673134167,0.31031008237323976,0.18439889285704897,0.15767968851782835
1182,0.881673689673433,-0.1809847263537641,0.04024470596678475,-0.17007680132936892,0.06353614178409932,0.13322090877533987,0.19107745901304285,-0.34178505664185566,-0.28267613722289614
1183,0.8396588409884164,-0.5862081851358479,0.6062498515770345,0.3006632819813884,-0.33840494421778766,-0.029451082107048162,0.00980181614117742,-0.15647689767597728,-0.06910335614203073
1184,0.9281045487865359,-0.37344104957405105,0.6595882507885406,-0.30396625993931187,-0.06104805066159501,0.06721238287286935,0.09954578759666366,-0.11961299542294598,0.0715728253849228
1185,-1.118755745460947,-0.22502560834387084,0.035212782451874695,-0.23329478847808288,-0.3138408410653292,0.01038191501743095,-0.0030161304328739733,0.09675545720306979,-0.06828970209186373
1186,-1.1110113339789358,-0.2987299307399704,0.02371431221688359,-0.17050130198478075,-0.24764774304555426,0.029784420346954023,0.06594720871684083,0.06366894095742981,-0.16296266099807197
1187,-1.0657225307665108,-0.39536081927556677,-0.012158198087708724,-0.21052818651396374,-0.2506631665581713,0.07132578929124293,0.06090765063936763,-0.00018793619165854126,-0.08636488510059635
1188,-1.0794354121189975,-0.3012508519073214,-0.018193088133233244,-0.18118400303492235,-0.2382944968299094,-0.09155717126264219,0.03530193268233723,0.2667203426027182,-0.16496819991393152
1189,-1.0759252237668047,-0.6461455593537228,-0.05813470337222636,0.3724065600224283,0.3975920984935388,-0.2936485974265743,0.46357484362557416,0.23082217478322944,-0.261499466813918
1190,-0.6326947689839821,-0.15927909880348415,-0.4124361829847136,-0.231115256780264,-0.06849828463924375,0.0200804118544567,-0.10109070646451615,-0.20099343594808908,-0.033192970566817324
1191,-0.25940026107637304,0.22472132178154264,-0.6829320101387911,0.020194532334690835,0.15809158142641502,-0.14851427249866733,-0.1497443245120005,-0.26372049837578354,-0.15690887124693664
1192,0.04706098067741839,0.4406864291969346,-0.7266609998948221,0.6165402079164168,-0.12669388699925968,-0.06824833474678244,0.056064767387527345,-0.15599599120181548,-0.20908273987891945
1193,0.9665890352820407,0.4517555977998644,0.06998141677320809,0.45966820921578233,-0.06130310175128266,-0.025338638118483914,0.28042088343398425,0.07474327292014035,-0.17336940545693327
1194,0.43316392731651604,0.40414441272977875,0.22996013842690655,0.012472068766476134,0.05903358061342307,-0.014695263899469471,0.02880638772951054,-0.17902877898007202,-0.36949395323657547
1195,-0.9643383061165836,-0.910479259584593,-0.05909756500510435,0.6940901792968367,0.3980033317426401,0.7220387341708442,-0.11871087504358568,0.06342076369506007,-0.015541870396760187
1196,-1.1800620333947789,-0.18728653841609513,0.0841792072546258,-0.10702955940781621,-0.20094245146257791,0.02392733150107823,0.08816188277743939,0.012240811230020684,-0.10749983700839677
1197,-1.2851910622925065,-0.0031563092932352897,0.17807008073160824,-0.04735530030078129,-0.15947876765995042,0.018743115776185742,0.09936662435304187,-0.0637276532151199,-0.037689356777890544
1198,-1.1081368645897498,-0.40498027515336255,0.03661035313832009,-0.1075357034880734,-0.12825271481311643,0.11558980262461788,0.15180561572728712,-0.2159191524581841,0.020860226984701368
1199,-1.2075331583441768,-0.13118768704618894,0.10780344490989095,-0.1037297669983749,-0.20648564276164508,0.02026603850933833,0.08134188996943857,0.02175728074610612,-0.1451819136258848
1200,0.3867861711952248,0.4890382988624322,1.004854840120213,-0.21449786893603376,-0.07422011876007827,-0.07631178905404301,0.03543911215346806,0.12037044856661269,-0.2020826030752577
1201,0.8136445443827143,0.8831425679899599,0.47315045782396187,0.0015599754901691083,0.16400231722462993,-0.21100474538482702,-0.177778281428477,-0.08544315377250661,-0.36707633015718094
1202,0.1778998429523508,0.8122165155994093,-0.7592377404017653,0.2440351297586021,0.060257376644021754,0.21839664365753766,0.2781384158120271,-0.08996261752664607,0.0735997054771467
1203,0.2980507586638193,0.2943483794187227,0.9981278463295126,0.14255915247619202,0.15827002191640746,0.26209757452533067,0.09814254116307719,-0.13279365087673392,-0.08947439219582516
1204,-1.1837126190375984,-0.11926720693465569,0.0971883938688251,-0.1928385464441473,-0.27138157570237265,0.02093812673371346,0.004625594828201182,0.0036637636489124034,0.08601961681718205
1205,-1.3028993189580151,0.12210891453934986,0.18991098308873616,-0.025549234514353914,-0.2271342175823633,-0.09568949426280904,0.05121318768716019,0.14425884917168594,-0.14916327219801004
1206,-1.335064642272654,0.2160807274475644,0.216355095646936,-0.09507921802238314,-0.28335447620342563,-0.08748347263750879,-0.009643192386395986,0.18233120985001075,-0.12263659661109187
1207,-1.316525894330953,0.18009320799662001,0.20276545372005694,-0.12016974032117182,-0.2911223573148831,-0.07136868731156548,-0.017252102248837168,0.15947672217210562,-0.08741005650377587
1208,-1.334014712059067,0.06478408630209607,0.22770570843642227,0.0855510567994407,0.034037994363138445,0.5226935703197404,-0.17616904234474595,0.16176694144729822,-0.07689549485697152
1209,-0.5981203836551479,0.08156701462869198,0.33246233408611736,-0.21980574183636106,-0.02875937390247255,-0.1963291850327174,-0.2560464088099276,0.1297685791028095,0.3298802851686967
1210,0.09958639755917774,0.5026419764199593,0.03654543487944519,0.15841612615999706,0.20793510739321835,-0.30996427077877076,-0.32920957075799967,-0.07398726004349292,-0.06576301502246457
1211,-0.24675349214302958,0.6855934056121906,-0.5198116589556129,0.09766224058920855,-0.09167464923238978,0.08468386343978068,0.18083133298707302,-0.13745266222248512,0.006537876497696422
1212,-1.3509112954995737,0.18842086205386258,0.23615466625059284,-0.027261154329240023,-0.17598321978371903,0.07843633992942378,-0.03331247107897253,0.11930283905032484,-0.07675259019524411
1213,-1.228803485160972,-0.1424364595160534,0.12490574749998551,-0.011838781385338986,-0.05936224055489516,0.14101266988253178,0.06066992566069109,0.007903492000524362,-0.039937529657194916
1214,0.17648988349867561,0.5102422252835231,1.0581893457194003,0.034011412455378275,0.18466810810398668,0.15777660405327737,0.1541262999878134,-0.26466571447331294,0.13441265810913564
1215,-1.376927670100406,0.13583333441709083,0.2472964256412227,0.12656583913378142,0.06709522609988645,0.16934661400706594,0.009672405360922173,0.11773323142568153,-0.022068448049532025
1216,-1.3272044620797656,0.08135303574042063,0.2200016104706567,-0.0061923177424089,-0.1307689999082589,0.010360903817119193,0.09719126002347463,-0.13274411807754796,0.1355861739992
1217,-1.331285331018444,0.21758488522523076,0.2141105367039516,-0.11002525383832266,-0.2954044857883929,-0.08549095846071822,-0.023343931539270685,0.1928463941443972,-0.10671770632560383
1218,-1.379424143899061,0.26035747053811853,0.2586836177268114,-0.0398035501712306,-0.22102629660806408,-0.06481723580977716,0.02562839062367921,0.07085992048436823,-0.023512259802045733
1219,-1.4168281127353437,0.3466954247619868,0.2932982848257137,-0.011287413671664316,-0.21367902272198672,-0.08387973945704613,0.016075997927024323,0.05445230240824495,0.056418868519554424
1220,-0.07415584970815987,0.9490644617412632,0.16406423385216834,-0.03851283072732419,0.23276606166665392,-0.3180034013388739,-0.3077044484403127,0.0005636722476700896,0.0028045925985424615
1221,0.403536508856499,1.4146419340086058,-0.06117087975474071,0.21258121420503462,0.13693091666840887,-0.20066270335735503,-0.006454592754316417,0.1718529401677453,0.3013165730044295
1222,-1.4035603370996934,0.31929550771135334,0.2852441765886681,0.03840748465276342,-0.13351507734433382,0.16625084064843823,-0.12785465458867784,0.19829877169208748,0.006046314970117077
1223,-0.5835543474388206,1.0139025212048518,-0.3879254880599008,0.051740507624752956,0.07434447139983918,-0.11164578351139116,-0.10279909970967038,-0.21403174256483526,0.08302742204836372
1224,-0.8814855814727507,0.816816987163987,-0.254317828556818,0.02291419059623882,0.11808283786393627,-0.20837104117609254,-0.2604895054281574,-0.25408751617255443,0.03491729233419963
1225,-0.002489647125783874,0.8499986331066289,1.0624096323466559,-0.019544233959174213,0.1009712317069049,-0.20291881316286767,-0.057445698478534535,-0.012360084647161068,0.29234980888121614
1226,-1.4893200905208979,0.49313232959137704,0.36537153957142543,0.05507942760053427,-0.17360136814695978,-0.09780918577651355,0.008833915466625035,-0.02549958269289529,0.27340060859412274
1227,0.7928168296864337,1.6532489455485588,0.35903454752175357,0.20511698942505835,0.1992410783085335,-0.08834323452109297,0.2502718737831155,0.1003027268029126,0.223063960795281
1228,-1.5117981146880033,0.5526064081717957,0.3870949550649869,0.07788678575255618,-0.17108846819642326,-0.11443459355568272,-0.0025546459884556597,-0.025749861006542935,0.3336047469728714
1229,-0.36441936262986035,-0.6805232966638921,-0.7271551213676422,-0.020627835329001965,0.4590600259677789,-0.23120894895487726,0.12827584600301978,-0.010307573864393236,-0.07520409700375912
1230,-0.08540505050900771,-0.3130733111318647,-0.9406913030929394,-0.12680805657985597,0.32741072745855404,-0.22163066443087417,-0.08455665216320409,-0.07161124175258676,-0.07689743153144002
1231,-0.21055634990196212,-0.5771433955958114,-0.7365071593776809,0.06294755288823162,0.17774516138827232,-0.14143696926773847,0.07376342148529905,-0.11172715872373394,-0.01509086864606104
1232,-0.25049575373014266,-1.1279662993873123,-0.09523679717071624,0.5121668274037464,0.40163924204762097,-0.03560638040259025,0.07746191823328324,0.21429392099520356,0.10805329904544751
1233,0.006287795362124535,-0.9391187372229101,0.04604790939502667,0.3787421702950032,0.3567494725296932,-0.12889751147526737,-0.17871664308178925,0.3221315057927129,0.18351061698054813
1234,-0.05078762489630934,-0.1642877698311894,-0.7546629267969891,-0.33707984101641536,-0.16343871709278604,0.10839015729786351,-0.028353194642892814,-0.14977857035544068,0.06653669395798333
1235,0.020843377264112582,-0.7528529570708313,0.13573102357138472,-0.16707958574029175,-0.014201819267516439,-0.03735673507620602,0.036157320351027956,-0.07140729052970006,0.1890034142558732
1236,0.4013291568137446,-0.7548731291933399,0.2104820537502303,0.5649479649401469,-0.18862011700898548,-0.4241131322605112,-0.3846597666334651,0.22515498216806298,0.18797312712280193
1237,0.20623543499270164,-0.46322007784525054,-0.9162323240706459,0.7408953087927895,-0.08782963972516243,-0.14419474017369777,-0.05215938582515729,-0.21345207425463958,-0.04024694933881219
1238,0.09221939373611406,-0.8780002592801521,0.11837291273153924,-0.04453264460903697,0.4509200909706325,-0.1767945485927291,0.2709904128088034,0.0821045309208972,0.1755517816038079
1239,0.27292493300230597,-0.3756726862942081,-0.17072854637963392,-0.20510025787301892,0.03918699616479055,-0.1390767341833132,-0.14389084679438308,0.0396406885849992,0.03418566092445071
1240,0.20699877950805248,0.055509077734896314,-0.971602529199128,-0.308505980578458,-0.07895821113695223,0.05136410205458656,-0.08637110895935449,-0.16656614133244013,0.05532132524659002
1241,-0.07808188359005089,-0.551127078737129,0.14881584731857284,-0.31095412994010035,-0.31389817515921004,-0.012674077137268194,0.006243556183104036,0.11320008667099048,0.01516073941138512
1242,0.4628129083400286,-0.20124113019542647,-0.4888282375770406,-0.03515745821434668,0.05787563374825897,-0.09899433050665425,0.01173195007047538,0.13287043041636268,0.11773672317009892
1243,0.31104170753191995,0.1206582232309804,-0.94489380415673,-0.29291787541579295,-0.17189003568480757,0.15733186706544128,0.08007976754415372,-0.1405429335252528,0.11419311800024369
1244,0.7388031966302708,-0.1762259747271624,-0.07975681578345664,-0.10957544107244405,0.16812720268120063,-0.05288545528956757,-0.2766751223460818,0.012638706685869,-0.09148895977562016
1245,0.908285254329616,-0.24076627729050382,-0.0953480883416529,0.35463248284581045,-0.17950077192161615,-0.2251550421537352,-0.3915381922745112,-0.09092825703549882,-0.038794189838733985
1246,0.8862716836831408,0.2911615099889537,-0.6049953753712035,-0.2967163128944175,-0.10090538108472318,0.08850649649724447,0.0762411604138064,0.1569357228016893,0.1347822284013788
1247,0.6376456936751254,-0.54606564835032,0.5225801677028579,-0.1808035081155834,-0.06822184582317012,0.05373436734406204,0.07748983313518865,-0.1716569933285144,0.06951949013892056
1248,0.685564402953367,-0.6901959349589138,0.49239331798738584,0.3879791970264868,-0.2758887282406062,-0.06966589084974725,-0.031704475775978305,-0.16956370291728956,-0.009525628661268765
1249,0.5157612626467095,-0.6957155563661548,0.42933192530375436,0.15512382110784145,0.09612132519577596,0.4480055161987769,-0.01219599210814251,-0.08750177259910602,0.07795594592126044
1250,0.5964832284869143,0.18209405728778408,-1.0763119605479399,0.06804232085196064,-0.2557752681709931,0.22221979683169152,0.344988797073379,-0.07284622193993559,0.14009704572914425
1251,1.0225377275073693,-0.03245735640229275,0.022080163977264394,-0.18592569117367416,-0.0016954169230582001,-0.04537683611364717,-0.1409406931686466,-0.025821233368422045,-0.0316715808983312
1252,1.0194441608568796,0.09337170049747494,0.03241562758929241,-0.436783957032622,0.07343553054216659,-0.06585613978718731,-0.23046514558693476,-0.07178355715272706,-0.21029217816462348
1253,1.0244876685478266,0.07837267720445544,0.21702763420680882,-0.4653819979234784,-0.062261699831628305,-0.04185540228865359,-0.11810024624833199,0.021982499334240894,-0.18140227480029827
1254,1.1340834187806237,0.14336649721600833,-0.5053105352140467,0.2861931359328831,-0.287420029615635,0.08805235711192287,0.2567542162618078,0.18459166698486149,0.10713368008615093
1255,0.8704169919283715,-0.4647751715319646,0.6124356095838174,-0.2243436698846554,0.30458687449558647,-0.09514153028520195,0.29133110825386804,0.08693252427790484,-0.011423342809256424
1256,0.7769781362182129,-0.6556149684155507,0.5620180775866946,0.20577645263678818,-0.1497784760567726,0.056367901570242566,0.1519037817945098,-0.28335584001607694,-0.006782134533673355
1257,0.7552281917376227,-0.6999326558329333,0.5909299740481462,0.6965953011539405,-0.09894309231088005,0.7777519312002006,-0.5117808301780572,-0.008096704493918043,-0.009439238781966647
1258,0.7919509252604019,-0.6712582072939408,0.5989651405244732,0.5519769660538524,-0.05576057692864437,0.6482173707626327,-0.3827724253444702,-0.04911129949556389,0.013562861156833321
1259,0.733895123127138,-0.5033623530897984,0.6076258172465976,-0.2289751955718913,-0.07419276010641178,0.10909927956063917,0.21592229646704839,-0.18048888114091258,-0.021811510696631543
1260,1.350460864085186,0.23205844378079576,-0.037492718526510434,-0.29343084796290086,0.19548334641627474,-0.13284293021467428,-0.031258397224211074,0.09423948634335205,-0.18079061241332267
1261,0.8884529346311457,-0.335500228925904,0.6925964248253267,-0.41319633720569016,-0.053379358326103334,0.008621277588215348,0.006783919979830019,-0.03136993194533297,0.08029214264823518
1262,0.9064379716951976,-0.6193634584191635,0.625695218127768,0.4426171822586303,-0.3815072462231261,-0.03998126500663124,-0.06560991264250732,-0.22630681343369183,-0.050506582897588775
1263,1.3378627145654436,0.018283561529664157,0.009603303665178971,0.2123906304581971,-0.14889522510815847,-0.07093665606722543,-0.05030415197119905,-0.05775283913554983,-0.1597862886628273
1264,1.4474228596728886,0.23199859301187295,-0.21919820127981057,0.1961096806283163,-0.22473299734717914,0.05057839482477123,0.2285496879652262,0.21912339025269434,-0.057217688773858695
1265,0.9150202857328888,0.08302046869108667,-0.774778900393418,0.4989582943417303,-0.4176682519669397,0.07211067709340807,0.13288152568818556,0.1604635359257844,0.21834973032331426
1266,1.3151795290968322,0.20966584489803713,-0.5838172482659951,0.6320631069241713,-0.4669577343630668,-0.04474178520108698,-0.04748079106394617,0.20063075360775914,0.12450884902515737
1267,1.5558141065375997,0.2774579280423469,-0.3137813058569593,0.5942513113728348,-0.48440295998809385,-0.0665794518953273,-0.017187417784506474,0.21788631983977633,-0.144067786832892
1268,-1.0179690490948925,-0.47237594083384393,-0.04945026585704121,-0.2612830206529411,-0.27684448153855085,0.08451169768578116,0.03910880707802038,-0.012338138510324385,-0.009704551693222407
1269,-0.7251930068690426,0.05649771561476468,-0.3366084694854461,-0.21373134778130026,-0.05639662054724967,-0.0031766999804594903,-0.12564971846314799,-0.19903795339213115,-0.06039992769783416
1270,-0.37031607203401223,0.17351344745248054,-0.528771094084203,-0.12886526901213774,-0.046295783652841,0.08611722094570767,0.06142954363332907,-0.1817781681670982,-0.06614494971890784
1271,0.6413835947564034,0.08452350082196458,0.8433682118638309,-0.2984974257629222,-0.05499326523607084,0.05032727495581585,0.1253293314873886,-0.10701197060532969,-0.03525809760009899
1272,-1.203804831775527,-0.24794756889980624,0.1018516406584171,0.028483260511940944,0.08654725267270226,0.5538244634925309,-0.1238201289564539,0.21124735637184933,-0.22889135910516806
1273,-1.1390001277723711,-0.2524593946699843,0.05292540335990242,-0.1718126550403381,-0.23361392439916162,0.052085302777399034,0.057401162887071,-0.01490839315414391,-0.034214129927928084
1274,-1.0958011681944475,-0.5520884863425354,0.012578702509848282,0.41332013563147924,0.16018884911203035,-0.16149935256708864,0.3313235639322291,-0.025418641641436725,-0.11535942481309562
1275,-1.2904153684812094,0.016718172303373455,0.18144066942385947,-0.07104435040897603,-0.18137002156059487,0.017056160818324527,0.08263394878932491,-0.02836612284510196,-0.07505351336622268
1276,-1.1214420890033412,-0.25187976441894544,0.04206174605089975,-0.23687514120703362,-0.28591742279184484,0.04745446255834629,0.011951530881504246,0.01787069061443251,0.0056832732971949925
1277,-1.2463676421037353,-0.015962260933181944,0.14148802580210865,-0.09288740395186372,-0.22861472499577898,-0.031414631851368655,0.0526777017577258,0.07679030412298823,-0.08408280900833964
1278,-0.7619180054530862,0.30041789752798415,-0.3258903992797338,0.001890580124786432,0.015969471152449337,-0.11064677488570084,-0.15400081583565609,-0.18639715508606608,-0.22860855357541218
1279,-0.42029970542798867,0.7528983628551024,-0.41359096573595483,0.15312766688387322,0.0041571623240961066,-0.03637601191950835,0.09420322272908048,-0.1713336248660043,-0.061296673824276456
1280,-0.03987532347259049,0.662279210747708,-0.7028459235688514,0.04193984520562089,0.00853411435338037,0.13430483227455922,0.24211502805941434,-0.18862541358896953,-0.010263807265882878
1281,0.1956994371109843,0.8831140067862567,0.5443599065917447,0.19040134780217854,0.5921333644348982,0.6346779901840857,-0.3609661987650243,0.2053071717747717,-0.09154513486556862
1282,-1.2296121430584896,-0.07941129959935798,0.12083127217433401,-0.1013870869976235,-0.15719050608537766,0.11012892389904667,-0.011816334451344775,0.16438778874089857,-0.1577626873708597
1283,-0.8003663504089507,0.1566773176500611,-0.2500614767134654,-0.03704512437243995,0.03209418777769809,0.1882761752505461,-0.20746972461125002,-0.018131744711744044,-0.04229737848403657
1284,-1.2513459042856563,-0.010689208323789267,0.1501525184341662,-0.1180560071763769,-0.23263481989545803,0.00012178894187707507,0.037459504507748716,0.02180744411614483,-0.023226912670571004
1285,0.7431558106763387,0.6805973251915818,0.34398808037781636,0.24000449975460122,0.40001510853050687,0.5339518201486627,-0.1150051323214643,-0.09619034781208835,-0.03125989931801509
1286,-1.283774767062848,0.06441541491317436,0.17534080588356232,-0.060638964991980696,-0.2141528134852516,-0.04548193109455706,0.04642845721877852,0.061591303265005816,0.005601004984866054
1287,-1.2211555222144361,-0.10261143663846253,0.12938194986396692,-0.0836748433378231,-0.178352203892952,0.03081719646099935,0.07495982860938238,-0.09665269356388852,0.11225505818747017
1288,-1.229225439654848,-0.0791544916676101,0.13534283677635547,-0.0941341458536295,-0.19026948467367455,0.02715151154156341,0.06360056016550321,-0.07694159824123775,0.10420926068686476
1289,-1.3188258588712432,0.12469605112807362,0.2054716084933064,-0.019641186418277824,-0.19647954892390918,-0.06061286703435763,0.062343399681237685,0.06469513365487506,-0.05480865016505069
1290,-0.40988274983404055,0.6382790663845213,-0.5890825055688076,0.01094128640608005,0.17952421380289021,-0.11480648577619403,-0.14188650594219224,-0.32616995022320583,-0.006348611671372679
1291,0.5218798109627772,0.7982803669821228,0.4765002509234573,0.09638455294571455,0.21050708482725586,-0.1307880604905329,0.054968885973229006,-0.1908920112618035,-0.12727301579575617
1292,0.40562932648895256,0.9443013744790937,0.5727901678158164,-0.08520128206505401,0.1382009799625706,-0.06116965918527694,-0.002666640989727748,-0.21065216364868214,-0.27462935368206365
1293,-1.4049842093927172,0.3250075739814275,0.2805975226157815,-0.022558944168695173,-0.22283461635542137,-0.08707431036199001,0.015261421561757197,0.09234836089983577,0.011349196543713448
1294,-1.31111776311885,0.16905149943515124,0.20459767358516492,-0.10557903431675394,-0.2685596824049434,-0.05850716118032782,-0.01840821501933591,0.07547612854693518,0.09256285669270599
1295,-0.3582384518062128,0.7978021264638827,-0.4963790716397511,0.031004643809753166,0.06310158898822782,-0.009490565583362668,0.03126936583590512,-0.2367707873529986,0.09953981505426024
1296,0.6452941670028832,1.1573640891086845,0.2538056601035599,-0.006189505306557608,0.13024853084010873,-0.04295944076804899,0.12377636543634271,0.0024967488478318985,-0.08082339579559734
1297,0.8369393077457019,1.0829194492830976,0.43534838709920426,1.0066382424728308,-0.14578844373523137,-0.16310239880632912,0.03891174218392863,-0.1919838293102673,-0.011559835508521294
1298,-1.4240219237390073,0.3777613669573693,0.3016847994586105,0.011838313391908927,-0.18632333095764847,0.025466088552502965,-0.07348958626225645,0.15294127768398916,0.059317322130687945
1299,-0.671253512095231,0.8143817049012285,0.052546268746209886,0.10922588451860486,0.3227283475356813,-0.2773825430655739,-0.2126847492585713,-0.14638379077163974,0.20409759271994005
1300,-1.4897677449314983,0.5153532591321855,0.3616231975540524,0.04662819942320046,-0.19858931841726385,-0.12151081556623088,-0.004946550058598595,0.039899512471155446,0.21055565787984087
1301,-0.19346128503672452,0.8038932857112838,1.0167846819298128,0.02078773179593645,0.049004745483832136,-0.10825393017239598,0.049065064017842455,-0.10552930905689324,0.2829057922308621
1302,-0.17659197047765612,-0.512301699685239,-0.8643756504472796,-0.037270154894647654,0.48942563181402704,-0.2658969752030108,0.025459347985391827,-0.08053182286645778,-0.07510433065562222
1303,-0.16843455981727665,-0.2446658750214443,-0.8279897559727986,-0.3202402782094959,-0.027214407207522662,-0.02396671781045035,-0.21879403650374252,-0.21609036362976672,-0.022144313768439436
1304,-0.14568335456954004,-0.5228988077687147,-0.920686377937084,-0.0023508948027843243,0.5648173124547817,-0.1966236254154482,0.09896111188387127,-0.12964743327505943,-0.07505300302257607
1305,0.11615758724654472,-0.9305996748853309,0.041080536827806116,0.6761262256173557,0.03795128451759718,-0.5722617371284406,-0.34453849143035975,0.37327857378871376,0.17668788264242216
1306,-0.03899579039736312,-0.16126282355086446,-1.0092824935374802,-0.18295840840541056,0.39253210149993645,-0.3694700892912493,-0.20366765610615192,0.13463795409369786,-0.12022886886855709
1307,-0.0848600783008204,-0.6017485848546764,0.05838669844663802,-0.39010151589935826,-0.04895408798584045,-0.1514871035385695,-0.28341367312005333,0.17288367764648957,0.3438043367726567
1308,0.03558485359586438,-0.8015864617707963,0.09286533400615875,-0.031613471475557584,0.23314887910934917,-0.2634016265786471,-0.030407466701532535,0.17214777041067475,0.21563544323110745
1309,0.1929506406518278,-0.3375294982974895,-0.2866895436661863,-0.3637841448559976,0.0992042901469522,-0.10385039957751055,-0.2826198907236661,-0.03774608655359081,0.15230402084661734
1310,0.0005813833182793413,-0.07487205269724788,-0.8736136622288005,-0.3425721653055804,-0.11543073396486248,0.05180638697502357,-0.1363313224159636,-0.15989690498372885,0.022238063737380496
1311,0.02618903997455266,-0.5025827139519874,0.17430213316358129,-0.42388923606121387,-0.1723249160444329,-0.08649514903998895,-0.17772370708358995,0.1667099961853607,0.1729049011697185
1312,0.0560609618114134,-0.03621831768446725,-0.8940308459301454,-0.3334980502296215,-0.1079830484355619,0.020177023055243767,-0.13522070604534775,-0.11627296910389397,0.029756053876012857
1313,0.13692362508004569,-0.23511434967524145,-0.4152338847810866,-0.36296231816690055,-0.052161784204944946,-0.00830225018672851,-0.15869484318402594,0.008783420360637976,0.09191213495833778
1314,0.08333038970385345,-0.2290017883818525,-0.9135887153017849,-0.03882187770077789,0.042172439160899106,0.00694426388368132,0.08093576472204374,-0.16842242776546676,0.020203579506383407
1315,0.04430895809946713,-0.5007443585322886,0.20893204767676166,-0.4363713780004247,-0.20606850831949783,-0.003036321370863623,-0.09396727367911913,0.09856887485717244,0.11812687135347721
1316,0.4758292955046113,-0.4517627625120636,-0.18802998268865428,0.1495068212703603,0.12107088563285212,-0.23300246936737626,-0.21857200984875927,-0.02185916828199194,0.036183367026884385
1317,0.46354156126937046,-0.4268232754598336,-0.17244193285829035,0.09445524656788759,0.016683683134771622,-0.17167436712067993,-0.22909875404240929,-0.08959479678786572,0.05369439404115737
1318,0.40168934441062776,-0.7462669854156946,0.2818542896948402,0.16003102767855393,0.08315871993852776,-0.1788232275374883,0.026495785330521087,0.026868767744132733,0.14569829760342123
1319,0.3562931338707256,-0.44758376079750567,0.31887479973201005,-0.37397255188653594,-0.10399981422023634,-0.0862160554595763,-0.08621654377450487,0.14751948995184583,0.18044475017071493
1320,0.5037263970394265,-0.7339556567326795,0.3346494991758428,0.6071036777635261,-0.23154987086259,0.24059773277425361,-0.47959107068094303,0.010532003847068852,0.16990705360376038
1321,0.37283401875790095,-0.7400750433766866,0.34083853433510913,-0.006246277817799325,0.09161150252268609,-0.028987448306562028,0.2209064651507504,-0.10410968431013522,0.045455669676813915
1322,0.3678310527156073,-0.37718827086073764,0.4238269035895429,-0.4456746899610074,-0.2617289757224538,0.05833749678780678,0.026983827866919236,0.08016273795748534,-0.02138240806655703
1323,1.0271682144807923,-0.2876390912558637,0.1252188068725547,0.41661766793048344,-0.1540001767817306,-0.331266750499042,-0.38061844887304225,0.045106068964730156,0.006545755108835722
1324,0.6224515015079722,-0.6117715986773531,0.4562421427611449,-0.028739899005378794,0.18464768946798432,-0.17792782111206537,0.0764961825298155,0.08965763462573229,0.0731042067490264
1325,0.5909306305630007,0.08488233181878528,-0.7989560826129186,-0.12616646485887517,-0.11605828824620629,0.1806168336979367,0.19838314104221202,-0.06826798305787725,0.1887451740726072
1326,0.764438887916797,-0.21499083698521496,0.1256992418367745,-0.31785823536804414,0.0658379902307172,0.003402155253013358,-0.008087286260675588,-0.12488348710546684,-0.056161488038864005
1327,0.7199113188965,-0.4587644106626154,0.5609626525243484,-0.28691888788287495,-0.02968815537715827,-0.0033308212668818845,-0.012563141742226254,-0.07743720582925034,0.11753232955166334
1328,0.6934576371936354,-0.7228462409946569,0.48247611761864034,0.7357854269473663,0.024434396298906442,0.6535185419597693,-0.5512994891848307,0.1097183629315435,0.07567646995889375
1329,0.4766121476381687,-0.49603770251877854,0.4657713744301365,-0.3169470820666228,-0.1264867861707101,0.08553406340093868,0.18849184736173882,-0.06430668257022688,-0.022522072178432224
1330,0.9393998690515354,0.15369528869212024,-0.5893768106066423,0.08193925884490735,-0.17339552382327708,-0.03610989898539873,-0.1346065470275394,0.10783888733836294,0.18789361528455462
1331,1.1700360194859907,0.18763659055073115,-0.10911718717731521,-0.3213864489168764,0.06701401423834544,-0.03848031174436468,-0.050095264593748516,0.0510803618105048,-0.14124853238092816
1332,1.4064883761515203,0.4903774355253847,-0.32286590427599166,-0.27754023198702754,-0.1144867354334941,0.05141902658044151,0.17176558497358585,0.3817365889660209,0.03560172093384082
1333,1.0702350907640048,-0.1751030393844785,0.30862089583041113,-0.20063596597346578,0.013793385182227277,0.04123404676026601,0.026691094681526802,-0.22239895108873678,-0.10829925944833793
1334,1.2183559387486975,-0.1485923801225584,0.23689917793496368,0.2019570558239115,-0.13649126660261685,-0.18511792211244113,-0.24052111808396165,-0.08567999686737629,-0.18705035322714395
1335,0.940613314927675,-0.5113993009821044,0.6423935336077049,0.15296887088356578,-0.24736093345977953,-0.015876228318938652,-0.0006787699942321628,-0.1739956677028885,0.00445592615668422
1336,0.9247469223547561,-0.38085182653813565,0.6492385646236438,-0.324490856741182,-0.011320575458433528,0.05668067198678817,0.17019748986107233,-0.12164085002176998,0.06867484064944121
1337,1.2323626698306143,0.017609258333947563,0.09867827861679856,-0.15509591430417896,0.05762928770139817,-0.05253707541717354,-0.15093419617440182,-0.251131760735574,-0.21002289556105372
1338,1.2763682583041687,0.17649012177880835,-0.39095020249691964,0.3156038372961727,-0.3064889489079423,0.07320112783218004,0.2042386522745073,0.1657816168686005,-0.0036228759324352156
1339,0.45987514255608875,0.23983653450545847,-0.9703882758838017,-0.19548169073141686,-0.3669488861763615,0.3561255350442939,0.42670172348351065,0.06677404346426935,0.1661685076239497
1340,0.9601036060084386,-0.5464607618024182,0.6557974117021875,0.28965470215571565,-0.2969740230984294,-0.07677005160072262,-0.10255635332892099,-0.14460925080175105,-0.0031027392998172346
1341,0.710915291607024,-0.5867295232611431,0.5867272228006608,-0.2136437056791112,0.1155958558829672,0.10821173249275788,0.34635575503232596,-0.196186213959931,-0.025884384995641593
1342,1.005995808137357,-0.16493573170902648,0.7034686175899587,-0.500037315289769,-0.14408733860953118,-0.011548685457813304,-0.05070434036101009,0.06822417811997283,0.10296679302079256
1343,0.7144870019575952,-0.33241374902897197,0.6447025186323972,-0.4773488006898892,-0.17949270928797953,0.13899233551350976,0.07157192307817362,-0.0815951303963691,-0.0073095992941916614
1344,0.5983974360127764,-0.615574861809742,0.5651001565057739,-0.024977822084476454,0.34464998856170825,0.9167647366403452,-0.1063907612130017,0.003937274193301411,0.047045210188139196
1345,0.5973064328734098,-0.7670934799574494,0.5300497496943457,0.4794895107799716,-0.009552357835617366,0.7963760382429345,-0.13649529846148975,-0.18619099346617116,-0.05597887444219556
1346,0.5401927693416666,0.031603708023406174,-1.093780474311609,0.10382838289796964,0.11147376184245422,0.20446433911245884,0.6698410371595931,0.05169484855091255,0.12376933454374742
1347,-1.2501682017317461,0.06378246762430069,0.14037065397664333,-0.17332153579050508,-0.33651737212670646,-0.07013359352115066,-0.024198968644624858,0.24979522106633253,-0.2749049617166049
1348,-1.0295982818850755,-0.4134040193765741,-0.03894871414221901,-0.3212903957725655,-0.33309361568472223,0.07354537371527438,-0.01212801073418458,0.05001303953937386,-0.008771210868121876
1349,-1.1386568592682464,-0.23932550106484024,0.055500602782493184,-0.028049562335091708,-0.25338849695922905,-0.03220639352659766,0.07206038198205947,0.10122151223317072,-0.24951448390825745
1350,-1.1569336542748436,-0.16146269942847402,0.058674575826689786,-0.19291303984027372,-0.30263889591495335,-0.015578865225661912,0.016778927842984463,0.1846001463839244,-0.23064581669594386
1351,-1.190825993633806,-0.1454820966691194,0.08838405547749446,-0.1433514829269006,-0.24792281031110916,0.009507256890431194,0.06202747882173548,0.11314429024208682,-0.2711754716090559
1352,-0.40728228582721326,-0.004219074986450477,-0.5966130819535153,0.14268583139432683,0.5081238643691538,-0.16062324889187046,0.24553280512832196,-0.08462024072010622,-0.17430838724320774
1353,0.16163034141737592,0.296139982226121,-0.15073526750388655,-0.15517385942199613,0.23195666145837157,-0.17430933017052958,-0.22884618930459125,-0.014377170596998305,-0.06155370158165687
1354,1.1629518062670723,0.44321511964492555,0.15053311478891632,0.018070494455542624,0.07203244429912734,-0.010324011173506339,0.15352069607385327,5.824067857260438e-05,-0.09712359843184493
1355,0.9325675756631191,0.8120338573901233,0.2670642671908899,-0.06479452651706036,0.13530054964403104,0.015393136375228399,0.2274917278328936,0.08855560825844765,-0.3409917357963614
1356,-0.18934122405287515,0.159103362878053,-0.6495968749811242,1.0297205385939892,0.11641291886044232,-0.1272072846296619,-0.2885609216164416,0.0016310080603804283,-0.25643342670283903
1357,0.11203649567335958,0.3038740910264781,0.9178999924997896,0.5750542403637524,0.08628981606564162,0.3741541974405762,-0.27227421467787155,0.10300399575273642,-0.14619873633747513
1358,0.2712219297947724,0.5239167636201715,1.0631009864437768,0.05233030535846945,0.3391244839475028,0.6124385106798764,-0.23532152006779075,0.10824788297453206,0.029400464116499377
1359,-1.2060112531510414,-0.11404118176839972,0.10728801375226234,-0.14467016156387555,-0.23954277617302475,0.018301927634006822,0.051380927021334094,0.05117053134084098,-0.13054502698381534
1360,-1.2172910880414125,-0.013676614767529426,0.11747948420016978,-0.1845689861016623,-0.3144835343177575,-0.03626670636474285,-0.01937802739636379,0.15171474855196995,-0.09404786727150032
1361,-1.1421465764902394,-0.22296983468529746,0.06851955816121329,-0.03425902688868085,-0.2453601341768638,-0.019340552663164066,0.054693129765470055,-0.0025002885095164098,-0.025072692646416695
1362,-1.2269026225092385,-0.3191211449984284,0.07420810218308584,0.12504559635931267,0.26577598935144514,-0.11956948599573293,0.331156438115772,0.08645305401498579,-0.12673229929036184
1363,-1.2834178472655482,-0.057245729668987104,0.16814962056489435,-0.0033074738131481166,-0.07261383073193119,0.011186770064102071,0.15257497138228296,-0.07618039423834691,-0.035891293269330375
1364,-0.4796958922757427,0.38871037669610536,-0.4272257997344942,-0.11646729263005075,-0.03542586677857489,-0.01237448390478918,-0.035914097344409014,-0.16998193575264967,0.00827216985285744
1365,-0.17755102334299575,0.7022147962956822,-0.5882996834499038,0.006399183447905287,-0.056713044346330434,0.06761458257378619,0.1791613430993242,-0.06327585276857331,-0.07316730087579683
1366,0.03361251112616247,0.7822870728639711,-0.6734707601667059,-0.01857309332507371,-0.1286484493474789,0.15218114979140926,0.26480323707965225,-0.07005991185896836,0.09858512806378214
1367,0.615723083170977,0.5533762702920147,0.5699652515448046,-0.019680979272964062,0.10503721644627488,0.008433511421658157,0.11803830875199818,-0.16715914296368348,-0.23093070334011048
1368,-1.3190122085899565,0.044915638574031275,0.2160561448304981,-0.032246566050617924,-0.10804823059787101,0.15931634147127166,0.02546234546645902,-0.05896961215477613,0.01866838910280051
1369,-1.2555779242556453,0.03267888734207619,0.14963278603249655,-0.13051569688319387,-0.2709727617796266,-0.035050372217558384,0.010912615854773796,0.12062432480695873,-0.0977183552724227
1370,-1.2114520497808552,-0.12240272259245433,0.12027709245852271,-0.07522568464914903,-0.173686696590972,0.025528920591385524,0.0838551855298106,-0.09977584441183558,0.10382321647509829
1371,0.8876426401129465,0.849811773527836,0.37595691235295753,-0.05937950046276225,0.20266449685146876,-0.04662632329230986,0.110116142702744,-0.05341614916540715,-0.1445406021418595
1372,0.2137455690435387,0.1870872920197526,0.8733012844676014,0.5124970535838503,0.23512951577916755,0.49159798947056477,-0.3251059334245963,0.12380754489389001,0.004763297703788798
1373,-1.4037022947591018,0.332430968026498,0.28172985341563556,-0.04374330223871426,-0.24045986598370805,-0.08676644739450813,0.0020003731597143556,0.0886158401353599,0.009768258561186717
1374,-1.355835322306871,0.16909655956363348,0.2414953752136176,0.016633628075534323,-0.15497333869011734,-0.04193104664498065,0.08359561539134296,-0.03267156319108419,0.025122799268618667
1375,-1.1858680623316473,-0.14155769868238477,0.09869343908647776,-0.13723249361155257,-0.2225358976785895,0.02857730169683413,0.04112096275260463,-0.05023867072357641,0.12023219044861776
1376,-1.3798651485810187,0.266031593633981,0.25902254883748416,0.0005641835858737938,-0.19842517776987467,-0.08968520046643075,0.037976964818813935,0.06890540114411653,0.060963339208313795
1377,-1.3834312318319297,0.269258792192952,0.2631107528286642,-0.024371521046094392,-0.2113584069557005,-0.06976550767804779,0.027939731938464257,0.061926194077035326,0.017945976018037078
1378,-1.2734423997936506,-0.03200908663814174,0.16543977940232427,0.15690933241897237,-0.05587072647171352,-0.12227562905633275,0.11539011313103004,0.0299530792281697,0.04818316898880225
1379,-0.18496638808725077,0.41233364892905716,0.72589507183105,-0.09714600302100962,0.025487595721419107,-0.1177478927073063,-0.03645392735445324,-0.009366034911765728,0.22869853382705588
1380,-0.3594024192475422,0.5680672151698887,-0.012314536985981301,0.4016816786970437,0.7301243968177793,0.7152036140654856,-0.16666767038802593,0.05919916301402103,0.19666357543480167
1381,0.10697539928795939,0.7167783932182675,1.0715502640942456,-0.049975780458001766,-0.011454078223409244,-0.04373028196430455,0.13081385211876193,-0.07154335088418406,0.06238465163084572
1382,-0.8679624387854069,0.8167023116120147,-0.22986685826347283,0.15680552549100932,0.3490020186978656,0.18798733017198693,-0.37459100603260126,-0.11001095543051018,0.06082420456784525
1383,-1.3304934736756515,0.18823290573266005,0.22054769022576978,-0.038937866714824944,-0.21923084569103002,-0.07016553641580377,0.013203717629916789,0.04941864110861923,0.15564098002800056
1384,0.04323773582197849,1.1281886089529851,-0.0027833261374848634,0.18667762143877792,0.16634873523912275,-0.23122330109367598,-0.08593890689282631,0.10718582122482154,0.2925665971229601
1385,-0.8050923274148377,0.8344906232804611,-0.2299650819709232,0.10809096001530598,0.14179126863729674,-0.14649293326380278,-0.11362895735447574,-0.32838134901576976,0.22354137117531578
1386,-1.4705487891615259,0.4388157186893329,0.3449049156579279,0.10758785885953276,-0.13810829422486984,-0.11593167757874184,0.05223029529503954,-0.016151549990238864,0.22440008460676394
1387,0.04175161122874585,1.3469499024188671,0.09209418000959434,0.22372629401101074,-0.019172788756272145,0.01251944531546301,0.32801777984470204,0.24114636627599612,0.5187908002428906
1388,0.674352733436148,1.5659256752246926,0.4283707409898909,0.13480930434708138,0.15433094872538095,-0.07239628733239636,0.2060869413904392,0.04719400671363294,0.1417883943942786
1389,-1.470135699528768,0.4295528774644162,0.3483971637838823,0.05991084557639288,-0.14744461048295296,-0.07130453461231114,0.030879638971695208,-0.07459620862327156,0.3081834492115638
1390,0.7198018828219134,1.237368031825023,0.18400698345009722,1.0979422477946612,-0.08149919244416576,-0.12601340882376422,0.17260667780058161,-0.15958630035842356,0.3311921173943692
1391,-0.47292495102668697,-0.6337324686406073,-0.5270113506519366,-0.23619832153400658,-0.07645574848839763,0.024052569573479423,0.015895265738235093,-0.15035851083848065,0.031061246369577074
1392,-0.2495519966315794,-0.6192539314487204,-0.7824414605832718,0.12284450226958435,0.3316190348103583,-0.23592165298305162,-0.027435672917659422,-0.12004104272997783,-0.08123797385793191
1393,-0.2902442482563289,-1.0444312461093124,-0.10323337242115084,0.34810368142084025,0.16752777145123926,-0.3340544400846312,0.018556272547844716,0.1911291085188289,0.13130012061157714
1394,-0.3493095737059602,-0.6005544069448615,-0.017752819165717647,-0.4447003491797477,-0.21224642398172766,-0.09134129818451973,-0.25369571134637314,0.21037151802464546,0.20790134756332793
1395,-0.42019173035375257,-0.39161381864179723,-0.6080764874026013,-0.4073181510761564,-0.17162488717513807,0.018663963855671213,-0.21546114813878525,-0.11706958015602713,-0.013154065770343705
1396,-0.38957933594452876,-0.8608745540795741,-0.6640709118907545,0.24798946439611694,0.8140545143723494,0.30786776372120345,0.08848508115629206,0.10634086970954666,-0.04913542355418089
1397,-0.1004665681559777,-1.028948812202295,-0.02263349785672028,0.37754097956326893,0.3238886466846582,-0.3771434596550291,0.040541156606407634,0.19979761606317734,0.1449682870648113
1398,-0.16792226355408088,-0.6884246182066706,-0.8241324966605289,0.11895395676526527,0.6429891742593029,-0.218342234120139,0.29708377373992095,-0.14577967599231215,-0.03455362882305021
1399,-0.19277818138337421,-0.5605849735198023,-0.8204436295143216,0.03198923093189637,0.35954720164067355,-0.15393752232483213,0.07635184436425736,-0.14933344186586528,-0.04634518662823228
1400,-0.20733371927718516,-0.956082889052469,-0.05947418704233688,0.048987030522520854,0.31040414196645444,-0.23496659022493602,0.11366527262147214,0.1311576325678817,0.21911122531026522
1401,-0.0397321214301026,-0.2973650224819202,-0.5254111347904766,-0.3837998559407544,0.015881031451297326,-0.07201264921003783,-0.3043885316703221,-0.10571790220648389,0.04494264718169479
1402,-0.29287208246987306,-0.37821748350578666,-0.6710238220598074,-0.3427121647201236,-0.10025027231387622,0.08063054437284489,-0.10993872221060032,-0.23257538685572737,0.023359633406131713
1403,-0.1420984222097853,-0.2954441481695237,-0.7791664422452251,-0.28422479101897735,-0.04370332374400384,0.08593102046177004,-0.06567860841346977,-0.274303911658111,0.027701338205078297
1404,0.02115504519328851,-0.7642628181805347,0.10580282328224225,-0.06587807689200224,0.07657269650738928,-0.18841499006884946,-0.10211542598953775,0.08853983850904516,0.22434500934311807
1405,0.08335523840191972,-0.7868204367128907,0.08742391654862833,0.0023155197120080673,0.20639073111854014,-0.22953632809728353,0.05820612549233437,0.15339607704978106,0.2101540344589466
1406,0.29724009345286445,-0.4238211394107533,0.2658408439876375,-0.459179322880875,-0.07434725285229316,-0.13665250478230478,-0.2800092860047738,0.18500157243089055,0.32201091085794925
1407,0.16426566279545687,-0.7911595208403267,0.18033592269811546,-0.0022895177107313046,0.2215748362368522,-0.19912938297970575,0.11046506647253344,0.10274100109327687,0.13715514359190414
1408,0.5952225392749922,-0.05851926547545389,-0.3085079587030573,-0.35223021067777943,0.07598896916541675,-0.09431326898146575,-0.21516768421478666,0.02639037983423205,0.03684500599262125
1409,0.20095430977815903,-0.43366940126379466,-0.2828637837240856,-0.2157163241854597,0.09932225386971248,0.025353538166743305,0.07780629325845942,-0.13983908962678784,0.07523677076765715
1410,0.15260020386875636,0.02421349338869476,-0.9055494005404617,-0.3074357912178456,-0.17013751498115115,0.12877998904736482,0.008765963769306908,-0.1098231033876314,0.06888519680166089
1411,0.09224202072211926,-0.490815124266857,-0.8541917117089275,0.1749503259108659,0.4109452420364596,0.008791559636995839,0.6349371571776341,0.004875366074419412,0.07276111666703171
1412,0.34800112908245384,-0.8071554871969252,0.26919466587148266,0.2338974877674594,0.12310944332374524,0.04170991450241555,0.14727334029276548,-0.04370043289810208,0.0773853016577607
1413,1.018476343410093,-0.1709436433354236,-0.2645824823851365,0.6061424178941854,-0.07797308326119924,-0.414901494341977,-0.3745919274342635,0.19489323216820945,-0.10877682283366899
1414,0.46375647121224056,-0.7698164106125068,0.36255964712550426,0.3375451456044701,-0.1740906073725636,-0.07634741960616091,0.002171911947326112,-0.15782871912508856,0.034840630651566194
1415,0.8224301927816559,0.09616671040041345,-0.13785061902815185,-0.4279248036071475,-0.011162812227169706,-0.10143819018434218,-0.2250424681540191,0.12597536590133784,-0.05775362188090263
1416,0.6500653466768704,-0.7392793265342756,0.456078090396719,0.561276668101078,-0.34227542594795984,0.08704311167671325,-0.18173681196791694,-0.2214280461905254,0.03502543719072906
1417,0.5088951181800301,-0.6202270462843982,0.47270663545193453,-0.19569392402320682,-0.046684338750562826,0.13829679206037407,0.24444922802453356,-0.25412432167549504,0.018882405812124026
1418,1.1278114840093538,0.36124849921688007,-0.2699571796408249,-0.4239262971076194,-0.05513750779777257,-0.04153401509465116,-0.13580990332013063,0.1470743901135846,-0.05067824688855932
1419,0.47898145031928246,-0.37367349176850706,0.4533697025875844,-0.3492765823276005,-0.2650055795559034,0.028250083776463698,0.011345560645060737,0.07104316505461465,-0.0022627591681043746
1420,0.9552772095344381,-0.2566413382416649,0.14099566546710526,0.09770362937381799,-0.0884602604129577,-0.03848726066633868,-0.12490901402047813,-0.25542177616393247,-0.19912307237946114
1421,0.6348487332597913,-0.6278972963068856,0.5034161883950286,0.036996299930005846,-0.1616220905763662,0.0863929944503627,0.14834767960751657,-0.25701022806196383,0.022398410353939392
1422,0.6685433624496842,-0.029635215144872953,-0.26546247428953346,-0.28563175736092095,-0.12748268724746512,0.2083465377975086,0.2141285996001364,-0.04403485792289264,0.019092093767666143
1423,1.1329340563738197,0.11642576826061536,-0.037230249027244006,-0.3343637106982403,0.09243744974845376,-0.023248353886231855,-0.0686409487055898,-0.01881025442951458,-0.1349573992984979
1424,1.1433123072167493,-0.051514653361114646,-0.002173211926950672,0.020451180149219567,-0.04104816057871907,-0.03754037107407939,-0.04390174630434294,-0.09782133876489822,-0.06613202218251843
1425,1.5774230115364825,0.2730570762583152,-0.28327644816105085,0.5263781017746386,-0.4180075801869458,-0.04404943850350692,0.00558949351875597,0.19663730437016144,-0.11094037935126858
1426,0.8081320392834579,-0.4078745105296714,0.6315884565698833,-0.26796363318146643,-0.10549493624387873,0.03272183426430022,0.11132582973762503,-0.05231377224494906,-0.006903831416206473
1427,1.0061526376135175,-0.1650303250809976,0.1675604217389861,0.02587106975962378,0.295317374426639,0.6898298475441239,-0.29674047226262795,0.09005155234444184,-0.052619868624033936
1428,0.9534385178528424,-0.5513472528991838,0.6500461404824506,0.22538505845262483,-0.25243010605232175,-0.010080197798487305,-0.024200558071858714,-0.23094535994624424,0.010577981578485043
1429,0.8577899561088963,-0.6836221442793416,0.6097301596636365,0.5173634528169995,-0.4119406281288942,0.017301795509415272,-0.02985914019369151,-0.3277001696034356,-0.07390548904679073
1430,1.4014821335685077,0.45471308002800287,-0.12374700079569491,-0.39125290460570694,-0.08184829145417707,-0.014295919209332382,-0.012281963985700863,0.2513957960487236,-0.100671231772031
1431,0.9969034434192529,-0.15407785581391614,0.11928773291585205,-0.08227396779438252,-0.027590967529380027,0.0133535018104645,-0.05867960252934326,-0.24913199470899586,-0.19541294742139914
1432,1.361560240904644,0.10937753759723103,-0.34104584122638915,0.6412707411526181,-0.46250230720822455,-0.02148896790217321,0.03582242353852388,0.2100040964707287,-0.004966696568034224
1433,0.7922457595215381,-0.3056283328365115,0.6446019081389582,-0.4455980053694617,-0.1566984076158906,0.09670744497750222,0.07623713746410707,-0.03982168273833787,0.005709345455365601
1434,1.2308190587106944,0.2170643591093501,0.10018291849087546,-0.47730977931634827,0.07223827856448839,-0.08915940852796797,-0.2667714892833516,-0.05412411985462533,-0.19945194599706287
1435,1.5445557856906806,0.21792909733782864,-0.27484262761581424,0.6048671924280195,-0.4503322945142991,-0.04189383620778567,0.004795497604790176,0.18595847769660917,-0.12447861111975039
1436,0.8552017014740301,0.05930771902446297,-0.47234481385808275,-0.1013739086241821,-0.10542701759037633,0.2162192724736995,0.4621736162939993,0.1376842275869435,0.15379884135899435
1437,0.9612178569301433,-0.24995673845907135,0.685928507276898,-0.454588479491177,-0.10032860728489011,0.05211904268813353,0.03545845839488123,-0.05122986058835834,0.09211941570830455
1438,0.40503409937139395,0.1335744278670755,-0.9246815571925556,-0.09947551199511176,-0.2557832266002884,0.4736058770412094,0.45836336610777534,0.158635383432288,0.16745347472755368
1439,1.235779604186097,0.3051526077453774,-0.3839213346040577,-0.16394959592955566,-0.06539154363412628,0.08781100501064505,0.30137150210099173,0.3212108791410733,0.10441586432239455
1440,0.7936186966471085,-0.44484673914470463,0.6418056740742428,-0.34615904116501145,-0.026736893564759216,0.12448299887582928,0.1630854763458942,-0.1861245269234302,0.029251120299896856
1441,1.3068940299705734,0.22683510351626612,0.03443283584709131,-0.3486605413588987,0.02121027747072475,-0.0049161032807429565,0.008378779244787735,0.05628841982503926,-0.1110641645926772
1442,0.9518629123126164,-0.03155105189361398,0.23701620552893096,-0.4296398385596647,-0.04294274222348554,0.062082357860546986,-0.019919003598812622,-0.10882720750659178,-0.19223209883740816
1443,0.8422886486658289,0.09777984427202677,-0.27856964123688,-0.13624932639707277,0.042699045903097345,0.7875101405851115,0.0647793491399203,0.2034028119702206,0.013145104343665384
1444,-1.0903893316262567,-0.3448110153981157,0.00860461958052187,-0.1434139925061392,-0.2278762376416547,0.021006302986569633,0.08773962313388423,0.042610705868654966,-0.14842483406628973
1445,-1.2280595511562036,-0.0927473629046532,0.12441250051194694,-0.10349002294096889,-0.20700934930020962,0.014723036809352484,0.08029076366628633,0.02602711100219662,-0.14801986465585848
1446,-1.242548349194231,-0.09035865823019437,0.11841433650110654,-0.08028873168667201,-0.13009347900719498,-0.044782647828215755,0.10768342756988177,0.1479955738976089,-0.24940238596773318
1447,-1.0277886276923183,-0.5192735242802031,-0.036770053580804284,-0.1580019225523037,-0.1821157883074759,0.0880127754929132,0.12793976129803994,-0.10705899416704497,-0.035183495832167504
1448,-1.072918007464912,-0.3898535987427943,-0.00671845030922892,-0.1973702062451515,-0.23950748621394943,0.07210036739383612,0.07055007059198559,-0.0059495643256768085,-0.09715990346529939
1449,-0.1491910879502826,0.6590374633324286,-0.6384601164200348,-0.08331655085753824,-0.13532642753721,0.05899535618064355,0.11029676307091245,0.03649316548270433,-0.16876320419432594
1450,0.8819349738194074,0.8206586908978881,-0.3153819083529179,-0.1022974176949206,-0.02512696557091078,0.002118873168967736,0.16872046955979325,0.3271121763161029,0.06938425595714635
1451,0.4710996612900756,0.24807833981732022,0.9165100944505233,-0.2411075835034598,0.021015281545515883,0.0613313809958745,0.12846305082914405,-0.0852666777196245,-0.13029070500448006
1452,-1.1483418581563263,-0.2388571381551144,0.07673147836232064,0.08713604949873237,-0.1870275797410549,0.08669906201227268,-0.01871396322493191,0.06554028861543784,-0.10175835675380115
1453,-1.1876606635866915,-0.08374916585091495,0.09122269354165154,-0.2074582195795047,-0.315486789752239,-0.012410622666899948,-0.01432057445516869,0.14292129494364514,-0.11318049333622937
1454,0.030862550293209185,0.7918000617511359,-0.7026778930970106,0.04732056763793461,-0.04896205469146908,0.007858104993497853,0.08193917767325576,-0.1443238633067013,-0.031262621817704006
1455,0.4384536106274854,0.860922251517363,0.1601899913927355,-0.0894764068147712,0.140388771148783,-0.14277405891756023,-0.051561511229965266,0.12054033150653941,-0.10320191770773558
1456,0.8177041481436423,1.0831050360413659,-0.04164891986317031,0.0771032199927689,0.09855202581588421,-0.09176381317560753,0.12643130659470403,0.23349360785373835,-0.0605649381742701
1457,0.6818674569765999,0.9847833066540449,-0.12277925003374145,-0.012007786916295709,0.008686940141468983,0.08780217805439447,0.2934231872982068,0.1302925825050677,-0.05302301604372411
1458,0.9877339838273118,1.0393043158778978,0.018708999550317903,-0.05093339128340551,0.08242747032919295,-0.07289785999266027,0.14479346646656954,0.2802656369160224,-0.11386196721868774
1459,0.02841497499351527,0.9658674991800011,-0.6081754756138293,0.07723814616320776,-0.24797566536553678,0.25859779255676557,0.49736164464541016,0.11067133957344874,-0.039835691854527275
1460,0.7852427186463875,1.0153703693476632,0.091126374579362,0.08423270850641616,0.04725092624667907,0.08742589592716658,0.4206838191884258,0.1945610952318903,-0.06240865419653862
1461,-1.2602780056862606,-0.05337365547122568,0.14742638642459324,-0.03705580617845787,-0.10191220750928856,0.10408177503046975,0.03175044562194177,0.11818162485056578,-0.13228302833582903
1462,-1.1851643776795668,-0.3319145832534888,0.0754120323447534,0.06116530187087983,0.11264222116941408,0.11963156371676086,0.17950784134254627,-0.020849307051579204,-0.029516660767707523
1463,-1.2217899285934541,-0.06546700444122554,0.12179173105946821,-0.11436064114362632,-0.2326184397967827,-0.008909935532982168,0.045931821897731505,0.053530409888798605,-0.04707461470994901
1464,-1.2537909832915013,-0.048512480126832506,0.16380121013440316,0.02966943082645915,-0.19416262520356214,-0.004527647929866396,0.07911977296956155,-0.060227169106722815,-0.05965452804168258
1465,-1.3217468164768789,0.113091177463884,0.20731073896869456,-0.06927620409670726,-0.20912032563958177,-0.02240952143250601,0.05260085089313744,0.044639074460657194,-0.07596016011685093
1466,-1.3658239189588266,0.2610305093257417,0.2469252670870041,-0.07308430524080807,-0.25675508364220406,-0.07814615191713972,-0.0002751393742146301,0.11002681743852366,-0.03226192062331914
1467,-0.6458419779664485,0.21404606457456546,0.429115285028645,-0.09613797165257945,0.0025181656678233797,-0.16879537881633316,-0.11335693986577403,0.07050569618013997,0.17149541260941514
1468,1.0056395977285257,1.2506297152592065,0.13091724692488826,0.3700394402747108,-0.0280567409968642,-0.06497160424921733,0.23733438948436933,0.19748165991312874,-0.15823129380858383
1469,-1.3045595803482515,0.040891724302061255,0.21185972607174056,0.12553571107993816,-0.13297022298708533,-0.03863190038912052,0.11117169567172133,-0.12990023946835194,0.09261931534157336
1470,-0.9092859372964609,0.625290896043211,-0.20598712344626605,-0.04657672890838581,0.007152893142953163,-0.16005142302325281,-0.1963700534328956,-0.11189267171834621,-0.09650592629111347
1471,-0.7371716164846105,0.8404232283256113,-0.275379524826412,0.12458145273948344,0.28039315484583405,-0.24117164441059663,-0.05295471789820651,-0.17692749177796246,0.03683829315398001
1472,-1.303510932373505,0.039853258162200984,0.19868874280191873,-0.006752826380738491,-0.10975845241051094,0.14068778651787384,0.015779782857039765,-0.025836374448160174,0.05756260212843082
1473,-1.321815496244353,0.10850988104256941,0.21022373599462663,-0.03723543648907862,-0.18281731376777427,-0.01637226129742074,0.06165530259802298,-0.00710934767564757,0.014907866535994333
1474,-1.3478219839363235,0.22452201259828922,0.24005383045339226,-0.06664686937394179,-0.23230324129233115,-0.05783996592557249,-0.002212264036350702,0.0007111677215346159,0.19835859419598306
1475,-1.3098678769613543,0.07438390844624264,0.19960906908003215,0.021079114699272934,-0.14673162397374606,-0.04817150063029137,0.1012311867665146,0.0033414896571748094,0.0105153925109295
1476,-0.9858283400386836,0.42036559996440653,0.4696903384347318,-0.0018337928486647714,0.012603862377488527,-0.18896732187586376,-0.10963083979087401,0.02587360763175731,0.29352130362923207
1477,-0.20433076206197348,0.9699266638215615,0.39294172801610056,-0.011224256088804585,0.23847613654483774,-0.41284358841137064,-0.37426277954740333,0.13649268923066715,0.2624383525657296
1478,-0.4327706145710114,1.0854545899311967,-0.36356862839471094,0.23192452159526403,0.028926257457927634,-0.03402141655757422,0.1066019672720205,-0.24631598678232283,0.14441735212420911
1479,0.1702668097035602,1.18436498829035,0.0584780832787883,0.05727632064964555,0.23937427718298618,-0.17409217558740514,-0.08179055285434604,-0.09021476911646802,0.16716332372198062
1480,-1.439060262461032,0.40924614451639785,0.31170744716254095,-0.008604147027487536,-0.22677463686249213,-0.10545264044747514,-0.0020274421925034966,0.09382650067406176,0.0744533988212386
1481,-1.3849946180565926,0.14756672281891517,0.2689068926533948,0.11360509424079902,-0.008798122076615757,-0.03419496787581672,0.1623763174604476,-0.1841743418295716,0.22373744652691957
1482,-0.3784266184869729,1.0253764706999327,0.19513575351326742,0.08233314345069527,0.17232626594474074,-0.3545410415359431,-0.33533825263089106,-0.033215093024018545,0.1714175097837005
1483,0.22626588161769065,1.1033593715242636,0.16776360030405257,0.4320782626428438,0.549117767172469,0.7886183610361127,-0.008321090686419378,0.29895500264219954,0.32609764920139334
1484,-1.4907780646686046,0.5187685899390372,0.3635164889232441,0.040797466250014715,-0.20248599268861675,-0.11928849493467926,-0.008743018809575058,0.03618383992414396,0.21143683683261374
1485,0.18535746942824455,1.0688874296930484,0.6728033291240677,0.23023032122614032,0.5328400628240881,0.3687820771756398,-0.2120323166690668,-0.02411414510660653,0.1474060812782648
1486,0.7493665921289805,1.6844422585155703,0.26526484384193544,0.27111737439449196,0.09209971314100164,-0.05330777575417818,0.28663391291670387,0.09232035886130198,0.1923302758872624
1487,-0.6376888394501184,1.0845067699207316,-0.23209464164183172,0.41171055809216967,0.3405659299381848,0.44860196747079356,-0.058393185978569725,0.006168315930956216,0.3090025985384276
1488,-1.5180910099744334,0.5866206856922774,0.3903302241433018,0.07877079891583325,-0.18880338647386477,-0.14034578802024958,-0.016411509411888802,0.02703675969554214,0.31444274728158206
1489,-0.8113056948944748,1.1244333659214187,-0.17064974352870535,0.17406027414362024,0.1268006592176313,-0.02067418040094682,-0.15569169411889813,-0.17918265766726804,0.3380330488742606
1490,-0.27309852601327234,-0.23653856661970535,-0.7499019353754237,-0.3739809606044728,-0.12224084697224667,-0.11242763389726056,-0.3125961868337215,-0.054138054723882015,-0.06088188031755775
1491,-0.2718000480518627,-0.618543824168981,-0.7292188805358264,0.06674358924492903,0.2754899765561246,-0.2154338896199077,0.01773685731941599,-0.06802105066759304,-0.05845609913214182
1492,-0.27048425168696844,-0.36112746021836856,-0.6938712109915359,-0.3296684300840361,-0.0547919722355761,-0.014681048417462381,-0.18356961545509243,-0.22047139045335898,-0.0032176780037438506
1493,-0.31624940215133285,-0.5709972248121082,-0.7650564071617008,-0.11100055860182431,0.3225784693422843,-0.1591990059273527,-0.0001469166328820711,-0.13460608733932009,-0.058637481873983203
1494,-0.22046451224964717,-0.951607451383035,-0.046625072243862996,-0.09325953987737215,0.3910175232784127,-0.17399006293595118,0.15440736773482194,0.08284635256720216,0.2646669569995267
1495,-0.1965796552544755,-0.9889488046273787,-0.06885964396222528,0.06892224536510819,0.4992651274234632,-0.3167957491241042,0.17930617529137477,0.2361886985627787,0.21009414609587493
1496,-0.213356076164444,-0.9494392728929972,-0.029218531756223656,-0.049582917276222445,0.45176768862574274,-0.24679619502233185,0.20007380293308402,0.17035656092848453,0.16864167272450023
1497,0.012421615862202022,-0.858756909324782,0.0704473344903126,0.03479746336473793,0.29485083492821956,-0.285298563419631,0.04065484110586382,0.1911171362874425,0.19839481848464077
1498,0.033043978882511184,-0.6340882727097641,0.14347998813781437,-0.3443559400908614,-0.0036888102104953653,-0.10433140511730013,-0.16972243975401807,0.05467065044494473,0.2830072553553244
1499,-0.17133247806854793,-0.6080183536211008,0.056036183942636986,-0.40591064256079945,-0.1557271701632419,-0.007998937505099717,-0.13013251386806376,0.06574113898815723,0.21947181345557742
1500,-0.04902548178279559,-0.9779351465247519,-0.0023380181828729038,0.34304955684866045,0.2069611668153532,-0.30871131607557667,0.04294147368133962,0.1454972291898993,0.16910079267617778
1501,0.03337107707893388,-0.8754369503966868,0.07151009179464006,-0.04230844874934849,0.5591824518124694,-0.3643728115399031,0.13618475845640915,0.2985567202836943,0.21740444257155736
1502,0.2710498168675415,-0.4487218008229905,-0.5382548109095424,0.13424734090861093,0.3787458087689908,-0.32758982876050124,-0.15228684959378458,0.00776286150946322,-0.03281126888112976
1503,0.27645152561191794,-0.5029545064394838,-0.16062030070610211,-0.03965864640389107,0.15864339861213567,-0.22133616649987056,-0.1097641476766377,0.09880369156966508,0.10777696572994792
1504,0.35839021734169135,-0.7588252669607801,0.24539438371373679,0.1546588434608796,0.1791359403663849,-0.30735513175480006,-0.11695797855176583,0.13922427070522675,0.20827571828628233
1505,0.30055885725952436,-0.9642476880948567,0.17175114794613783,0.7333331707646201,0.01715272161003665,-0.3904306567611182,-0.08963822014300302,0.10893796361913637,0.07206310140523324
1506,0.13214514852383694,-0.44808694911362124,0.2695115277393659,-0.4592221408094229,-0.23422825843153025,0.009536946325944798,-0.0871644117221961,0.10473689002534502,0.08695587385172196
1507,0.21949649451244557,-0.9704928035382053,0.18580576974123442,0.09912263593594371,0.6860373377802524,-0.2206110975491589,0.5275280573175634,0.0959908972941021,0.07682193632018212
1508,0.3774932160377085,-0.7766421538774191,0.27110710969463897,0.2961734365351113,-0.02435675461494133,-0.18854540899488323,-0.014350629608765899,0.012889981894264055,0.10911862644483261
1509,0.782347059869872,-0.007211490341875894,-0.10898212365126818,-0.39722727626257354,0.1024435806764307,-0.15196478440052186,-0.2993045820046222,0.005856787998445689,-0.106713042003887
1510,0.5550937574941348,-0.41302052971402853,-0.12192861434106599,-0.10298203089583886,0.49243695959783557,-0.16182288171104922,0.18141172313138818,-0.016246191477849527,-0.17682857468144028
1511,0.6614488154710323,-0.6624843349155671,0.4231517698654481,0.4834178332937679,-0.3999530027106181,-0.17535702285737878,-0.2806601134103061,-0.09147511183590715,0.09451344535426634
1512,0.9313335773628216,0.1375787021071967,-0.35773987981175015,-0.23751513940267788,0.11961813637850427,-0.1523503982517048,-0.025715975384811695,0.2688096883343451,0.03120386121080054
1513,0.8477981498239568,0.12268024916029781,-0.40452065521940767,-0.26684956783630626,0.0038842998476875633,-0.022416932322142338,-0.013910985085461193,0.16760128304300279,0.09973255528247843
1514,0.505397519976796,-0.4167751265324405,0.48069197372215283,-0.4365195099415137,-0.12376262468683737,0.05357250968202449,-0.019752103893184835,-0.03114156986620686,0.0904595345305577
1515,0.8394325681732184,-0.5336277960267722,0.5353766708023667,0.27590836330536855,-0.2668983984945492,-0.16748598955163854,-0.14484449095377527,-0.008853710221196192,0.050744267145734816
1516,0.8910553645191049,-0.03995864735033936,0.21864727487213093,-0.47224418148914926,-0.015832873120752156,-0.039302625268992815,-0.1830618414787879,-0.011377052932273049,-0.04039860792089012
1517,1.0286352356859432,0.2085716452341737,-0.2145392305197103,-0.3554393470866783,-0.01432671884511059,-0.013695213877041434,-0.06516907296774871,0.12475688395575833,-0.0612977655702002
1518,0.9950469990866757,0.2144387747291179,-0.3045172320863607,-0.2284871428521505,-0.03763827522747573,0.24198785826250183,0.1737338028394558,0.18017820267798468,-0.11352442930441098
1519,1.02659408637666,0.10169669088450828,-0.058700638114839325,-0.3752812202074214,0.04174957440904771,0.00972795960377913,-0.07494231034468393,-0.0696929230944706,-0.1304420171501447
1520,0.8011536913446475,-0.5817223211298487,0.6087845585437996,0.07164593723941393,-0.17143256339309357,0.044516058554807815,0.13591139041039368,-0.21543742813254566,-0.031936394735982004
1521,1.1012060616099846,0.333771658784741,-0.4089200138444667,-0.28427237145663603,-0.06461593082585962,-0.01224523193804768,0.019040949897653568,0.2546245246392341,0.06330116736285184
1522,0.7990370587330781,-0.3918752376767575,0.6231683044614645,-0.32861974461393617,-0.07901547265805484,0.04781030280266921,0.16353349736200015,-0.045773220434445774,-0.0034398637371398626
1523,0.8061322979216832,-0.6198342634448387,0.5920509700879143,0.3676083191054417,-0.2125663701251768,0.27407733695309244,-0.15440543253441533,-0.15259291451266715,-0.0036547814712894733
1524,1.2352782029321683,0.17730137576034857,0.17848493204405344,-0.4088789879696616,-0.018812843971818143,-0.07281148391437278,-0.09897327719725187,0.10622935195670899,-0.10387102717450603
1525,1.4010796732662851,0.05956692113439552,-0.037917763953486054,0.323045935526128,-0.21369430382941212,-0.09691682987505877,-0.11714681403673376,-0.017676238501953507,-0.16423480015713393
1526,0.9235764667713365,-0.2613312903595997,0.6788506907026725,-0.44947271511397596,-0.11300466692460528,0.04106862382287145,0.03579999620081256,-0.02373137149238132,0.07454079425133517
1527,1.3154401389555423,0.28281783785422177,-0.053110949745005145,-0.34881337604596213,-0.02177907775491051,0.033011502603707936,0.05182219823567621,0.14699195949074578,-0.01896019996518238
1528,1.4122058181222197,0.46301004095263726,-0.14652340448229337,-0.37470131545146657,-0.09621206263182257,0.009846114907337758,0.03646864793575142,0.29462932259804064,-0.07689048910567631
1529,0.5911388952156706,-0.11463732629682143,-0.9627602786259951,0.7799423369531009,-0.6280443052936693,0.20795472871773416,0.31663875761170046,-0.09924563809441656,0.12525485303296946
1530,1.0744389475521456,0.09846310732293066,-0.556688364044681,0.3982059921024207,-0.34920335397777486,0.06231412329860727,0.19144128676739994,0.21865212743702495,0.17962706362196457
1531,1.5989340127530256,0.2885851485564098,-0.26385599261662673,0.5627299237119605,-0.4718750577868046,-0.06185012517945774,-0.056118720626476506,0.2251651194301116,-0.11195615224818196
1532,0.716296160694154,-0.34235427821370656,0.6273538420703388,-0.43748279402339507,-0.17346538793991123,0.13536201595753128,0.109181678586963,-0.0809049893736722,-0.03145538245431215
1533,-1.1932889482324074,-0.3255363639795038,0.05873972101470703,0.04487140826261695,0.12463478148573745,-0.07165619093462765,0.2672043651804098,0.07796483396310148,-0.19513202251962397
1534,-1.160541101615099,-0.26085055649148003,0.06315959095838196,0.45959942573686086,-0.09391457043506303,-0.31462164289251127,0.07769203957038041,0.38867595868083205,-0.4350393779045797
1535,-0.2383215835593298,0.07758279913780451,-0.6292740458042971,0.9322648338703131,0.08387314474043513,-0.438554760979859,-0.233720978389369,-0.14971763969971574,-0.2581267488817141
1536,-0.1075223257736799,0.5036166055449189,-0.666404723350561,0.05315464381507411,0.1411953688616827,0.04095238500940697,0.1967717363791082,-0.2581106523952741,0.017523068913179903
1537,0.444611056763175,0.5006762590097266,-0.20591826747648015,-0.16085340992815722,0.0742194644940981,-0.07754278071916816,-0.046008617965985245,0.09332656262241179,-0.02826655666163747
1538,0.5456562756798693,-0.13619964377532634,0.7288212120012495,0.39600884105928164,-0.10561874182459005,-0.20195368316283704,-0.12962063174964408,-0.04468068509421099,-0.00726299745181969
1539,0.9847197796733234,0.7330112691480045,-0.037713946011122525,0.726872872544305,-0.22433023998911253,-0.21494890118448384,-0.12195200902740227,0.11876672728393442,-0.3440932915058969
1540,1.1165659600337974,0.6741870735474471,-0.085778628180573,0.12953936692336213,0.044516680405467156,0.0038479019322595087,0.2550697795784311,0.09623591060231158,-0.24670563338608004
1541,-1.1911556071478169,-0.29088164220624385,0.07070665214303316,0.01547194329016601,0.08829391640423792,0.23674149661581878,0.05825987650915833,0.1879356542207639,-0.25367570263708983
1542,-0.2662141779180554,0.2566400945552681,-0.5505371896115772,0.2615345447155565,0.47121278343211714,0.6374575640988123,0.10625073122573914,-0.16350569436371815,0.0537437165023994
1543,-1.046534785673545,-0.8543888411901548,-0.06703043804450294,0.3557827622393037,0.701572339991614,0.5921990768549977,0.17626722771025896,0.12470373758582261,-0.047277551604725666
1544,-1.0646742939913934,-0.372132421688914,0.002829938576445957,-0.08722751001776125,-0.2624889685526963,0.01952096624288403,0.04567384483347515,-0.034133636325308116,0.016092342216401566
1545,-1.3059760403800795,-0.07646402803101662,0.17774071144406564,0.22723372811219633,0.31712933602741517,0.670032349803691,-0.2092023154577815,0.42390121203879527,-0.2192483365238811
1546,-1.212348547740834,-0.03978714077570083,0.11229457593556055,-0.12377166346569698,-0.280628490409231,-0.058662640978373204,0.02278275622821171,0.16494213849844527,-0.1839109080072558
1547,-0.5499050841314105,-0.029130343455570355,-0.4056455702047688,0.007237866524182834,0.05736381329436975,0.055107685162068196,0.04013999148765028,-0.405046111543621,0.03866815855838969
1548,-0.3128818580001656,0.13264305786775496,0.5320963122435022,-0.023857891370776655,0.20506543104694902,-0.11858923435568716,-0.003336065727535053,-0.10865067402695237,0.2573131166076428
1549,0.26498646591736924,-0.2761831464596817,0.6454074443469907,0.1418208590517153,0.5438492410920436,0.7841861121746801,-0.1358050697357157,0.07673711016668312,0.09001584017639566
1550,-1.1828743232672825,-0.1840085442095549,0.09590923610636648,-0.12803770606916165,-0.19370963946625583,0.05460616905603291,0.07220527891356414,-0.09606226893788128,0.08563332092933783
1551,-1.3302974519086876,0.2248655037399122,0.21275656908951465,-0.08531724311622783,-0.2892722213357411,-0.11112883726731211,-0.015329369864521792,0.20165435592045197,-0.0917546942850478
1552,-1.2818499871194793,-0.04780539984625164,0.16987189603152283,0.049370728499251185,0.05943270401626577,0.5016236152640297,-0.1688118147562287,0.26704812171311676,-0.17518243201424663
1553,-0.5851322021094593,0.4126208651647694,-0.3941202773151008,0.022824107418580437,0.08124702617951648,-0.028506395885319002,0.03474846358482645,-0.21679980948479574,-0.05540010045520896
1554,0.4721149896834866,0.8249718062829571,-0.045957296888480874,0.17933199481437542,0.2873615852337723,0.6112088820149508,0.054757709555518286,0.1761016689517211,-0.06783622186392248
1555,-1.3763709937255304,0.1186103803487169,0.2556773712071396,0.15398722552008234,0.15784139596698504,0.5961979641687126,-0.22075955199941408,0.27266304358695015,-0.07775913405107071
1556,-1.2726514860285092,0.011530350320039516,0.1695349205300037,-0.021118565085445004,-0.16193818554055112,-0.032467758768668406,0.08510791217756097,-0.030358231503151374,0.1216822240806631
1557,-1.4202985750907464,0.17654407698303992,0.2533696709720247,0.14999271126365157,0.1282551129298879,-0.17285005822036012,0.20887342288641805,0.12713622165890026,-0.016606870454839683
1558,-0.4430331054730507,0.6475371387251584,-0.5087680469481903,-0.026583412078590937,0.12704395269150104,-0.06976309177448214,-0.10911881851179038,-0.30289653933182004,0.012767749005322985
1559,-0.028551466460220734,0.8671517644347065,0.39264506790107484,-0.05803190178892337,0.17223320007065623,-0.23225050858128685,-0.19847429501455882,0.007447069698633762,0.06134048386895242
1560,-1.266263886965609,-0.0070430761630971535,0.1672117838399152,-0.05158503990178047,-0.1738701463961038,0.007286483259493888,0.07153991725144836,-0.06943334366243417,0.09142272468137715
1561,-1.3272279659989923,0.018301864389194067,0.2301612820362007,0.16236726221725642,0.1344139011016617,0.6699904821395087,-0.211886329158959,0.11192585918945235,0.03864587293734391
1562,-1.3956649651060862,0.2650073800870997,0.27632293665018015,0.01588233699121901,-0.16541953538197743,-0.050313239047591385,0.055129077715874886,-0.02289760144359173,0.10109781134681937
1563,-0.5010916413488917,0.879363116819344,0.18442148580166473,0.005028632151766684,0.18953069936903066,-0.2833379881663746,-0.2801319955846914,-0.03615926880336616,0.20775600962421115
1564,-1.4515771074345807,0.4424995948910117,0.33564449219705417,0.129776423434551,-0.2244713138727981,-0.14819824088433278,-0.0036659991318301333,0.056868178938751096,0.12464592291937322
1565,-0.7855597335752321,0.7742783211449922,-0.18448527214119198,0.07952842353926269,0.12526397279604246,-0.09482107177467942,-0.06275103344409301,-0.38768075356444387,0.3088512800650371
1566,0.3127765577588316,1.245350196532707,0.19729471145353256,0.32663074829914623,0.3038381902459006,0.01785975501379595,0.0735337932592386,-0.03354235010704217,0.30456590753223767
1567,0.04475047285262422,1.2790278844510068,0.2974771792027847,0.21824984399742284,0.37632618876694834,0.08759891673859077,-0.10362995132153155,-0.006112549959191098,0.3018146575384796
1568,-0.21046217397378228,-0.8205191804018911,-0.03302985492373394,-0.14943255504466127,0.27368574843458915,-0.3113259025871753,-0.054802119727152473,0.2826977280524631,0.23817834102983748
1569,-0.34833508673049673,-0.6357392632535146,-0.6829294255331286,-0.11975136327401004,0.29684862515011207,-0.10222580804385038,0.07584977298677041,-0.1510356651177969,-0.015260273575518086
1570,-0.14570913776272085,-0.5944460143037597,0.051645290499783246,-0.41945009698877145,-0.06896267728935153,-0.19904173273687373,-0.3564505872272807,0.23089202205428477,0.3340281634103467
1571,-0.18066410042992767,-0.6161299354391586,-0.9613739256234233,0.11891287123165421,0.7934129989813905,-0.43021385609645024,0.1077261429383613,-0.05870029406251748,-0.13281985639772306
1572,-0.4046325489332964,-0.4996205308097787,-0.6154906696492161,-0.2599888549171107,-0.08521294789409013,-0.05182196724157699,-0.09685259155056065,-0.09160881792746445,-0.014053655563483852
1573,-0.4606088606319648,-0.8875929634629961,-0.6060476294519264,0.0655508179105407,0.5180332185265673,-0.18846139966524586,0.3214541325897629,-0.022733998074270033,-0.03475733243723118
1574,-0.19946445215275482,-0.2814866272021505,-0.8834972137295632,-0.3379196777739906,0.07519353343150202,-0.048440330762341284,-0.31660838588540685,-0.3190324198260665,-0.03707758150244178
1575,-0.24739176209753388,-0.5654373169538148,-0.8814980656539823,-0.07793905186041583,0.5635517618691743,-0.20540427363739247,0.005616939147532678,-0.17349158401456177,-0.07390239620308797
1576,-0.38814089109409977,-0.8937260113795816,-0.7098975573319689,0.1433826425149054,0.7140774319506519,-0.2727432616317968,0.3457536281052318,-0.028791975714776017,-0.054759700478882234
1577,-0.2637404440486849,-0.5393979078208658,-0.7843783961981805,0.03250583953108767,0.6194198500105902,0.3454695482403494,-0.21054626243702435,0.09986604881646928,-0.05840598931413979
1578,-0.14754987585599724,-0.5874214475734119,0.043443859534387286,-0.3784562580082775,-0.1388692956281566,-0.11607552225248657,-0.17640195664726,0.17905006652650193,0.22425598985081616
1579,-0.3852899802397025,-0.723197484343792,-0.6242576816092272,0.14735109342337285,0.6291398831137175,0.7438469118688114,-0.16692322246588134,0.0981296371108694,-0.012957495340091408
1580,-0.05274828726141238,-0.6946309152508714,0.10130309309227399,-0.2960409198958056,-0.01573952027594588,-0.06935213714883472,-0.06311834794477697,0.025121663104432146,0.23544158112827918
1581,0.08204089505613624,-0.793612043219615,0.11494812435062014,-0.14476232643862968,0.16574460574821118,-0.1615953940395569,-0.012892158908567345,-0.005461257462115501,0.29682979438711465
1582,0.06527355383843496,-0.08158780131985074,-0.9945560497279403,-0.23126115477750475,0.1193361132293138,-0.15515673010911174,-0.2044115653757631,-0.11173562107663897,-0.03747975646352074
1583,-0.06447081536774603,-0.3538464857575684,-0.8448813430349144,0.05624416556350519,0.07007654560939677,-0.1568112581355076,-0.05353274873588864,-0.0476738178176517,-0.04970427570852915
1584,0.19591388553271297,-0.7153962322247945,0.1355181325525499,-0.14700467400182518,0.42332281442446745,-0.33579772497145677,0.014888337169006886,0.2990399977102531,0.28578093647399117
1585,0.1763985772360551,-0.7213103493114245,0.18535153107938962,0.09199609593921088,-0.1923687792692507,-0.15597304546189095,-0.2337275082139556,-0.012347922341621078,0.21516886815308675
1586,-0.007745423345039407,-0.542249276718965,0.18334995595839704,-0.4753655488205038,-0.1585354229059753,0.013213737411837886,-0.15227739496609463,0.039603802497277435,0.21029705567561752
1587,0.11520723316536786,-0.7734213447601708,0.14957226643508548,-0.07827547319010325,0.14850290364035423,-0.13860788096724375,0.03425893012340388,0.003147435907495392,0.20954906868466242
1588,0.30539300469336356,-0.16785081988481154,-0.3974661660428452,-0.35167864818936695,0.007672983770467704,-0.07089060130719614,-0.20856627778333084,0.07581126200359986,0.12817001347231055
1589,0.07005923684245564,-0.08471688346242835,-0.8957276830485298,-0.27257942119942963,-0.09528262927403179,0.09462504084283056,-0.01730260792151899,-0.1646843935153814,0.045107543942648105
1590,0.12368537361234117,-0.257734789161922,-0.9388852336965691,0.07710862159019588,0.12217997924506772,-0.06226215417196716,0.10252960676197952,-0.11208101801331795,0.004691416400724244
1591,0.02416612142302487,-0.5414035038413041,0.20041549220820892,-0.41652675689152435,-0.1845554035037711,0.03470218912831639,-0.05045121318648281,0.030691691609907156,0.11376375596457779
1592,0.08706962464543515,-0.25268814984828547,-0.38004974843069667,-0.3463721460899142,-0.12912856242946993,-0.008811891098072523,-0.1042945826426368,0.11760475167390268,0.13005284897593603
1593,0.08597269727361481,0.035891721539280386,-0.8939595011529556,-0.2946502790285966,-0.11586976491974388,0.16296251518260169,-0.12412886918685184,0.07966868331903815,0.024215715968713195
1594,0.34656581768238354,-0.8785125873807744,0.21147509638382822,0.6388486676976683,-0.16999448425053948,-0.2758372913516469,-0.14730503977383522,-0.0006505873921960394,0.10862427254111257
1595,0.4048266109098191,-0.8419378998538937,0.2690799142980366,0.4450345259974443,-0.12027899767093272,-0.16867238178067062,-0.08276963689196734,-0.14454111683583037,0.13632959937228065
1596,0.39083022121958727,-0.8279254665145805,0.2224487015595839,0.6296890865668487,-0.1411217982162833,-0.35378517312499047,-0.2055813832593767,0.1259312444352563,0.10785845266849721
1597,0.2067508288970396,-0.04838800261350448,-0.9406193922086958,-0.11117920099980096,-0.09008934893077199,0.03783240201743387,0.062343400970932675,-0.08827263060213517,0.04787725421256387
1598,0.253362115010174,-0.5032502785008954,0.3068062777486178,-0.41337703886867677,-0.0947688076183816,-0.006956308020298398,-0.10160960972182312,0.021143481020089304,0.1728209138036545
1599,0.17564771917540917,-0.67596002387686,0.250362993668707,-0.25937256013159826,-0.00712227231196147,0.03115785939699264,0.11656177648968254,-0.11126551295045474,0.13819742349389524
1600,0.7036427448871599,-0.37466560120889975,-0.07857540747892844,0.3327054761822632,0.024532733359939402,-0.1338388121238209,-0.35189507004084175,0.02866678384984407,-0.07409776336949747
1601,0.4120425205645418,-0.7593489174730652,0.34414210517348137,0.1689126852720574,-0.04971016916688273,-0.0555073108842768,0.1322806878730294,-0.1266036189800533,0.03581923840588043
1602,0.2851061255446984,-0.12216645024966807,-0.8724861154066414,-0.022510406156009004,0.09292955045508046,0.4952629821917053,0.31080307830498494,-0.053863826781210496,0.15559821341455626
1603,0.4676986308311722,-0.7687758066319369,0.36491356171531175,0.12188100526084923,0.7859445547495751,0.45848389243534704,-0.04275762602222796,0.3050523171441317,0.13137321287426287
1604,0.6428172869520347,-0.5694198692505431,0.45058869845243776,-0.09555234107445014,0.07771153282680215,-0.1179671925632843,-0.012999225348996172,0.004544975764650096,0.16746909125871276
1605,0.9255701993832065,-0.37211454301450786,0.05059324650036866,0.5280478237885998,-0.3057406188781644,-0.11905787371685136,-0.2538523712862319,-0.20376099282539972,-0.054961944112745686
1606,0.7305059775042573,-0.1725755358649305,0.20344196180959792,-0.4214699243856983,-0.030618190859502504,0.03659144076580045,-0.07249906553477434,-0.08312690572734904,-0.020085228029908538
1607,0.7981478860298218,-0.5093545312404214,0.5808486746231308,-0.05295933322744538,-0.14857882711046866,0.03729941899418967,0.0668559796486985,-0.18816579633132086,0.04405523151703128
1608,0.4223972654589339,0.14891520740963382,-0.9812404693370769,-0.1281680881248756,-0.2726963919494462,0.278708023453631,0.41082199269017466,0.030061931582139233,0.14046610611002167
1609,0.8897682241557056,0.21242945052747936,-0.5248972240406776,-0.20506156684013185,-0.1319178857798957,0.13034722183324746,0.25205340617087213,0.19870478192237345,0.10444800833243711
1610,1.2241743864959116,0.28787390113782096,-0.341433423037478,-0.17893437763034015,-0.07284698422079809,0.11574661232914776,0.17767282709472407,0.12450126506091566,0.003264114850016917
1611,1.232249948233245,-0.08653267227858082,0.2690610130949156,-0.038318841929558464,-0.0451348739949678,-0.10471394864495903,-0.08040860673835967,-0.05210373098363561,-0.09174866320853266
1612,1.1462447464742485,0.05082497695029566,0.21737449873466802,-0.42933873392968863,0.07833381973328032,-0.028475341682731466,-0.15215052302163426,-0.0959391174103127,-0.14339285057876944
1613,1.2734461263657848,0.48995440428180487,-0.3513156247192102,-0.35666444781295054,-0.1456896616719123,0.011120455480213653,0.028807793627728714,0.3901525107365444,0.06655445499592895
1614,0.76951117849493,-0.6265405533090386,0.5993702507527768,0.13694007654634047,-0.2076399000538178,0.0957009102150905,0.15191745165260012,-0.312144247911041,-0.05292970063488341
1615,1.4226034681357629,0.25468183781615883,-0.09661461126793407,-0.1179714885307886,-0.01399532809008622,-0.054738077378026245,0.03316992530683532,0.12311167532124943,-0.10895161388754446
1616,1.0617913623699737,-0.5485564884633495,0.6589635147075371,0.4972487237836632,-0.3945070746132426,-0.14546746095705568,-0.1720491173882201,-0.12651394264696253,0.0007560073272093508
1617,0.4459797228871473,0.2660437101183075,-0.9638987199964549,-0.2246028988079186,-0.400914897627459,0.3495712156828624,0.39889984161874437,0.11043956359211989,0.1617471410693281
1618,0.7637954250220987,0.3442783332924197,-0.8300628524585714,-0.23177198779218922,-0.24405120551400897,0.20284846414309068,0.24723545917406117,0.2584182539355175,0.22843744527824136
1619,1.308421769421295,0.28436766397659347,-0.15518982205251336,-0.18439781202354752,-0.14775155949009944,0.11623868234392805,0.24599027042669291,0.3081725898272743,0.04972938239056201
1620,0.7277828687637358,-0.2916110122174394,0.640897190837392,-0.46683659371534075,-0.2072558928510373,0.08319423531068043,0.04127932170895398,0.007204878268338365,-0.03219229796895597
1621,1.1459732147553439,-0.2995460345011235,0.23595545101766227,0.5060160695466038,-0.30660355755147833,-0.13346719948232327,-0.24332037466641906,-0.23235569507843826,-0.23467122023532797
1622,0.5146395525986588,0.12118493255299236,-1.0024482173909004,0.03359970559912353,-0.31603872857036314,0.35160238178944764,0.46003786516189027,-0.08361807499119611,0.16474660956985454
1623,1.3117731365149297,0.4219976334058279,-0.24866533128852908,-0.3556736933057696,-0.08225452669463755,0.04182011209043681,0.04651325486552323,0.25348810026350416,-0.01666947975689189
1624,0.529621589607299,-0.13758848551374744,-0.9153001552508749,0.644574991379742,-0.5699942226340302,0.25172226819102506,0.4167662006564743,-0.06994061332261595,0.15154160012956117
1625,0.774365633716089,-0.7050622779103746,0.5880003749795009,0.7154304437133979,-0.0836657169293192,0.7683775917144976,-0.4967113817341655,-0.01676610727352975,-0.0044116353917562695
1626,0.8277343564485575,-0.31844615048392255,0.6615635433547922,-0.44769549135042597,-0.12113042453394193,0.10748519247895474,0.07235130665433019,-0.09685870604283914,0.03891688668099379
1627,1.243801686268169,0.1289158450280663,0.04613341862673168,-0.3012178251680964,0.04527205613696124,0.030263134032933615,0.08895734777130766,0.003451691946129681,-0.10878931121910068
1628,1.0740956741239844,0.009672958120061338,0.18494477419188007,-0.3198944433914706,-0.04383384089092104,0.03898005412164356,-0.0037164473333565697,-0.11721178119647932,-0.17216582433790523
1629,0.7747569472467752,-0.6242490687797292,0.5933137292416333,0.3757091152382137,-0.06411695369604832,0.5463805302163887,-0.2580039836736165,-0.06557244227223696,0.009919758896992575
1630,1.0768696714583559,-0.3047297344314774,0.3401220669514648,0.17367169072791847,-0.15134863218043404,-0.0505776835202731,-0.07875434634050091,-0.21126659689638985,-0.1354620155391991
1631,0.750116267578401,-0.3582644980405107,0.6478914962356129,-0.43515098886738446,-0.13095857357369337,0.12297993145522464,0.08320382683121647,-0.10415716560504251,0.0021437335478219368
1632,0.6767765455879202,-0.15882443608015126,0.19043955528958006,-0.3698205376848461,-0.1876715683996483,0.21114256313245544,0.21990027154537833,-0.15898998261522898,-0.2745199988706211
1633,0.7093876082082803,-0.5331037063685068,0.5770386632041754,-0.2215092514073444,-0.05068569218870718,0.14413115015918707,0.21560942622869292,-0.24756278716749236,0.031733309344063175
1634,-1.1329068901680472,-0.3174087755022599,0.04717300024697484,-0.08297238881017861,-0.1564828889751899,0.03430514668784969,0.1408877926289057,-0.04329645876761575,-0.08907125020279257
1635,-1.1617155952520717,-0.21242605107111712,0.0697881972167915,-0.13089613175222958,-0.22122476410815808,0.02573818794916989,0.07766916785980464,0.018252932335423272,-0.13547173950928396
1636,-1.1736503958325322,-0.18255788523992814,0.08038627813562339,-0.017163826801448945,-0.2378884358075385,-0.042703589759103766,0.05725622309820175,0.13227844181513,-0.29507162217106125
1637,-1.1195133895753557,-0.30269454127225986,0.03617921411398802,-0.17627243335962894,-0.22704150881266918,0.06227023093648178,0.07097367976093559,-0.030033138899387996,-0.055837713768579524
1638,-0.4835839334903753,0.14077930222616541,-0.6111933333163899,-0.10182343012400702,0.041417110955273256,-0.12994223758250456,-0.2926239761854801,-0.24489340143576865,-0.19062028335621026
1639,-0.17234069968995025,0.22996575165848374,-0.15797270921824072,-0.2253174732884525,0.05783308267048098,-0.12066532065440927,-0.2109197443872716,-0.014470751205241461,0.03492667774126196
1640,-0.1533020833732213,0.6373810560446808,-0.7056528116269389,-0.03166733503247778,0.024183437883130755,0.012552820268313588,0.03635153816233227,-0.15705398400149148,-0.1171926833168218
1641,0.9474207083583104,1.2293475552319981,-0.004877457927852065,-0.04429563727723118,-0.05768342329297412,0.026375808494728557,0.29455616282686103,0.31093639795050715,-0.33988142279504474
1642,0.9336791363913677,0.7205423782317185,0.11252805078727685,0.23284020328484736,0.011259660751351727,-0.06330717600915259,0.0992344251086239,0.042879842049102404,-0.3685346071461732
1643,0.6429508037659026,0.781132908110037,0.2991446420977583,-0.21156231453489877,0.05391019381348301,-0.06822783076412128,-0.04457869175284051,0.007312818254366795,-0.5006659113302135
1644,-1.1560697333260779,-0.4625275774870307,0.05736620152256506,0.5360699510715031,0.2579977728462422,-0.07578176171192978,0.24936234455399597,0.055669675345006664,-0.14664708001388443
1645,-1.1104488790004927,-0.3157747992295445,0.029240741611211242,-0.17118447051064312,-0.22243383274667414,0.0649085004898358,0.06806477526871767,-0.04710570748109673,0.002319278856265896
1646,-0.6753563627709095,-0.006698266656436894,-0.37180142892087886,-0.06871799146708801,-0.049469626788942574,-0.05408576077387394,-0.12175997831137524,-0.21899792167366702,-0.02441533504418863
1647,-0.597882276970659,0.13872103105671843,-0.4063579145447492,-0.1511979252391656,-0.018901227238433953,0.014910384078749759,-0.06473082324954675,-0.23198216186551454,-0.00942981903265439
1648,-0.5326913523183825,-0.06543775705627548,0.38637797289207915,0.21183905316319102,-0.000543415678943819,-0.16484362067521935,0.06264051483967596,-0.024838830802972,-0.06486411063149913
1649,0.8394930678168888,0.9944452313085054,0.38382799736433215,0.013700377523290352,0.19484852327711777,-0.12321086146808923,-0.004674252094894727,-0.035212721835006025,-0.3473983826550281
1650,-0.6791815788909108,0.7340886550912749,-0.3657209492983619,0.06653927608107829,0.33284271740236004,0.005485527618820475,-0.1522279254766461,-0.2789010667245251,0.006156007953223448
1651,-1.2842816633615197,0.04797877799933771,0.1757618273403341,-0.09455343236390297,-0.22381555156057237,-0.01014170953653525,0.04414981600015467,0.04110926397367803,-0.0720913596479672
1652,-1.3438975541465696,0.1493099775016971,0.2287847231240671,-0.044490954195164224,-0.18850474446183554,-0.019815370814238127,0.05982027355576963,-0.00771772613424815,-0.010654373169405637
1653,-1.2741827794407277,-0.41075885801792666,0.11072478973344818,0.49952466255708056,0.770652303603256,0.3316576719547587,0.26506835590292493,0.16468485492929225,-0.07748639050798527
1654,-1.351314185933247,0.18703045345910893,0.23238743426532527,-0.032431622863409205,-0.20274452639639662,-0.05503540258897269,0.05033633905165902,0.05528202199455683,-0.03724876559296524
1655,0.2797318382820383,0.8349339728706121,-0.1446307706703764,0.02398288113827276,0.029401092284502193,0.04284135876458675,0.219949757388078,0.12433858486424533,0.059705743701701855
1656,0.05843974230385591,0.9832310676071713,-0.6153024874627562,0.36111303853079524,-0.0645398178690762,0.21443635448593637,0.5814736607725268,-0.154235342387211,0.1874751339683292
1657,-1.260222262555622,-0.022338328694968074,0.16040967079752244,-0.11776962385650862,-0.18394649900186189,0.15955265447389808,-0.030191831616101523,0.055381356227111836,-0.041740949874392114
1658,-0.43432865836452794,0.6521770042295313,-0.44301783067588296,0.3193472425479275,0.5442617635357743,0.6238138076088732,-0.11404005522021296,-0.0123762944021498,0.020234914195516502
1659,-1.3864094789937047,0.3177120944762507,0.26212050781114443,-0.0495181375748082,-0.2607366831350984,-0.10860665237455244,-0.006445223972696797,0.16235527562918664,-0.0497827923955625
1660,-0.9945478730729436,0.416663878108422,-0.03228617569263926,0.13351911687229712,0.018488790419206563,-0.06687724048393487,0.001832610770322286,-0.3138896030941021,0.15154112575904422
1661,-0.17034153636904517,0.8281387095305116,0.13306312329796452,-0.0037037065277671535,0.18466568707722628,-0.08907466265873486,-0.24381007074246483,0.03542230841626446,0.1532621074481023
1662,-1.3553333882127576,0.14241007030081282,0.24363214373252537,0.042898560342490843,-0.11672861428845151,-0.023126731355059216,0.1076637047948099,-0.10168117253698368,0.10568571498432316
1663,-1.4470917426261634,0.4042258274712608,0.3215714997506749,0.02722479486189325,-0.19563755903586047,-0.10425994284949781,0.02741006393889147,0.04161428952882496,0.07039540631649532
1664,-1.3209254117662799,0.13804434601194665,0.21256652014679753,-0.03928361592669571,-0.1995040220883487,-0.04756927376383874,0.04119821700344,0.008189182375130388,0.10661162050854084
1665,-0.14918417077871146,0.9619720468026787,0.45981720724135533,-0.024790210060875124,0.1381825256565249,-0.26123265158217407,-0.20365788120253359,0.03020784753527277,0.14449784921861217
1666,0.36693897490333266,0.8778411454215233,-0.044538441283268934,-0.04843157789656702,0.06648730582744013,-0.04140618124498826,0.047008688927033665,0.04442835361845788,0.2201667377643291
1667,0.43063487367006303,0.8303520811035551,0.7345438036331752,-0.0489046225039112,0.1432342029493175,-0.03831193182665149,0.09514867401742291,-0.19518798583895883,-0.14215564535721298
1668,0.043192068795133,1.0534155851946927,-0.02113757854992164,-0.0550457844059455,0.18532872763758862,-0.2459350062606009,-0.26245100219085055,-0.03802991212673144,0.025877374605669315
1669,-1.3916977481947306,0.3241803613356174,0.2795998064013523,-0.03521968656570875,-0.2258465171254639,-0.07963425609115585,-0.013867538528423365,0.003025641711554637,0.26234717693679227
1670,-1.4511714951831673,0.38261116710942256,0.33867204018582864,0.20609636600757494,-0.1405556530652215,-0.12271476099989209,0.0646432731935421,-0.05689035996561667,0.17219726185147757
1671,-0.40262279377415394,-0.4675692001577696,-0.6231420407083939,-0.31065309578439504,-0.09557006982680148,-0.004403824294959028,-0.13816931784760328,-0.14937967275949154,-0.013606793512350921
1672,-0.3637303652791334,-0.7213571526012444,-0.7332107304474464,0.022347529001858133,0.5330589043182844,-0.2527956593724843,0.17380738474408794,-0.008413602908104193,-0.08035690295694146
1673,-0.3653452923055427,-0.3964355583378851,-0.6805959859179377,-0.32006618356954036,0.009009550644100856,0.12440287173056566,-0.2624115505734481,-0.11919726198749503,-0.030084220677667754
1674,-0.32277298787097547,-0.424531452524067,-0.7692268584213715,-0.10863433309915234,0.3600391616703531,-0.00254374647848881,-0.22247826571702334,0.2034322178414927,-0.12274545053649406
1675,-0.15634631995169107,-0.4698146832541911,-0.8036534856624589,-0.1075662621884132,0.3181831226542406,-0.10396170893207698,0.06741974723037948,-0.17639458977248598,-0.015063956346010182
1676,0.32096619014482275,-0.02520126780543002,-0.5567012231186756,-0.36345272747519414,-0.0865384219725269,-0.018672305110510917,-0.15342131128496422,0.09945936321763957,0.10258293861115046
1677,0.1584075767723754,-0.8168961707423629,0.18701081992291227,0.17967452539381087,-0.1708819759590473,-0.05719993856773824,-0.027985143990967305,-0.15614196193143423,0.13314887172047765
1678,0.3198922205731118,-0.6792368772622258,-0.09403735034279755,0.11955773607138082,0.7481305024142035,-0.3141032833147669,0.22898929323433925,0.36149373824611214,-0.03647281690297749
1679,0.6256269243753162,0.022496646760365325,-0.5218154671735769,-0.3095159555732588,0.1279389783128054,-0.14913398855486334,-0.26850828127338705,0.08941549793688582,0.15724051607339287
1680,0.24859666879496595,-0.6286753169215092,0.3091362406571594,-0.2963161626330993,-0.039007706271710865,0.06995368068736578,0.1267723746782379,-0.12281306595214458,0.10814647321411153
1681,0.25102924234829993,0.06141272205589796,-0.9224954630891041,-0.24114358039392925,-0.21640846818639023,0.2018719685199757,0.18229763516357728,-0.042085237394155414,0.10715365601966938
1682,0.48100220721892367,-0.4890533221441367,0.0315717530955897,-0.04651890707864829,0.09623006335081273,-0.018674695811016953,0.13055432020793167,-0.15742906180794106,-0.09691483016291194
1683,0.36540833281479423,-0.4405424945706396,0.4235600478135028,-0.42115442167894523,-0.20669129619494386,0.10869182641728613,0.07770973678430461,-0.028970106577380188,-0.0013107514921490645
1684,0.9532488535572906,0.20668968082481823,-0.3562156526251913,-0.31411241374872156,-0.013089931714670131,-0.037529846081732994,-0.05807965631134414,0.15514553073735224,0.04074989420838938
1685,0.571963929206735,-0.07402734935181025,-0.9939089685014422,0.732023069120266,-0.6090492211459653,0.14609602371278396,0.18114680583545406,-0.09612253937760613,0.08861309683654404
1686,0.8981924823786773,-0.5256863440838465,0.6217498668578751,0.16649885444823959,-0.2404137331620446,-0.07613254316945268,-0.15061428509912525,-0.1318687255369395,0.05923580070387707
1687,1.328304470574951,0.3686311843562223,-0.166279201015221,-0.1778202633915659,-0.2194449285123147,0.04209132114302535,0.12201322519578786,0.29546421340435414,-0.11460181342634836
1688,1.1050653672011979,0.1880339719468883,-0.011375213987261927,-0.38049667394923964,-0.10351865548531705,0.11851857942500055,0.10011178710774288,0.03677775395988875,-0.15679625636161756
1689,1.4098837464336267,0.11662271680674054,-0.09979670634891194,0.37116366805333423,-0.2652358138079984,-0.1638231312740828,-0.2513164135483775,-0.029624206446439486,-0.23910883703818392
1690,1.0196838230609433,0.20675552186191498,-0.36414973743689516,-0.18903979900838822,-0.178480164174084,0.22363630642282917,0.41791282501749305,0.2520589315236445,0.06763637471681098
1691,0.7389268512355153,-0.32081420731291155,0.6369043474734976,-0.48351963460945036,-0.182679540482566,0.16461734652206797,0.11020851096758692,-0.10063242812836784,0.006763633879612826
1692,1.1108009092933617,0.0986420428759898,0.14173721570266876,-0.41346227450282846,0.0006828704935874133,0.005816820561283352,-0.07917142240741051,-0.0009252153618175083,-0.15236025197587533
1693,1.4561626049364926,0.1979273978511748,-0.3508662807510492,0.5109238831824829,-0.35832548356085164,0.0005681631287230645,0.09212801724050951,0.1312197767907184,-0.09342688225176185
1694,1.1966216832366514,0.10758426250655734,0.04932434857118165,-0.3223501968026023,0.0763933574857865,-0.013497045527582312,0.008349888941210819,-0.06417420621959415,-0.17805864103457397
1695,0.8910257763231217,-0.19325756124786347,0.17163044326065224,-0.2141571261501834,0.025184101491602575,-0.01233333136406082,0.033765901542807245,-0.10619305624523391,-0.11231286178705648
1696,1.0357646594659977,0.4581646190547451,-0.6459774207956054,-0.2791482402551963,-0.21631745141311953,0.10966713068860126,0.16520792754274516,0.3845957760232793,0.17659705448165613
1697,0.8538206266086409,-0.6359786320228222,0.6126964487354238,0.33428397718829833,-0.296811014687417,0.014852728716358078,0.0295254357689305,-0.2656627221246946,-0.051436788779233016
1698,1.425927690151662,0.06984035926139515,-0.09985249864196978,0.5047165230694152,-0.3056960683410447,-0.18854231503796423,-0.3275321245650523,-0.03432871304894366,-0.19126355324705302
1699,1.1795636257630486,-0.17456941236496037,0.0011922869455863476,0.5052593477570905,-0.2739848612568699,-0.09610034555473022,-0.2646932128301706,-0.31789404636019586,-0.3178533547620449
1700,1.2468301092631477,-0.16876067252372748,0.14567914409157282,0.4550221860913772,-0.28850524639344527,-0.15466181169482823,-0.22114003078198438,-0.08052796935679044,-0.13026260132416426
1701,1.2493900096749544,0.23916164339678428,-0.20843838402453319,-0.22247268903888445,0.0845578119251181,0.48600240969909897,0.15245188338000354,0.08043855019608769,-0.002702998102396421
1702,1.3488718137323705,0.4336589238424675,-0.36084203079660676,-0.2542135463601917,-0.09238893329105077,0.1040530221345445,0.22333700362295555,0.28090773978086425,0.02195209412834116
1703,1.1989349612692597,0.10116048396142432,0.14349583909770444,-0.41977697250924595,0.08074265726541963,0.016223233665949986,-0.08950723957591514,-0.1369031845369841,-0.13498117036049284
1704,1.2413585482744574,0.018499388495505895,-0.25375763309824567,0.5099950444824646,-0.3964844250448361,0.03201623938781057,0.11983335732984185,0.1531423994661722,0.009483698351875418
1705,-1.1383761169294344,-0.29152984831903317,0.038482327527641594,-0.08001365239415484,-0.14920133656309856,-0.019916901023209695,0.13422798802315353,0.0963707126259024,-0.21816933481591516
1706,-1.1396829382236116,-0.2234862049529587,0.05569259710822502,-0.04695628340335996,-0.2727032637449615,-0.032561349320465095,0.053556764065788416,0.1180170099737752,-0.25049360703116713
1707,-1.1398591995630403,-0.34277661559967887,0.055829953870049985,-0.08636577245340815,-0.12898872964820807,0.08824634824849073,0.1585518181134609,-0.14055613712583878,-0.08013102622671243
1708,-1.2089767566715353,-0.14201290140634928,0.0795678110597289,-0.07921536617471894,-0.115276597092446,-0.10782796941328078,0.1139226798743961,0.28180449199916385,-0.3216956392737072
1709,-0.7449537201188094,-0.028965811310273634,-0.3003676559537106,-0.008143632704132927,-0.07464828025520479,-0.09739467449072724,-0.03755332450027198,-0.04899656074024825,-0.20861617354061585
1710,0.2948190895898768,0.18982421094521207,0.19703277084941367,-0.2135793260869061,0.08063085850849258,-0.03879090497217893,-0.04293071475507516,-0.09410744629609102,-0.13962641175850218
1711,0.6926973877277967,0.4097466515219867,0.22970263760213797,0.15080709663792827,0.12252017415459955,-0.12070907319183576,-0.01619162680457,-0.09366805102149525,-0.25129172061847194
1712,0.6419579490369561,0.5236968897145381,-0.04562162396540054,-0.1722166816692531,0.0923635418695248,-0.02116758936501462,0.0033074723586666247,0.019547551669139126,-0.11746135151418972
1713,0.633294020590088,0.7006424018896245,0.2693440864124116,-0.052874401774134654,0.16943635987276812,-0.13169343926911523,0.0374902376058074,0.1490580509586324,-0.20326385331473695
1714,0.9722110022409785,0.8027024697376117,-0.08254946360847625,0.03028259051282928,0.04786648378797035,0.11230748114316866,0.43277092229240954,0.16757213454082986,-0.23380832089963602
1715,-1.1482705444617332,-0.29458361205950584,0.06045852217239296,-0.06724138685628601,-0.12483786555277679,0.17464523141956856,0.06346200498567245,0.03160217981640803,-0.20176727915608839
1716,-1.3109484575776225,-0.08511040738329546,0.14274908607597575,0.10916264339254055,0.19383917663479627,-0.19010250228485043,0.26128483221128274,0.23553192987865282,-0.19982771773795763
1717,-1.3436303595105576,0.21345451648781083,0.22634791558745015,-0.09094883046904492,-0.26389132564431333,-0.07032690682140677,0.0033467688284403514,0.12057582083253346,-0.07489067855589755
1718,-1.2274841920202817,-0.03501244888136114,0.12985074546366318,-0.15065261466718888,-0.2645435017009755,-0.01065468881662395,0.018364515533254026,0.059264999158750935,-0.04332027044443203
1719,-1.2173763952668273,-0.15633772517607586,0.11670404066833114,0.0989553178962675,-0.11811256975834653,-0.06826525853291807,0.12488905866745582,0.061336800100296136,-0.21892894414723113
1720,-0.6436590889801174,0.1971929440267517,0.41212058516096545,-0.14024180933653943,-0.041795890305784095,-0.19307672587202127,-0.14769383227162317,0.2197121403481279,-0.027996000528408595
1721,-0.381372340203869,0.24086099371588876,0.5259932656206587,0.08733297253076862,0.129160597532912,-0.33426495602670137,-0.11506367875784203,0.2756195171251848,0.00968635485977434
1722,0.34860232795270146,0.16127331473549214,0.8911480049048102,-0.17262496369949717,-0.01706887939774705,0.11025581295800349,0.22634748343823347,-0.232750249633826,-0.05270203623942492
1723,0.9549549824374404,0.9782487136554039,0.07643580564421235,-0.07980452358341819,0.09475343439473957,-0.02488832868355264,0.1428139614034649,0.10449641747163223,-0.20430448094062878
1724,0.8487216485542666,1.3854133478028865,0.3741361758411257,0.0761872680897228,0.1349466405860265,-0.17151346208430662,0.03607174716162829,0.09492290660370756,-0.13163692316229547
1725,0.44491381675708763,0.47777417935853744,1.0484357296611222,-0.09200236875355944,0.12376754904597594,-0.06252016259713272,0.15865966283435853,-0.09534065860287787,-0.034289063757543155
1726,-1.2547386560079308,-0.06358880767766296,0.15542952847154268,0.07348044994406518,-0.14453301180994044,-0.0467573874097284,0.10767942727209806,0.00719843731965788,-0.13559053176870495
1727,-1.2603966907125201,-0.015187498870301453,0.16734534412245258,0.0339766823919927,-0.21485716442813368,-0.02267452795750957,0.0612354132926653,-0.017502300907028118,-0.08137924346213678
1728,-1.2819411163946468,-0.04783862316374696,0.1682695170159242,0.17261647641522637,-0.03405121115199124,-0.11031786004925072,0.14731200008077408,0.02611254585837124,-0.06138615441072736
1729,0.6908139720385877,0.8651581650070924,-0.05662355227366084,0.12512680993020378,0.07490910030423549,0.15891459317910017,0.4829641409639134,0.02727507179816637,0.13233377621092707
1730,0.43377983954294475,0.3990207379569631,1.0024101706157609,-0.13582490019240398,0.043238103447176886,0.012862342856125288,0.16048960441754173,-0.16560660906026906,0.012341624935504022
1731,-1.1980986353856944,-0.12607534067834103,0.10675466970842931,-0.11308400642292123,-0.20755551370854466,0.02177825757893168,0.05464840682461962,-0.04285750972490985,0.09779120162297571
1732,-1.3256093463326444,-0.06967255183375909,0.21471046099844326,0.23056734893190867,0.3069608803473956,0.785622195855364,-0.20653346021324503,0.17413375176677917,-0.005446588981323757
1733,-0.29807387947297,0.8042197227606602,0.127115980621852,0.13377894512487679,0.2849011124761918,-0.008008316919632281,-0.023423602314643834,-0.023415427336187577,0.21196719605032208
1734,-0.6789208209837779,0.723909622743831,-0.30971903809792767,-0.027370171385366595,-0.005012464358747157,-0.08123709886956422,-0.09434400678650016,-0.16698946505137266,0.06960931063166674
1735,0.06227015719747386,0.5193257705336858,0.8964752127079826,-0.04311172940830022,0.11706632447882995,-0.09103029025572049,0.05397855661660211,-0.12144711564960955,0.21606279222456762
1736,0.8364714040545901,1.4605062502255326,0.39673103040048163,0.4483130845234943,0.04116010083081761,-0.20556028014984687,0.005645601846870306,0.03322913236950266,-0.008053193498503535
1737,0.849868834190458,1.4349834085130044,0.33932454096176534,0.09053281475780454,0.19840578016996577,-0.08569158286474754,0.1709646362467762,0.03977389335747071,0.0576866062855703
1738,0.27783889740037365,0.946532669911929,0.7787462143112314,0.37243411062697956,0.43656094037887205,0.5645481862616928,-0.2821082467122993,-0.08688555908757645,0.082467198436847
1739,-1.4200045057565824,0.3371284937144601,0.3036909314395768,0.019242116796713764,-0.17827958378961029,-0.07088758665733214,0.032265388881965375,-0.031033028459088282,0.1734460202139263
1740,-1.4438665311930658,0.31681222813006515,0.3148822911150673,0.1434122852738206,0.013080190752804432,0.15879638973731186,-0.042606559416638025,0.107331545415131,0.11315552186002406
1741,-1.484338664464533,0.49786955433833563,0.35669094752467206,0.041847246334785655,-0.19420860578279256,-0.11124556955809271,-0.0019155390478451254,0.02649163952793323,0.22345534536555225
1742,-0.4623239575051335,-0.8179474634891084,-0.5892861423674685,-0.003450020173079072,0.37427444695578826,-0.15864443627651323,0.24486505699903896,-0.022251021779743106,-0.02438197403238072
1743,-0.5308740512522027,-1.0295612806730556,-0.15870040063150515,-0.05114547316482015,0.3386273001216009,-0.15386995610744994,0.30446365978022494,0.13715325036648177,0.07641308778023852
1744,-0.4368633058218008,-0.6998375515900932,-0.6141541207686033,-0.13524343057529012,0.2513959166380989,-0.06464888099861606,0.10585013203203214,-0.1317625981716737,-0.009035578076353393
1745,-0.17903720811950358,-0.38594411147525154,-0.7847246798142872,-0.12892241546155284,-0.03438183916757594,-0.053263252526875235,-0.13622993667060013,-0.22341294192259203,-0.008499607951758437
1746,-0.258005740093105,-0.4536525591991825,-0.39412150161066206,-0.3659080044976395,-0.11880060534054049,0.004850793722185275,-0.14733571490230885,-0.03988114078687125,0.039015341360181664
1747,0.03204236667286256,-0.8771092378246746,-0.3730850061401596,0.7747903251335856,0.1169376259826678,-0.4570774834367985,-0.19637277222640523,0.12569038148359452,-0.0018694520249246446
1748,0.13481888706691267,-0.6051740209964124,-0.43464966295071433,-0.06334883927567159,0.7045980374492955,-0.3557611813959988,-0.005982992797072351,0.14590790502073134,0.12566775549403816
1749,0.055947447587176825,-0.6515868369912791,-0.3317000869835487,0.14763341023585624,0.82880662654201,0.5948297909287926,-0.2179802340864247,0.3446838021494998,0.06793838968993578
1750,0.019939229521790697,-0.5215651696796096,0.18049882673480747,-0.44446537114590823,-0.15764206009894896,-0.04021368489035339,-0.1707141379872942,0.10378462793817753,0.19249210420268756
1751,0.007815785886473449,-0.7995746689872036,0.11041856300826887,-0.10969904358558907,-0.015027363327172832,0.00568504313301179,0.011275140535605771,-0.17442856191225264,0.24701764377706092
1752,-0.02883431840174442,-0.7547252736851054,0.12450751000310263,-0.23618786302495365,0.0858994046075137,-0.026755092717242728,0.09446213589337542,-0.04204331241397784,0.16555970950143983
1753,0.0359634679886076,-0.2436431038745239,-0.8815631722282613,-0.0952607468532482,0.013479810668565495,-0.0030829749437816718,0.00039933036501683993,-0.20978337583133252,0.023508646741929536
1754,0.6537157095278538,0.03449522991193222,-0.5229706493219085,-0.29202361978783614,0.20913085546492508,-0.20543393275068944,-0.22292158821607014,0.13063711228292132,0.10274329477347816
1755,0.07232318987918655,-0.6939150828931485,0.19379225623758217,-0.2764724990044456,-0.019782978018349492,0.03121587973680956,0.07923947309988566,-0.1066153777453611,0.15967833187819838
1756,0.07663308295562984,-0.1523905475605647,-0.9300466464240913,-0.1894610886748227,0.06301337420115087,0.04850452623336763,0.05094817237825571,-0.1784700865720349,0.023982283875870845
1757,0.3686591289130655,-0.06982394434021658,-0.43587984087142245,-0.3640125220163399,-0.053165677782118934,-0.024952183535738144,-0.14600603410559826,0.04864450220413149,0.019888605953407208
1758,0.49281870738234423,-0.32799961823808127,-0.24116061539959516,-0.17654845731729002,0.34391966934933027,-0.2447065927285723,-0.10648238245622273,0.06374524144758491,0.04798281694997147
1759,0.7568079906496522,-0.15214075573483235,-0.39953236105744744,0.17477850573670525,-0.03206467735418856,-0.12413426014272487,-0.17192023170334167,-0.035843654523075016,0.024383176369155206
1760,0.3821547530688795,-0.4298289329326725,0.4101198049267542,-0.4433526214032821,-0.15741732374772102,0.0415245401912584,-0.03965338312956427,0.010660473421674423,0.09131752224353279
1761,1.151492729510297,0.04169495827008636,-0.4138260328404902,0.4206642906858798,-0.20330403846898,-0.10670558907400854,-0.11644024869589295,0.10386657194064587,0.028259464616802038
1762,0.6926570804589222,-0.6455152766259372,0.4433457596373924,0.27071907722774463,-0.12316491501880387,-0.1521978756749522,-0.12048175966672596,-0.06593102046336034,0.13269556850323402
1763,0.6858422121935275,-0.14360884800100487,-0.07445610561164129,-0.3061046285339192,0.03777192666578994,0.006787241561964917,-0.15015530925787235,-0.208401817440065,-0.11947035343105342
1764,0.9870002678161742,0.16640446308116236,-0.45330888093064803,-0.10845735580672587,0.28948036089842016,0.4064068421819861,-0.02899075213590295,0.34459817827975114,0.06653148742292987
1765,0.38471846842863006,0.25206677929301946,-1.0191180752014146,-0.06740402348522144,0.04982457097988566,1.0166300470959078,-0.2226438737149006,0.2636828518968389,0.09924720844608449
1766,0.7453297904925319,-0.7527508056890087,0.49912297476660406,0.5816908336455165,-0.26611367450085965,-0.12785752793702135,-0.07290642479433886,-0.18649920738777587,-0.007337332527030952
1767,0.872780852173254,0.1276807855251536,-0.1570530575996115,-0.33801593726365936,-0.11751097177171364,0.023044706742873837,0.04787832671556078,0.08673408095989654,-0.17680088963156107
1768,1.0207805132896037,-0.002425165548434462,-0.39143647585617647,0.3064627558876691,-0.14073275064293603,-0.14947493711150228,-0.14182052962138592,0.06697140858991579,-0.019420928170318593
1769,0.7505233892101411,-0.4123706152628928,0.14861367972310052,-0.0059756953897144496,0.06736736632511597,-0.009780190712076505,0.045719841508370045,-0.23130682513430298,-0.05947376494023136
1770,0.691733817775506,-0.4599392237742402,0.5373269862838048,-0.2866607237332279,-0.05687268728739856,0.03038843264936408,0.04531995633440677,-0.08526657146015595,0.10035927243472713
1771,0.4225629138889055,0.22522752690083866,-0.9264852575658951,-0.20058791418859848,-0.41185289562805494,0.3376382994090537,0.4413416806905234,0.12764710420742298,0.17008165256839272
1772,1.4531647532960246,0.2097304542405383,-0.3135550369143282,0.40760553583120723,-0.33158173399620805,0.05033025113418955,0.14964292733839119,0.12074604790855008,-0.05925054335048481
1773,0.9721870695265159,-0.5592178189747908,0.6421819084897425,0.36033803870675857,-0.3412030159874706,-0.054052062923482455,-0.07310441413956287,-0.19350753029266526,-0.012925786121626988
1774,0.8606013626471031,-0.645458037720463,0.5728925188492568,0.5332603395368797,-0.42754780582974317,-0.06988745271407609,-0.07544479538219524,-0.1878259479432879,-0.03847260119956037
1775,0.8623180613408075,-0.5330792390897009,0.6339917182806241,0.04620873623816923,-0.16858541939777025,-0.0017981564729719877,0.06111029271209106,-0.15703502804464872,-0.004130056243316319
1776,1.2451517532338976,0.3407557662248381,-0.4398542816940993,-0.15358821479379803,-0.1055781257739478,0.15346995527905807,0.24863004300081415,0.17872717452942524,0.08068730601077277
1777,0.7212926832430362,-0.8240029960218819,0.5022352802737309,0.08260610819918762,0.6595796809420178,-0.1292082987130087,0.6074149901302603,-0.04202315431346418,-0.02772327393029603
1778,0.9643976236368524,-0.5973948802433301,0.623225181893603,0.5237592033295435,-0.42139585488534476,-0.10454903107114777,-0.09238413036214667,-0.1561441475035981,-0.050179087340456945
1779,0.8578519039455574,-0.6748306898821451,0.5902560504320549,0.5503110200126258,-0.3443869673201523,0.1154268541218111,-0.14266524202911143,-0.24788845705396334,-0.01453862716814546
1780,1.1272121829418487,0.3461949759937842,-0.4955363283662138,-0.2460793604288811,-0.062306410819287096,0.06260627322292489,0.13018818266758625,0.14408089640527275,0.08262335118252734
1781,1.5600106215379625,0.29613993337243716,-0.2972572373120037,0.45838201335268913,-0.3855430551629626,-0.06426692082690956,-0.0019453302601986529,0.2626154030181185,-0.057312413886616786
1782,0.9244115328680665,-0.23658415896175478,0.6770243342519993,-0.46990495599803805,-0.13765401914727793,0.0566174740250736,0.03324353097693458,-0.025478843987732168,0.0692681939725643
1783,0.9079674305159051,-0.5222025343380036,0.6001090165931457,0.21993367396944968,-0.2734745596498031,-0.0794639050912804,-0.040672964621871706,-0.08763207123328016,0.025805865435747092
1784,0.9152496469800679,-0.5524725960146526,0.6310797360096503,0.2913336643859987,-0.33099442600698814,-0.03715683655795791,-0.042837893352380786,-0.16884269080301492,-0.031703230659312444
1785,-1.1545470105814986,-0.20028071942404282,0.06031483668490045,-0.17646135063622304,-0.2685905977227451,0.01682181429082851,0.044824944728356846,0.10260832589955989,-0.2202353452948038
1786,-1.1424783528409501,-0.24506882713198938,0.060768068521499394,-0.006436260401573595,-0.2396743053028341,-0.02851265371293508,0.08487090501191157,0.07812058891477754,-0.2557515646317259
1787,-1.0385602584773055,-0.4740192259567017,-0.030807067707629684,-0.21279508579642498,-0.22673312967889916,0.09977587862977005,0.08260520988685294,-0.07129077184803487,-0.03683410322456666
1788,-1.1290407198589547,-0.3333115333426965,0.05213931557930073,0.024848786896330743,-0.16970660155579118,0.014067223466750078,0.14610230039395114,-0.03499506829979015,-0.22162838853069886
1789,-0.7074818726026674,-0.011684924819124252,-0.3258173186117876,-0.1203832265559192,0.04236264898391503,0.041672612944538924,-0.011651709392485545,-0.28333724624366435,-0.16203097968250504
1790,-0.30761797704553157,0.2250272666679692,-0.7208182480144044,0.5297156791811793,0.3105853313754141,-0.43394292084810493,-0.19081069275120674,-0.08224038207024811,-0.2819135321552648
1791,-0.17079806961253352,-0.10372653177952881,0.4530128214102746,-0.2195139841271926,-0.01213636806099423,-0.029341758257287395,-0.014006063299568636,-0.026706201500523254,0.021492674165197956
1792,-0.05403844739933758,0.19050532952158267,0.6293006641164803,-0.11071384788903306,0.11928808736384887,-0.1853939080999887,-0.09210833447704912,0.07930502309442015,0.11604212376615775
1793,0.47832348727682567,0.6085089658496475,-0.20461317372675603,-0.21662137638942966,0.1037079962116381,-0.20939278994010505,-0.22880066508031513,0.251783449602276,-0.01501506942076906
1794,0.18697338544245684,0.1970611808750287,0.249263795842106,-0.18771615741579475,0.17778243304877617,-0.07196963442612431,-0.08980870193326915,-0.0951971421487535,-0.08976462542745427
1795,0.03812434878639733,0.08372066522149298,0.6221931946092236,-0.06475884090101167,0.290214097124186,-0.20882093491537349,0.07850225183869373,0.17817958415065865,-0.07344967042526612
1796,0.49823908519043913,0.9232230059611168,-0.27716165414089317,-0.10454771582883364,0.03541356264915306,-0.0796535541634877,0.00015826479207103046,0.24627400321557297,-0.15418633863071285
1797,1.1511369919519205,0.7961425733492576,0.062316060985245184,-0.14177037465203263,0.031738354540287415,0.049215547929781715,0.2227377128024677,0.2015637816251462,-0.15547053308899036
1798,0.9367807969440157,0.1533016933505211,0.31876144328996825,-0.007678778697800251,0.29301642087180135,-0.026690288529960124,0.20554722264630548,-0.2524336429273218,-0.1880102126285554
1799,-1.25729879519015,-0.11632163612206868,0.10700297121999533,0.07269068081392012,0.06358165531036056,-0.1747715913290538,0.210558693273782,0.2674688023997024,-0.27972582333792656
1800,-1.3186703375735986,0.1689720542810283,0.20070691039466446,-0.11526796696338391,-0.285525731773209,-0.07023555497437908,-0.0009704947290339731,0.18564595383250895,-0.18366429117352875
1801,-1.2197386776135564,-0.14062158473604675,0.1243963806551456,-0.040196779866809036,-0.1490974737894433,0.01682855911461762,0.12913301265398144,-0.0580024206449026,-0.09763162991876582
1802,-1.2474815680902716,-0.027155344187813072,0.13956853651955722,-0.08441965637120796,-0.21925368131222395,-0.025513414842043197,0.06552795087498232,0.08713344309344014,-0.13975384206931307
1803,-1.3278221498788039,0.13731938250529685,0.21143959932607426,-0.06259308925101746,-0.21833289523591995,-0.04487933663029244,0.04991942603698547,0.07637510928435698,-0.10806202651297048
1804,-0.4251135331018843,0.40605159739312163,-0.5485640553868736,-0.09668398019927675,0.14104436112098329,-0.0536067248640613,-0.1410820335857221,-0.34077392449021254,-0.0965011892199699
1805,0.1955160871838229,0.4136326110661307,0.9892251508502036,0.07789869920315147,0.21917578276450322,0.3689896185326622,0.015966078727648686,0.030695807061679715,-0.1204954957867763
1806,-0.7739083095145984,0.5700659538302509,-0.31398353917650906,-0.09333824748811659,0.021279737232670015,-0.1592518517693108,-0.22853348442413776,-0.1196473248472367,-0.1414035777063337
1807,0.2346954671745174,0.7018592657887456,-0.09188437811158172,0.07314648311530955,0.1685031390658,-0.14063795845439792,-0.03826464058642393,0.027569700121066854,0.09698569187795586
1808,-0.05635969747388094,0.8164320504598812,-0.2040214048591531,0.008242920891772027,0.027937931206438373,-0.03283815737749701,0.0879853862292335,0.1215186165233892,0.10817894284754855
1809,0.2616050820273632,0.47923899775425055,1.0187435270641485,-0.11501918127578134,-0.0085424246045935,-0.002225723037522191,0.16281675263768786,-0.04222444561603,-0.18044262139278344
1810,0.9446900263581547,1.3283919265057798,0.19690773501263387,0.005325693856930264,0.015710998665679304,-0.010404412213068514,0.27319288165096123,0.3171097700413036,-0.09598296860986016
1811,-1.277333835616316,0.26544814801244465,0.2569934566591614,0.2512172870186398,-0.06871019046320358,0.027133466726624887,0.12715769509582514,0.10475476120230155,-0.008781121430442296
1812,-0.6269524455929488,0.6242134235523661,-0.3227361163969972,-0.0007362261405892553,0.05239237146364895,-0.03742296237875068,-0.020083978185987783,-0.25912660682564237,0.07954643131627429
1813,-0.3227575765764176,0.45493347235733206,-0.6196423226247323,0.27347874952790563,0.6933071473288537,0.7007842613946028,-0.33225668852483803,-0.06514344762792693,0.08235259599934078
1814,0.6528149238014674,0.774429266462095,0.6513284221683805,-0.010740668157097795,0.23424661347507622,-0.06650330553265747,0.1144744275789956,-0.23382949939857256,0.028090254826327907
1815,-1.3536065342169774,0.17559977605740146,0.23873277430292886,-0.017935909180409007,-0.17808386854474492,-0.030350746686566548,0.0586648280476367,-0.013111984019545376,0.03714857644058363
1816,-1.407608985327033,0.3568482221611386,0.283395100683374,-0.03499553156612858,-0.24745141924310152,-0.10238147074286057,-0.01054320641410555,0.12780420452366317,0.0267153822106952
1817,-1.3942901345815895,0.2941242401911552,0.2743609376690549,0.010487343975899305,-0.19459949021574124,-0.08277347131871429,0.03464742425251171,0.0427430363064091,0.06390857544465647
1818,-1.397318064043731,0.30410341018277387,0.3016948721613404,0.2259661512743995,-0.23952787658712146,-0.12322951938044373,0.0032708077794436586,-0.010105976514400893,0.06120854723951006
1819,-1.4349210899410871,0.33547655102280516,0.31817312555492194,0.11148575608591837,-0.027703511062225374,0.3215867832986989,-0.1669407186245366,0.14495409998239245,0.13671509821673936
1820,-1.4284543544334143,0.32099586358747173,0.3123101723707151,0.047017112085290816,-0.13338865010110446,-0.042956410696320106,0.05772111727075038,-0.11488165182183203,0.27038967201146297
1821,-1.4767748080473382,0.483793773242169,0.3503708429898322,0.05244218201255312,-0.19355544111183645,-0.1227427328154021,0.008153223583525169,0.03772507057237027,0.17169568449047912
1822,-0.16241089758406066,0.9615372712727449,0.523725570886802,0.08462054779447747,0.23609087792127456,-0.1996939601187121,-0.08958022184057594,-0.17736288683009685,0.2525829025799501
1823,0.5760634612026468,1.4575634500002852,0.35210648940715156,0.2839485647712065,0.3812766751893108,0.1593172033761261,0.13147708255311527,0.15872586781769957,0.302066219470155
1824,-1.4993041487319645,0.5415521463811621,0.37108573588314125,0.05686668117850334,-0.1974074790805256,-0.12764025598006015,-0.010962869488068676,0.036192719840269214,0.24279288799524654
1825,-0.38942477259140335,0.7090158944581275,0.8557540210632926,0.11747458547100961,0.11931004382877258,-0.12998966318945637,0.0878127185874406,-0.17273354643061697,0.4045523450642641
1826,-0.4421871049995505,-0.7380897091951513,-0.594755084690453,-0.12691473489477148,0.23073513621233313,-0.019091465567364713,0.13013810716527363,-0.21184807921634016,0.013611049151255047
1827,-0.33967512453650456,-0.6600698326187318,-0.7573025423143525,-0.02075914411475376,0.48144172272911606,-0.2292721915130051,0.10743757149200997,-0.05202409710912547,-0.08279716037182219
1828,-0.41437677899128017,-0.7026703082180915,-0.620562595030951,-0.11810232308856367,0.19438003176543647,-0.04266551020769147,0.0991231615120852,-0.19848036994318277,0.0062160541044270585
1829,-0.2936984655689299,-0.31394025002827103,-0.7982552275764252,-0.2616451321277796,0.10710861409817037,-0.23777679947589953,-0.22849020412756912,0.07555630653025126,-0.11635283027556141
1830,-0.5788412486074188,-0.6056078551952401,-0.39083154216334715,-0.2700640378307392,-0.31518497999668876,0.04081369872062971,-0.046467590666209056,0.012569958542657524,0.00017601687883189696
1831,-0.33756521559857294,-0.7719014947774413,-0.058367056036886626,-0.2399301103969097,0.05906513250240193,-0.19688530233458407,-0.05675158388727802,0.2362129043789013,0.1889332423482274
1832,-0.23849900797539578,-0.316235087262282,-0.8305264338852705,-0.30851831769740945,0.03375987328875092,-0.07019628489499218,-0.27557714762643315,-0.24988627092572835,-0.04746876896710338
1833,-0.4512596268780517,-0.48668190904789094,-0.5711515504848573,-0.31541034559177955,-0.04979614466773194,0.16360642946166606,-0.18119543878672334,-0.07983931846721543,-0.008547709760648886
1834,-0.22956958373606196,-0.659654128382595,0.020807412746193018,-0.35985404385458464,-0.13077125602841935,-0.04174612861965918,-0.09932579185608789,0.07939302655511242,0.20009587483189306
1835,-0.120656139703078,-0.3247605319994773,-0.8367262892635887,-0.1502583736713683,0.00887053705784801,-0.07897241746024428,-0.15238233433131326,-0.22006076955319948,-0.01850539820279962
1836,-0.316489821851581,-0.6110050806058583,-0.6681521783014351,-0.12975235010429118,0.20882728968423628,-0.01986334171012671,0.14184562590318997,-0.14620402775361235,0.025649435051385207
1837,-0.23630170123534358,-0.3079447306818735,-0.7164345661228565,-0.36065562849640026,-0.09376807720037261,0.05429943839734582,-0.1548693567984073,-0.2136679569618403,0.019435015661930823
1838,-0.02133555217560538,-0.13973516044768636,-0.8636216686868634,-0.019732746772578916,-0.3054392315767955,-0.13391571205303598,-0.3655080400049121,-0.08066888774033672,-0.05704616477952463
1839,0.009320128561133697,-0.47056481805683525,-0.26470902635396976,-0.3075835205527583,0.029686784835716126,-0.04272787275665268,-0.12646829887101935,-0.06064133661586295,0.1127229855304455
1840,-0.06261858275024536,-0.9514111184502237,0.0668389801869892,0.06124493452354807,0.6267701135373908,0.011594623746203521,0.16446475179272205,0.2502089432074152,0.12818138407993904
1841,0.29194198637158836,-0.1306964352728755,-0.5279327204978784,-0.30437114298105067,0.2855720547870492,0.0496165364244617,-0.5449353057652079,0.10034692019585963,0.07409549296564864
1842,0.08770865900051768,-0.5821613812964606,0.14670355498354734,-0.32080852797996146,-0.042174986303659776,-0.1548208537208386,-0.1446856956431482,0.16523981676260988,0.2688389357315136
1843,-0.05824761428247083,-0.9028520149774659,0.045987109492848455,-0.052925987165303195,0.4058771108028392,-0.18273875556110075,0.2686936489555705,0.10088756247577993,0.17101239615528965
1844,0.1371451733386075,-0.5926433136877645,0.23454052883245713,-0.3750859814170431,-0.05501209895805538,0.012553676663026564,-0.06294057935343174,-0.031507963540387124,0.19834208956102653
1845,0.209614759838518,-0.5237806161048355,0.25897642087374945,-0.39498608723051803,-0.06327925688172893,-0.07386194044193968,-0.1529846052572103,0.08899777472562992,0.2219233093253034
1846,0.10920746858343548,-0.6729115636588398,0.1975598100061192,-0.25730326052111996,-0.01400022533126558,-0.04000636331289308,0.05657438081919083,-0.015281922727192648,0.16797639693015357
1847,0.20702812595441034,-0.6176716544011067,0.21518748970927667,-0.14463165209999904,0.11988150306953604,-0.25707721816714385,-0.06828056303740337,0.2797066799928081,0.13611237768220238
1848,0.47186732128656933,-0.1389760523648276,-0.17280871400907463,-0.3713853380317748,-0.01698797004626307,-0.107918132225149,-0.19653234026841657,0.10819128720479572,0.03270213186681004
1849,0.31606648870173043,-0.7289110134439847,0.2107452031976206,0.21899341831245583,-0.0673725564050686,-0.22391375442856218,-0.1507877378972225,0.07039519954385645,0.2161844910807199
1850,0.4205612986507065,-0.28708080597624724,-0.13430529818452794,-0.3249213172825051,0.08632292889586873,-0.07148287894279302,-0.16073851840854386,-0.07081960979298996,0.03511701211533061
1851,0.15665091528209654,-0.14545110873322287,-0.9024762608589794,0.008736645902059938,-0.057237461090928435,0.19505999930677864,0.08447168482234743,-0.0339620073133692,0.05543535762910008
1852,0.5841992853308714,-0.27628819208129046,-0.6180268942027879,0.5907466594513853,-0.16360171868252632,-0.2332937004952615,-0.09140657206815617,0.21608984287955174,0.12349440395454199
1853,0.43624027249763764,-0.7113427576876281,0.2918713084023637,0.1739905674847526,0.05387996086976219,-0.22247237314567278,-0.0334936948649421,0.09074426477664704,0.14884746172147106
1854,0.6470594570052808,-0.5213075469845607,-0.04650073595424581,0.5054015654210596,-0.08636707850902334,-0.22213092389239952,-0.16146283353157542,-0.10879975508237806,-0.11419244522269814
1855,0.43729223648886234,-0.6631175488121517,0.3439905263230324,0.00041926943334359804,-0.003582398492838074,-0.08529807189395285,0.05228120762882948,-0.034605423220610124,0.12311602486038467
1856,0.8722620674923502,-0.035552849374627334,-0.5771305632453646,0.3625046995532771,-0.0713442073444493,-0.19817628276347213,-0.011409186030441196,0.37186142710169356,0.19256200530474574
1857,1.1091138397049956,0.32715841910992316,-0.19191232495420976,-0.45875450053654016,-0.00910560557811887,-0.13872135753783352,-0.2841701245696399,0.204259926899974,-0.02239291054586255
1858,0.4520103752907564,-0.7682398216858409,0.4368706273509136,0.35160737119290253,0.13188530436721607,0.728539667420233,-0.15026709526394277,-0.05631907199784113,0.003550628371715371
1859,1.1016941268094957,-0.007947464920043192,0.01739354487246929,-0.16380576658357188,0.042915664911405756,-0.04648007974486924,-0.0566298342597994,-0.09583083121215148,-0.15137875619528368
1860,1.0686518669127412,0.021854089778539365,0.20855912192198298,-0.399930013603659,0.01530968143035379,-0.05183036006117867,-0.09464283621556988,0.04123106860712929,-0.06186793826522048
1861,0.6362934825039227,-0.4161641902964147,0.5706360632174112,-0.4043550706746956,-0.11695586884651082,0.1299358241848472,0.10187235807325473,-0.10908157158062219,0.009749985236113059
1862,0.6821411228944072,-0.6712704897641617,0.5230185712798063,-0.10803824704971192,0.17151568231881872,0.06369684034713566,0.361978747136702,-0.22700795982404037,0.01315869253940288
1863,0.8426527409167415,0.29094136056870695,-0.5506339480789204,-0.27449946690364324,-0.23631395845527522,0.15472833641145,0.2193612388827818,0.30553761329173684,0.10210959574382913
1864,1.3377722661777733,0.09154892142930064,-0.021400374946129376,0.021176360832875676,0.016282744410522562,-0.1505284406865082,-0.1775499638305604,-0.07096458087460429,-0.22548937639745492
1865,1.201754569393875,0.12539106993899163,0.19561119592930934,-0.3887901140401522,0.005950948460101289,-0.07496429365202005,-0.07795784002510449,0.040689188676467286,-0.14044826994962664
1866,1.039135295469706,-0.04214595419805314,0.1885949937647722,-0.28488166163603934,-0.01203253864903043,0.011556751233753569,-0.014423120274497282,-0.08330881083009985,-0.18216717343527616
1867,0.9146088240827578,-0.44991977910495173,0.27219804981046497,0.3807482045978779,-0.2525409861362986,-0.013956394131715906,-0.025540280121440398,-0.27883518614859243,-0.16708804674358843
1868,1.483125547212319,0.20654856856474982,-0.37822058816334925,0.6237587141214577,-0.44277368982649634,-0.02332520349253608,0.019185396807881987,0.14231632714049564,-0.054877047200885556
1869,0.7011009751506682,-0.5058139912664047,0.6050477098683102,-0.3049920174590603,-0.04096034759371611,0.16357164663188575,0.25682736965506986,-0.2305350447259911,-0.019896887970666046
1870,1.0670140331672544,0.0645493188915745,-0.5161074819218926,0.4662354763830287,-0.3987171769068631,0.049090847479523095,0.13898621478969936,0.14812080783708687,0.09696605638698247
1871,1.1089148620703497,-0.0873220481951005,-0.3050117459576533,0.5220789862403921,-0.30538011837625856,-0.00024072172780448413,-0.05665620569029426,-0.12375328466291956,-0.026094393530636167
1872,0.7967705327975462,0.1690842988076701,-1.1064945860514388,0.7009271612761517,-0.6394843300838154,0.10626261881696679,0.1148326824843352,-0.043126301119326804,0.10168409888287304
1873,1.3344033569649418,-0.13633211185438573,0.2491658061219949,0.3479575078925438,-0.23606612743895647,-0.15267409951858316,-0.23417679088749524,-0.13348210102739214,-0.12530977215223163
1874,1.4362157396437105,0.16849198205708177,-0.07902062208110457,0.19456502055801173,-0.2004632866501313,-0.07076776964755913,-0.06029759316791986,0.06286409132053548,-0.14092886788546904
1875,1.1502657182918077,0.1676653769867473,-0.41627038027718843,0.18013088361749677,-0.27026661572761657,0.08610792735310496,0.23153853501227764,0.2554464648033137,0.09176384045859207
1876,0.8227230678837383,-0.11596281621406963,0.09786649710235917,-0.3529997047013464,-0.05153327794346543,0.21251132029276087,0.16857127283428686,-0.23834108900075182,-0.16424719802834817
1877,1.214062812503738,0.15014851749829142,0.11836191881321888,-0.4317145276171575,0.06315984273114565,-0.008007180791556733,-0.11831166876533604,-0.12627378624500685,-0.15630820472218526
1878,1.3540671044184964,0.4230660660365938,-0.29383459794679645,-0.28834336439785296,-0.08526588044088718,0.10300434276048241,0.182158233643843,0.22971841321056521,-0.03539726199779547
1879,1.136393819709509,0.024851204775484886,0.13925894288954557,-0.31472095383830095,0.05315237747634616,-0.02212944513344244,0.018985517445181586,0.004362301609664614,-0.07376461392499895
1880,1.0803701359757327,-0.033178459308025654,0.27518909099079375,-0.30615383299623566,-0.015673251849399657,-0.06287234803905865,-0.07976044860284019,-0.04337923977204298,-0.15631095822574326
1881,0.48225764829572415,0.0971995776881863,-0.9367530099412595,-0.07998102142714346,-0.26920775650436224,0.38228998276051274,0.5877487406999832,-0.029723412305136497,0.20996927654426698
1882,-1.1318152971821092,-0.2909451539132731,0.053075860664393515,0.02017170537929478,-0.21274827377984912,-0.016967169848926544,0.11016697058533606,0.039204006636436896,-0.2383930327678194
1883,-1.1871468408272658,-0.09433643765231318,0.08495543380657489,-0.1578284697650967,-0.29946187060376217,-0.045957649770355415,0.021769014282616232,0.21461775120146617,-0.29014119835444824
1884,-1.1475105782037338,-0.37405348047840176,0.030905752075564303,0.13726248555455628,0.04452584436987692,-0.11530115509612364,0.21814078753032837,0.14468120601216608,-0.28597871460214114
1885,-0.6051225848397299,0.11550027420067802,-0.48312614914604085,-0.21125321467872582,-0.0071531789753712174,-0.06469940339544156,-0.2124668973915013,-0.1758441125629896,-0.17084724345071142
1886,-0.575717977426696,0.16201144568687376,-0.4662387592175761,0.19386685152600103,0.6071011492750253,-0.16300803553573714,0.21281536564859155,-0.24716557890448893,-0.1177910166167658
1887,-0.3928595861971795,0.28692129320636545,-0.5146050748256833,-0.09446862253437494,-0.013462604279800082,0.05881825416858208,0.04451267890866797,-0.2243605149856943,-0.04125789618969004
1888,-0.19485628627204127,0.5068049625347357,-0.5717611553797418,-0.07808938576911573,-0.19744256790661605,0.0793514494563531,0.18108121714137787,0.07540069296936985,-0.11252758044393367
1889,0.2116729291090438,0.503721746893903,-0.8080858108127874,0.5355860579034543,-0.09204151313322452,0.005309016524885748,0.24841957944329088,-0.0961197098874908,-0.12211761792803104
1890,0.6022035759032299,0.3589356802945981,0.9624206052292736,-0.25300722520489194,-0.012439711423223825,-0.09548196483302335,-0.0053983918449286815,0.12570629698838273,-0.16305210506506962
1891,0.6869464667343108,-0.07639911049378122,0.9059334422418444,0.6966444897020719,-0.28552061960315417,-0.15705031594267613,-0.1050919768721826,-0.17900792276579885,-0.21704277646254783
1892,0.7949973845942896,0.3710709858378437,-0.16747344832441646,1.0015982360341966,0.10635910923515275,0.35419687615767137,-0.234488482984905,0.19886564359922632,-0.19937364305597993
1893,-0.04433678963981891,0.2356428821078544,0.8111099849250524,-0.00833168399978186,0.19939603804456021,0.5512426642872087,-0.1265457544849664,0.08175601517484848,-0.13110481994990159
1894,-1.2162437823100953,-0.1299729531970942,0.11834090626610447,-0.06872622010116947,-0.1746027919852158,0.02202297001676741,0.10355910760174297,-0.03476401128116825,-0.09233609888178126
1895,-1.168739547970824,-0.19156072601598123,0.07644191314931921,-0.14926029450812792,-0.2313740083101547,0.033909606382060996,0.05937749242751592,0.014360486373806632,-0.08351044145942568
1896,-0.7545106284413774,0.3500147353199377,-0.43920330059658247,0.2396389274658646,0.6296152512259868,-0.32094915810574726,0.04614319081503889,-0.15510232052584413,-0.2046109962493177
1897,-0.21119837147266332,0.6575069620978223,-0.01589443362793563,0.006737631706075437,0.15003258620139653,-0.09134866883105104,-0.011727989923827602,-0.07040594775920976,0.1101780894275014
1898,0.14517360199048976,0.4435206047956796,0.7943470655203158,-0.20174708660006646,-0.029105758919109017,-0.16415621317281473,-0.06902124715826288,0.18360914090484462,-0.05272356226408368
1899,0.4169363661292748,0.22664733381751564,0.8862913619542895,-0.1993315273253852,0.019036477647843865,-0.03373238418292244,0.04917280309256257,-0.03746198485264062,-0.025652083026756225
1900,0.2373614733481925,0.25394141004248943,0.9527410464483703,0.06160817145406261,0.13774799597880158,0.4878267285308877,-0.03250653441296426,-0.12397490269373261,-0.049624851955172335
1901,-1.2125611196809507,-0.11181935531528608,0.11686339448529735,-0.09327974732511782,-0.19997120676129984,0.016297407020507075,0.07386106173826294,-0.018845653255211398,-0.034781969040760134
1902,-0.8393159728429399,0.053389590730248654,-0.21256466072876704,-0.08528760839855329,-0.03563060708112822,-0.01877774837158573,-0.011979802060603112,-0.17286895646614062,0.02987973279408412
1903,-0.961778302515279,0.4659069999062724,-0.1605817541359273,0.04047527910791385,0.14388490502945567,-0.20807306066382167,-0.04138252236231448,0.0003549616772781781,-0.14242510308321985
1904,-0.8008809032078836,0.47211087740589985,-0.39271426390020325,0.28292424746875916,0.6346474193376056,-0.3578153826683063,0.029101453459900666,-0.1870640672683527,-0.09114189529440585
1905,-0.22722497381281953,0.4123842482870815,0.6555277355543747,-0.16371617534524774,-0.04179630062106958,-0.19247382372936483,-0.135098362877822,0.20781725780624663,0.04955002928090415
1906,-1.4174212466075786,0.2025699696025068,0.28011867977767924,0.15958786874053346,0.08978928377047275,0.15727623241697566,0.02305804666583231,0.11719538441252342,-0.010472115966311266
1907,-1.306260150613495,0.04633696370409804,0.19727996554054403,0.003546582329060345,-0.14191107091332725,-0.016105612673513774,0.10880241751842398,-0.038689188039721246,-0.021833711887363765
1908,-1.3184611116185867,0.09480099795778923,0.2061771816686831,0.02597191453120659,-0.15027177860977578,-0.06078350555830742,0.10242428689848478,0.01971684424679321,-0.018700629684481114
1909,-1.3859530581592987,-0.0029102410441480546,0.22362039291174587,0.32224436195374956,0.4117305802129005,0.2085213601965149,0.1171179610091045,0.23423474386160587,-0.0537148276852481
1910,-1.4104253814284637,0.356624707687743,0.2887366917360291,-0.03986210666628161,-0.24250568371816866,-0.0922751807178,-0.008908300811675932,0.08328540913007257,0.06764105314652606
1911,-1.4060496502581246,0.22408657128366516,0.3162558267485176,0.35106320590121104,0.0327281799567755,0.4447789488729824,-0.20037855195323903,0.0816283948277906,0.0683667953542208
1912,-1.4492720970277067,0.4138027219473115,0.32413671233392544,0.0037997614902798957,-0.2056606197836691,-0.09057826928376855,0.008823720617763485,0.03085997783113984,0.13167643511146737
1913,-1.036723203739536,0.6438538406435025,-0.06469065855235864,0.08027118267329583,0.0858767063933718,-0.11485410918037472,-0.0820907612612715,-0.2844489995469343,0.18981521057280215
1914,-0.2644043597419913,1.1343722731970038,-0.26463806811311824,0.45385197476706635,-0.25031057934029693,0.24385374002227284,0.6365291153379395,-0.05590105094418718,0.3690024917347709
1915,0.15907680390735376,1.0613580710026804,0.6251641312866515,0.21181952002316692,0.5603536945203673,0.35031170118486704,-0.2829473231347015,-0.011657946453326583,0.07518325857609003
1916,-1.461570548278945,0.4105187455795794,0.3373620359161412,0.08641445742321478,-0.14172079378417393,-0.09808094418026926,0.05453986796650483,-0.030148784311383153,0.19795583400911315
1917,0.15485029467739556,1.3042288358897056,0.22226191584881586,0.059765166230051736,0.20246502416803214,-0.17905748735412266,-0.08234307656325235,-0.08236746881830803,0.16345858878437247
1918,-1.4994338513939922,0.5522058797447114,0.37167440886337255,0.052284515818252435,-0.2075666927866358,-0.13797716628808485,-0.018791096729889094,0.0546035607734985,0.24042088329054945
1919,-0.6896267278181462,-1.3207825830507403,-0.33428037126062415,0.21405673226957428,0.5697162743334855,-0.01915416313499046,0.7087626579985923,-0.03466956110493421,0.047634210946946975
1920,-0.2355922196239688,-0.6020906048780446,-0.7121357799464934,-0.05702834989088978,0.34664736152662323,-0.0785757842465091,0.1934229777306589,-0.14107467992195985,0.0003994263799588224
1921,-0.20904414450572248,-0.2227928192123734,-0.7838299611451169,-0.3626937801659279,-0.10396762200253475,-0.02778613801412851,-0.23672138486798922,-0.11676861362713793,-0.024136983061419308
1922,0.11352327420009335,-0.36988500281456976,-0.3338318312132534,-0.30258505662006874,0.04930007133407804,-0.08532618547050555,-0.16875150810131717,-0.029570582014104875,0.0804299707905142
1923,0.12437601423738488,-0.48681526549416393,-0.49065348837900613,0.043283702023767745,0.5327777156994647,0.16701642360884925,-0.1026982085806449,0.25480279050123944,0.06872260811354462
1924,0.15617257979185123,-0.8658523246268279,0.16545892641033094,0.2311932589511338,0.05660095335130401,-0.17444537505448085,0.06789575686737213,-0.001989660286173253,0.10598410827246038
1925,0.14028657654456422,-0.8968500637045156,0.1495098305745514,0.3437243351783649,0.035836881703874696,-0.2082617943922986,0.06929704181125668,0.023904016866021036,0.06801168395044362
1926,0.3174129523084112,-0.38240799725829416,-0.2548804310815737,-0.1767007955178456,0.420429994806559,-0.26841592682834237,-0.023972521906459973,0.16817039060059488,-0.09314038254454013
1927,0.24664917161558966,-0.35330028713860046,0.3123310722814575,-0.483189960704025,-0.23255327815839708,-0.12830614508387586,-0.23206231097220964,0.2788757792019328,0.12789968296039153
1928,0.7330929130427948,0.02371580065430925,-0.30832844033069656,-0.37175395623717716,0.23304574951040885,-0.2987919723535192,-0.4466141322605059,0.10289160712809595,-0.0041260024820176525
1929,0.2419565955880337,0.08859225867666407,-0.9833154562561355,-0.2757066503023657,-0.1501880406105844,0.14638025468900617,0.03827685922338596,-0.14549276694529534,0.0678738850080467
1930,0.7360290999968596,0.02115956058950001,-0.4021131077041425,-0.3044398894322055,0.09472704296211125,-0.02393401047678569,-0.10904162922579777,-0.06296858436845065,0.034705401937685995
1931,0.41497499182109077,-0.8826740662563478,0.31981310226478604,0.8333003311703799,0.12769542144078042,0.5930869339234497,-0.4722805551994173,0.1714785253271047,0.06845508798890133
1932,0.36301686783246706,-0.7083922306327417,0.41329151691152294,-0.013610817595845457,0.5450086300612667,0.7668863788926534,-0.19399753197557912,0.1939834707380517,0.09011898029883245
1933,0.5345845598823168,-0.5751583344109897,0.3840909997030635,-0.21567741255514752,0.21469820293168806,-0.16453272662903784,0.04187592900546621,0.1042181836871831,0.19528201361008163
1934,0.5203951350171823,-0.7449454466516504,0.4032904393484134,-0.061305511081960265,0.4454363794609976,-0.1313428110411834,0.3533184161282126,0.019338304775421367,0.04346319317402528
1935,0.9345144036241703,-0.34816847698114683,-0.051702182402785464,0.7137360098000461,0.05880776425476835,0.3173244929036202,-0.4820021719209223,0.08907877303532338,-0.06684299338537598
1936,0.27698095342647144,0.08876281850562982,-0.9031703875687528,-0.25850576399623104,-0.27158643827615325,0.27846241826823503,0.24922366904859058,-0.0534876737141735,0.1378070198080392
1937,0.7219056570121373,-0.19521330730316047,-0.3822560811596734,-0.07929636680594966,0.45187863217334473,-0.16090607980345267,0.16110112996240747,0.11605058046133268,0.0010629648856362744
1938,1.2069579641312242,0.008407500068057232,-0.396044103871895,0.7332486456078093,-0.0790180013481822,0.22532066996662237,-0.3144239232868671,0.27098733359246363,-0.05747956787433533
1939,0.8683954019717077,-0.086334331511136,-0.10791112781254064,-0.2260276279268506,0.04781447006076076,0.04328872483583907,0.14490928529486224,-0.012494800475016091,0.019402795758376074
1940,0.7963703975517707,-0.5745682511277322,0.5079362910281077,0.2971427127832036,-0.23034091667846648,-0.19574228132667273,-0.18392059157508173,0.015183169952254775,0.09660347444586463
1941,0.8159227112037991,-0.4436205801212434,0.5574026846974359,-0.05520145407974928,0.15649560769481557,0.28319420182287536,-0.250112661136878,0.14138372867726293,0.14940328411678228
1942,1.4030886373008828,0.27747065875621885,-0.28821499312170307,0.4733854342886524,-0.27406521767013614,0.06439376200296505,-0.34358161746142746,0.4407145684558547,-0.08022913429613623
1943,0.9879222821134153,0.11229054361195752,0.020812117813127466,-0.39976789933827933,-0.07041525833827134,-0.0009960209295427002,-0.05004753448481225,0.12136027196701298,-0.08232515575685813
1944,1.0827451326744588,0.08675611225270373,-0.6139299502745185,0.5427867485195504,-0.36599797378051885,-0.08658650897259328,-0.1503043290824408,0.18317174753333307,0.2080643708836973
1945,0.5805225939022991,-0.43706406807052967,0.545494792301413,-0.3791616763502287,-0.14186624056418848,0.1448564850154458,0.15577725927537245,-0.12078293056180167,-0.032038771992046064
1946,1.1575856321058025,0.3450829855682663,-0.39840091081483137,-0.2798353696623343,-0.05094879154625852,0.020318890594173675,0.06918725933879664,0.20886212666316512,0.016722097285053975
1947,0.3815641013249356,0.15499271948447652,-0.8986257510959392,-0.1719273778959947,-0.36609090232207714,0.29835331387907876,0.4256762886656203,0.11216025075350013,0.1530094308947861
1948,0.66434580725159,-0.8764245289930631,0.5079303302716975,0.09421807804755308,0.6856821536122472,-0.07785948219554002,0.7093370566039907,-0.08859837642892296,-0.103908586427205
1949,0.6013573656312636,-0.6020353823089774,0.5726961078189249,-0.04983192774416674,0.33641265412793797,0.9296776810457524,-0.12717064818759274,-0.004264973700157215,0.05480837541489342
1950,0.8592186068539044,-0.23454597346376002,0.14444806161765936,-0.16146054532991982,-0.010344885012425552,0.1219856456515809,0.11149441199698051,-0.34096227116211975,-0.2603814023874896
1951,1.3327607115555211,0.14184031498128316,-0.13019174359030164,0.08017519928334806,-0.09059753270648244,-0.0417327608848117,-0.009240470154087629,0.03095885965185051,-0.17457936254724188
1952,1.3360857448648091,0.33849143546370586,-0.23660312776587467,-0.23705484104105354,-0.062398137408553066,0.12217813460399782,0.2671167361706295,0.19997088396078927,-0.0790427437863298
1953,0.9628424239368465,0.10461778522001111,-0.8303946737458116,0.6398663792915205,-0.5202167052561487,0.06357943469339464,0.1800581729631004,0.12150078655115666,0.20146476510758424
1954,1.2639528674810685,-0.2137903316760893,0.2929015715007256,0.4675875557199896,-0.3168826162185299,-0.2121273921097749,-0.3387311113887265,-0.10764350306803905,-0.1753168258310545
1955,1.5223008743545328,0.1243616424103448,-0.12106464154443657,0.4402421805357242,-0.2560514123094089,-0.0850858665535868,-0.08131863183925625,0.010272635031443522,-0.12929547101512012
1956,0.7441211162323992,-0.6510012033136645,0.5861766112353023,0.3830451402823493,-0.06129772276584893,0.5726320848909398,-0.23131405798805638,-0.10610755146763196,0.00013992580198023317
1957,1.4218717713696014,0.3142598449333763,-0.14611967288948735,-0.1907134241364788,-0.06417910568596061,0.0898466443630836,0.3399965589453368,0.31611120058794595,0.024764897145873887
1958,0.7966640143324203,-0.47807091987466366,0.6158341044834871,-0.28385024384835994,-0.007997144138686789,0.11489517685846613,0.25400330265707644,-0.19541621109285978,0.017480941835830873
1959,1.449645794309861,0.10568306613726317,-0.10118173991124536,0.38837804933378567,-0.2939598596673723,-0.0302470720338177,0.0430641775350925,0.08392656721227643,-0.09998048477946782
1960,0.8348881801215652,-0.537675874878337,0.6348486004480627,0.0066257860665154865,-0.17097108763147542,0.059517400734207776,0.07077766825950735,-0.22668693897211328,-0.0070058370820281725
1961,1.543462711433824,0.29416498107924727,-0.26827211613544527,0.5398364681053562,-0.4874919670797984,-0.12775752496621212,-0.1424145222931589,0.2994260223604527,-0.10287828385678831
1962,0.7254765460444839,-0.3431248851796493,0.6507035226006762,-0.4807479182325804,-0.1608244364515205,0.15153277973547719,0.07091970139067136,-0.10693296631780848,0.008916409515510492
1963,-1.0932003874474396,-0.34905516256997576,0.014101009033417851,-0.19123668979557343,-0.2328277357787835,0.06942768919014865,0.06641727383111315,-0.03975276455061274,-0.02017276987720176
1964,-1.1260249339967876,-0.2197264798145558,0.04708429577900514,-0.08959839421358261,-0.312787654309611,-0.03876244866283943,0.018642756354915333,0.14187478333202524,-0.22852209615449015
1965,-0.879971912882201,-0.7265680460596727,-0.09520585993917208,0.33406515863324354,0.08647892737220252,-0.13903531590163914,0.28083186800376286,0.01618829812864456,-0.05835856269959639
1966,-0.337540874615309,-0.2594406813448472,-0.6061329534280038,0.9374795623387954,0.26764901007966857,-0.43190552628015744,-0.16016809960293957,-0.19932406705645125,-0.17413716882046426
1967,-0.6174100039805264,-0.15311181268762772,-0.3891912992868406,-0.23863963989971146,-0.09250664703645037,0.019109199066445474,-0.08479583861278385,-0.17425404620334628,-0.01766654647157044
1968,-0.6954912675620438,-0.14592187877678958,-0.40229014783979433,0.06442742082207618,0.3282130135905068,-0.18186131945186015,0.11628933726048588,-0.07696786466210394,-0.21732193558555102
1969,-0.5981654232883569,0.15951065333690917,-0.4877682831857997,-0.2656961128941321,-0.07474921869986569,-0.09620576863122368,-0.2703319688625185,-0.09251223522959125,-0.1643518253719643
1970,0.08271802608784866,0.7161465085042379,-0.03212135471875651,-0.09441698279692509,0.10064951689494765,-0.1292669169598668,-0.07692420431453396,0.0986610644828573,-0.1996083979830405
1971,0.18781002181913958,0.35372702816975427,0.09534461585180386,-0.16507432391631663,0.13825943685074807,-0.15150006965811674,-0.1601493689604971,-0.026371938161356707,-0.08768136199428199
1972,0.8623040672138609,0.8371010965179373,0.023070926200901724,-0.11224083513167275,0.12252212066007145,-0.037955983772390185,0.07980779326420008,0.0988705601732762,-0.2956209032190846
1973,0.8495520132485966,0.9079527248248392,-0.09078425133476256,-0.09470965103780112,-0.04617058623798208,0.06277585576687349,0.2645540572640841,0.2916443209064708,-0.17981334005361851
1974,-1.0200821195066372,-0.6788993763551806,0.04595341676862209,1.1889918116440759,0.11174829102183693,0.38543169745486106,-0.20494710317346118,0.1309113892908742,-0.19773749392743614
1975,-0.5458170194023715,-0.27493973064166566,0.31790232575086624,0.22759729576419765,0.664347185269921,0.38884460115281977,-0.2606538668769401,0.33019144172070164,0.10549642046012157
1976,-1.2150136750663667,-0.06922985426174537,0.12230124522545766,-0.14961295984160114,-0.254261158273621,0.00025169567843615146,0.028123769863965063,0.02410768811980824,-0.023201335831538012
1977,-1.186311819216312,-0.16450938699758907,0.09025628856848644,-0.13140657932847485,-0.22099888905395415,0.02877459178071511,0.06831911841230567,0.01981591887104548,-0.10939077767823219
1978,-1.3460719935498617,0.1726758222804849,0.22814829470160913,-0.05298311631813679,-0.2120945869800826,-0.04278321899940951,0.0476429758749384,0.050118804752415785,-0.07332147792378393
1979,-0.552294966805327,0.5923482202194748,-0.31881369610258864,0.04460116815114329,-0.030203300470903596,0.06126014438876115,0.18464720252233974,-0.13676618874742097,-0.030338282787625542
1980,-1.2114522206660636,-0.1309093811005264,0.11536202329609782,-0.10327233357463986,-0.16979136952805143,0.16416597020019078,-3.964150900752509e-05,0.058867279788852644,-0.11996638126741734
1981,-1.294661429893301,0.05820886887526439,0.18495637668749873,-0.0235631513113961,-0.17988681970586262,-0.04132680400215024,0.08056190078403007,0.023067431725309295,-0.027339996621954802
1982,-1.30937813715799,0.019141310651792885,0.1741898438659279,0.2818834563602861,0.028248495125487674,-0.26748351112378016,0.14187983309933788,0.2588714390781665,-0.15546529741136716
1983,-1.2940632789535746,0.1115614515916358,0.18126632512363022,-0.0963362073021155,-0.2611742406573968,-0.06052127032643826,0.01496534214603724,0.13993263325473207,-0.10577321300338223
1984,-1.2741445102718452,-0.06130907201795241,0.1432820217414831,0.28302153403267677,0.037150265659010064,-0.26119678105329286,0.160458776687372,0.26286349207507337,-0.19163178696470218
1985,-1.2919831896070366,0.014021676996254695,0.18295996947841472,-0.004967315433282638,-0.1439048240831713,-0.0149585432566852,0.11495351834677334,-0.025656331526281568,-0.05052518803235599
1986,-0.83119976186806,0.4397297095812551,-0.2653374675297396,-0.14399360406758016,-0.09259674692541897,-0.15166438350067835,-0.21619198076524856,0.007403795708399745,-0.13595247172319294
1987,-0.11744017171544063,0.6637113177738982,-0.5228726237886795,0.33757922979209204,-0.020217496111007965,0.10302594278295123,0.22719844175124587,-0.4095071225061871,0.15338520624000215
1988,0.4873331613949756,0.737387763424514,0.23114889602591276,-0.06647258353743542,0.17424161763319407,-0.09767341556343448,-0.002697775424125424,-0.08864307693841993,-0.1811118977843323
1989,0.6058165791778027,0.9708709276280365,0.5333651394662101,-0.1204583263449067,0.15910173559733107,-0.18352663229698973,-0.10305845822983314,0.025531845424266404,-0.04207833271085717
1990,-1.1981331376020035,-0.11136814172964936,0.11171245473917511,-0.14660576237981687,-0.2110868617621626,0.15048694181952285,-0.04914855578242006,0.05555187685900198,0.0284736405430848
1991,-1.2633416193891078,0.003191656954559974,0.16606908321693886,-0.0737698920451212,-0.1694158822162352,0.12899137528010365,-0.026820982102684313,0.026986738320024017,0.059929141827774715
1992,-1.27686404931205,0.0031771842111402607,0.17126938733296576,0.03180860742882113,-0.13540271228996031,-0.05455640626830172,0.12267624518802253,0.001583536098325074,-0.004102204537012387
1993,-1.2827553141160541,-0.018456595532171775,0.17568977427285187,0.04426286208875359,0.015717242437179063,0.3587590238012068,-0.10984026055303897,0.1634983227090277,-0.01843266505094149
1994,-0.8115533493975081,0.4473543915149685,-0.30359611066189585,0.05663052041546705,0.1767618914991271,-0.12293254413242377,-0.1049652062657378,-0.3236965538571476,-0.030653769029795705
1995,-1.3799471000032533,0.3056175356957074,0.258959744673734,-0.06229750650069392,-0.26359007579301225,-0.09456196351904327,-0.01456573029066317,0.14066052233436036,-0.012364292023540724
1996,-0.2176354434875249,0.7471018758733756,-0.04010361449538784,0.11328933748372151,0.35501615835553346,-0.33351782475385744,-0.3541539917759402,-0.17798545858177506,0.0960979779759805
1997,-0.735351761041492,0.8159279830594035,-0.2643610869346459,0.0084474813171349,-0.012623143172939702,-0.115374535915235,-0.08579780909473972,-0.0828613028910708,-0.007345705851221244
1998,-0.4884976205975906,0.7051157288912525,-0.4936639047109525,0.25681454715739954,0.48901250909528976,-0.2910259771434478,0.07137678338730415,-0.17853465756433573,0.01739371465617527
1999,0.3918401212260484,1.023571961771737,0.38202763734656336,0.1463100680904483,0.20997688969712433,-0.12079435266737767,0.03789375600235496,-0.15893338236647658,-0.10602571507585147
2000,-1.3735792815911638,0.14280062788438214,0.24175498531794856,0.10743650463642389,0.016878087320615433,0.03844013859845332,0.07360909151620292,0.08106232688412149,0.017501678505178107
2001,-0.6038272775005284,0.47259782842322323,0.5864818778723924,-0.04704574306915597,0.11589153824860643,-0.2730640185327255,-0.2372133240688148,0.07638106865980915,0.4176897315205263
2002,-0.06034079496141021,0.7621154864769721,0.04382664069332494,0.09841757345995353,0.22950090507126567,-0.11216640497533094,0.026759786668611316,-0.11193476256484468,0.233594036552551
2003,0.7605310774359557,1.1710563952352704,0.29724752409336486,0.3098718472221609,0.46785705263233557,-0.1836193881417884,0.28018378305169467,-0.0384223690632632,-0.037740083871569345
2004,0.3479717209059924,1.1455272121675961,0.6351652512257978,0.06688873450073858,0.2257231925961387,-0.08519372322870351,0.0691911344910423,-0.27039673916571966,-0.006610177579160809
2005,-0.8807278622443611,0.6362711725271463,-0.19415154420295005,0.05416305526519287,0.15233381440249696,-0.10971539205032393,-0.14423079190518215,-0.41237569506570354,0.33202663177685915
2006,-0.7848036445610718,1.058015022291264,-0.21211673675286324,0.09983085109447982,0.14786489408211165,-0.18120300987686977,-0.16855563164060697,-0.31048688838015953,0.26869220829402796
2007,-0.4797235427191782,-0.4159139724839531,-0.4939622985263297,-0.4187565084125162,-0.28287935152415566,0.0074353553861783595,-0.15980111714140743,0.036731677812746596,0.00012909948389539777
2008,-0.21270278564604886,-1.1792376650539342,-0.1183184894820489,0.8285917684668999,0.13995652308844728,-0.489074172986924,-0.05899369620500457,0.23559446679599175,0.07501434647202371
2009,-0.21484540584610184,-0.2753814869778905,-0.846778421792122,-0.24919382991978764,0.19414622406579565,0.372097461384153,-0.4905359496129224,-0.17554512021788105,-0.04180869508534838
2010,-0.2942069521579274,-0.6825093587488756,-0.7214158750662767,-0.008017561326598185,0.46303165678621544,-0.13134125836784613,0.24176531217811872,-0.09140184037588377,-0.018146008188311743
2011,-0.05662375987590303,-1.0209116504888525,-0.015647319581388035,0.4998406665519508,0.24107053142208,-0.4415735119048895,-0.04528332301872036,0.2542155660265479,0.1378634960564093
2012,-0.06313603250230257,-0.18337648633366965,-0.8815602580851613,-0.2736835401890709,-0.02383026829651956,-0.022812024669192625,-0.15128607292623594,-0.1743521292963251,-0.008207636193603093
2013,-0.06588441508937229,-0.9243258925088125,0.044210153632694454,0.11309321708341645,0.11550394013233027,-0.14957631932394333,0.08840144602299552,-0.02811024986230142,0.16777450968290608
2014,0.0153314866986161,-1.0803692033496632,0.02726536602963839,0.7432248932406555,0.04560136654235215,-0.3503847055161347,-0.05842868095019712,0.0610902081001355,0.07900165620662698
2015,0.29921786288407987,-0.2099984965643748,-0.34303136293547914,-0.22939402236709272,-0.073946314812257,-0.1343026914088058,-0.15721672045939472,0.2169680853432383,0.10249447803484575
2016,0.31625255314795786,-0.16033415929482359,-0.47471223865195145,-0.33964093933045525,0.12024826639596405,-0.18009761126227053,-0.3666532774082612,0.05655659335396669,0.13519342612000934
2017,0.17249532149201977,-0.9238448528443174,0.12048513198129748,0.6491410698202689,-0.14345507044338168,-0.34331430839639693,-0.18483704339983087,0.09884186243180719,0.09365225622346156
2018,0.2374715295713009,-0.46148756757675213,0.2828786817068068,-0.4523294591562508,-0.09723639818275057,-0.09497367330088945,-0.23003871450109525,0.1322921671606568,0.2393146765273581
2019,0.07108229076807052,-0.35378719869180625,-0.8837860782454678,-0.03067495776322658,0.25750948836288057,0.042941425889689265,0.27417117962794996,-0.24072697507529622,0.05289164155274329
2020,0.23034193928871388,-0.8553938395708423,0.18898241355128892,0.300699075849864,0.010817970868391131,-0.1549439948882626,0.050550072007638766,-0.037038590038445326,0.11462258370228638
2021,0.4546096871869205,-0.47570456095344926,0.37754816779271333,-0.33712530412247926,-0.038771656125493735,-0.1488043055710507,-0.2570270159910249,0.0728268841448768,0.28314532893726124
2022,0.07608094065505398,-0.07359056400614454,-0.8265642241990164,-0.2980817933783727,-0.18919444146814057,0.17966655837060796,0.08046736364898464,-0.13285746868524248,0.09085840802563827
2023,0.45999477384080534,-0.085453415699879,-0.4133204130844506,-0.3394967353226613,0.001771644051585398,0.021678322165908235,-0.11427055936924525,-0.010260390421513143,0.09749502015326147
2024,0.505560009160151,-0.24660655724889563,-0.05664482078165882,-0.3524813596699848,0.05151684188836189,-0.07937287425291005,-0.1606703113888965,0.005907293146535922,0.0930227272679056
2025,0.3055736229801404,-0.711565836139603,0.30507805236471486,-0.109033030381001,0.11343941211541594,-0.03770743278269345,0.15063898358614441,-0.07237547009396816,0.09620533955743121
2026,0.41683337195582193,-0.5427756089701105,0.36889977503959875,-0.19815856575329752,0.05540335639393406,0.20996980077466376,-0.256330345501155,0.06726511744813514,0.23314120134985056
2027,0.2964385715903061,-0.8283882174676049,0.32561488197094723,0.26393801866503486,0.31290500757318,0.7011818048816668,-0.07892993440915842,0.002211481659034997,0.0691473852542114
2028,0.4882942896138293,-0.6166125874015245,0.41101165347363383,-0.1473223908815057,-0.052955454482498276,0.05708877567544938,0.09748697190700037,-0.18424317042582014,0.12395317048566841
2029,0.29409128878501767,-0.11894263930875973,-0.9283496223443051,0.028839049346308102,-0.08260576516738298,0.21631554560092475,0.3935675879488739,-0.11591068570331084,0.12249370965024366
2030,0.9862851448989688,0.18587023081527956,-0.531773369745775,-0.016493089920088272,-0.10273715260029492,-0.047913982653999626,3.938701687897383e-06,0.18546755300878315,0.04333297478654028
2031,0.6769045999181793,0.07872877891335822,-1.0924232901136275,0.6844550241874359,-0.5952817922257209,0.09738153082092188,0.040935275382296146,-0.11308922419817963,0.07054883305655278
2032,0.7578405807932901,-0.08393874934338397,-0.715537411300228,0.6516253937944129,-0.5085822472174265,0.039366917135542544,0.13811099149025743,0.15059011750559648,0.18102649394584827
2033,1.0019458362796445,0.08077623692102093,-0.5548881919052564,0.2835293748754848,-0.24956919379538703,0.03739624449692639,0.002528875718786946,-0.0016367240394931132,0.050029873364873245
2034,1.3995768150076133,0.5183457704583679,-0.29941536373937455,-0.3077185780886644,-0.13755862618041576,0.006019967030837131,0.1217704469157359,0.45159247623985305,-0.010259768291872284
2035,0.716469631989945,-0.3308568463866686,0.6029855647987811,-0.47080800759180647,-0.14628117100191212,0.10026553644205949,0.03840532170312368,-0.07393617497339273,0.06052924559835652
2036,0.8705440872552989,-0.5840182730650061,0.5605304538560072,0.47153073391338607,-0.42569850821678484,-0.13817405946782038,-0.2373048300749292,-0.0973070168389074,0.03811060679946191
2037,0.6481002063139482,-0.4678567116041395,0.5607006196226885,-0.32644837604206406,-0.028169595979021505,0.0773194836090095,0.16371363210228773,-0.10360612231864434,-0.0016877342972207267
2038,0.5146217584465858,0.19432618544914715,-1.037222974292475,-0.1451109575001963,-0.24224976299339906,0.3897713881609436,0.45908290561635634,-0.08744090645990403,0.18277191398470677
2039,0.873762434046822,-0.5819427783229576,0.6212757845742418,-0.04400427111108826,0.045259983179880676,0.032187538706164275,0.2038995912533631,-0.20710377150671128,0.01705505590054499
2040,0.8363794855773441,-0.5322068158126586,0.6283282802029319,0.03237815682959603,-0.18717495060259162,0.025026071666811523,0.06810360847374489,-0.17461439167292123,-0.016388688776803325
2041,0.8904947995946632,-0.6045516574451095,0.6376743341694593,0.6540302689148165,-0.08386122147922555,0.6884186140409821,-0.6499845348419725,0.09667482350972134,0.05016399091421427
2042,1.0795960701762233,-0.1246970475566641,0.29233718976964645,-0.25855036527048686,0.05262796346812282,-0.021523870109124103,-0.043795127145867516,-0.13574505895713995,-0.1230219014825366
2043,0.7414713398011086,0.18326365453306073,-0.8175734568087643,-0.05977636343645652,-0.19132235762483224,0.23574788879049582,0.3503772756894735,0.11549036432923984,0.229502806459525
2044,1.0039479973812526,-0.5599670164121364,0.6639994924855599,0.4644326313498879,-0.41176413978667176,-0.1131822386818192,-0.2097505302210129,-0.14547575456511716,-0.015042321462430423
2045,0.8480918182233358,-0.687861609900061,0.6071581170048692,0.46269087037386686,-0.3574500308002636,0.031117987248657334,0.014732608402324366,-0.3373599655327347,-0.0658335106716236
2046,0.5821858526812957,-0.7103306363632572,0.5387863123867802,0.3561199016295061,0.09822597061357008,0.9188662746205504,-0.20818652393010098,-0.0723611074665166,-0.026060484537037163
2047,0.8418943695686764,0.20100423657066913,-1.1032690002749863,0.6362236029253623,-0.5944775507844106,0.12039442745819644,0.16316975214376486,-0.058260907123018596,0.13294496404287565
2048,0.3367277431699737,0.09965230198178945,-0.8246202572390864,-0.17451356408532795,-0.43645065154952317,0.40253486005248246,0.5506479609123529,0.1446481308139594,0.19698745624871675
2049,1.1379197225304034,0.06215955727059815,0.01441493210291458,-0.3106581467011113,0.09964430744387459,0.028515320223617892,0.026511090876669675,-0.1525682077899559,-0.20275788259115365
2050,0.8502489945176382,-0.2892371609841893,0.661887215284207,-0.40158756267926793,-0.12148351385737283,-0.03396588091407511,8.076280121866936e-05,0.1050133219438264,0.014623368165286236
2051,1.446875984629512,0.04768172823477908,-0.12186734782883704,0.6318764362154268,-0.4781892935582206,0.033113148947033634,0.13934990799296737,0.15408894797197345,-0.04834662660874309
2052,0.9340183969666175,-0.23610162141083002,0.12729096441863,0.11985578252889996,0.08360474930726448,0.44859514826945535,-0.2643737475314566,-0.19200158711620685,-0.19241875921342352
2053,1.2665786486351867,0.15483563433721131,-0.06674816820285374,-0.2023584915811037,0.028387528732562055,0.03493966102474699,0.09198128941326926,-0.025910923536788137,-0.14606048165033717
2054,-1.1633346836220773,-0.44095202798880934,0.015873785589793705,0.0809812789310876,0.23715147306891482,-0.11010975252661964,0.331886552031944,0.1481933487404143,-0.25942196331971856
2055,-1.2423863791212655,-0.016621082195652108,0.14703499351629964,-0.02862038703963706,-0.2735917761704183,-0.04337727896515616,0.029818600802283417,0.09121136558508518,-0.2117021298367013
2056,-1.2103458048339033,-0.09689037221603863,0.10493820357965336,-0.16125051653080447,-0.26734569531516583,0.007222128579093129,0.04278832977171837,0.13521494015701518,-0.2910350095746977
2057,-1.107645930065166,-0.27940228752771135,0.01823953613507148,-0.1597906718033488,-0.2624697394507712,-0.011509489089000716,0.057919844814211544,0.1349558929930762,-0.17466726886482684
2058,-1.0908141437981178,-0.39633145904797873,0.008616614378231136,-0.04512277891124312,-0.14344925124242236,-0.0058591965616563635,0.1721222779055737,0.02166459334034508,-0.1572551136921493
2059,0.22600927692834835,0.46736206682429476,-0.1891250141571913,-0.1045107281326329,0.16154188870457634,-0.1744322036330651,-0.26569059411279805,-0.07524531550015628,-0.2054160904125608
2060,0.20441736209846795,0.2638710472656441,-0.01444114852807406,-0.20891080885225527,0.0881732947040053,-0.04001731813282576,-0.08553616797529819,-0.0893018648935425,-0.11177048003779098
2061,0.07715114439434785,0.7873070804476561,-0.7593237491519923,-0.12308835534732195,-0.09631470860380519,-0.0018471966859346413,0.01625951325409153,-0.007767035950205659,-0.10777649102143456
2062,0.29731545060339554,0.05766997922350529,0.6684184749438778,-0.299126839359485,-0.012246514857676742,-0.08791356456526296,-0.09194034458952728,0.05915326104412765,0.06317630922879539
2063,0.6518525470266894,1.0920878318189227,0.43617877642476915,-0.05858026454935968,0.1618635995868445,-0.17750625787605348,-0.024088235559341992,0.08168899269871144,-0.25538432728211846
2064,0.8371411465360538,0.48923131186675456,-0.25005022261738324,0.6887551235999363,-0.25956025156025625,-0.1374435191525361,-0.0853780901107109,0.04667446813894986,-0.15722215605226356
2065,0.9890101395009157,0.6980579579818763,0.18377426038362044,-0.19227940408032163,0.1536870841116292,-0.1125577353149006,-0.06961989256745452,0.036428764278563806,-0.33810993479481555
2066,0.12206107096412587,0.3684476581639177,0.06685018147801887,-0.08248929679018133,0.21815023886620835,0.019928384365323133,-0.15211976601582158,0.04681142035961093,-0.16998701320416817
2067,-1.151799024322478,-0.4297347814316743,0.042284049095494006,0.0784680412253382,0.2121475597784418,0.3979179721968864,0.049252759824083,0.1253162656780539,-0.186347270219606
2068,-0.7417695576729754,0.40239932014912305,-0.358734482541843,-0.12430513835479937,0.03395930671561317,-0.11492038715867445,-0.22118621432996807,-0.24354700161350912,-0.012732509998805899
2069,-0.320062944006914,0.8145453253657412,-0.6104089639850927,-0.11877774972061517,0.052335166625526064,-0.18681615218227546,-0.2673635845436301,-0.10000444700359948,-0.21054448891828803
2070,-0.2671830696121992,0.47451860322045414,-0.6365420359718256,-0.037060493455962996,0.07247243176702782,-0.05700747729331981,-0.03352135549772353,-0.19445627358675216,-0.06168949849143892
2071,0.7425214220995957,0.8760943182357305,0.02175382294391285,0.0020696574596171763,0.11798168945775037,-0.051055621838376634,0.05142161174076862,-0.05246797098377817,-0.22543511418186477
2072,0.8854542214281189,0.9267669831207039,-0.15777162880821632,0.6980826585681016,-0.07471712981539673,-0.12164246394409028,0.11512653887759365,0.10883894916767199,0.07186087662655481
2073,0.7753341947158756,1.0835991108002656,-0.062045064294804365,0.020863124040498372,0.005270762576284755,0.07345829257329493,0.3238444156168314,0.23045493398210445,-0.10501204967228295
2074,-1.2480608014689982,-0.254769243384387,0.1014415472060184,0.1759949309800336,0.2472730119634248,-0.1265801977746593,0.32923984409945517,0.03979896199766866,-0.07643299943274072
2075,-0.812142826766846,0.5972058558745716,-0.25028151733703213,-0.005136644514093012,0.0775285546362506,-0.16215937884287548,-0.14748286720519327,-0.17642192189876188,-0.07627588164060575
2076,-0.00649898849254333,0.9924701128717021,-0.5725115356440544,0.20131205874760802,-0.1279472681237776,0.2685787560916212,0.5676217839032326,-0.08230746674812699,0.14620249865649584
2077,-1.2192470139401457,-0.1215414625106984,0.12392646010998405,-0.003287644531566744,-0.13447456667736757,-0.021958667486597905,0.1284968974014896,-0.03808488619184026,0.045041372285583914
2078,-0.8124135618795251,0.42010902960987107,-0.2958491634801285,-0.020426372406269856,0.11649764342881991,-0.08549295484175226,-0.13545894808352335,-0.30678766638379706,-0.021225370471521173
2079,-0.3273412126425043,0.6625384559046048,-0.5046127188427388,0.05509576185348774,0.07463849603074464,0.0062062930926601876,0.09326121351846213,-0.2670515905283702,0.10967476277120349
2080,-0.16017049578208054,0.8456491513745623,-0.5325669644754708,0.15711629694213097,0.05900784542380814,0.13086669614270074,0.33156023117590294,-0.26969913045911,0.19255943204610276
2081,0.39998940144465966,0.8783551113342682,0.6262844319877255,0.014659781920099065,0.308282570565025,-0.15155061506682052,0.013829249160143076,-0.2045251410150762,-0.02681750814401972
2082,-1.2793757573592046,0.08682099972953485,0.17616016393583084,-0.0928863729904917,-0.22378183442076943,0.08532159037726018,-0.07322558360572724,0.14865594112906524,-0.005270932818267177
2083,-1.37228270792807,0.23535222214491833,0.25582775222113363,-0.037014123476576906,-0.20540632746619072,-0.04676190995372557,0.03156507751319665,0.020606606915771594,0.04374767495231434
2084,-0.08622584186367785,0.9515705258149489,0.3274496923158292,-0.03656551872712642,0.21782761920157698,-0.27967238714566667,-0.263756963197576,-0.003261290094913443,0.04548107663896873
2085,-1.454590278796732,0.4151029860820484,0.3268836067449185,0.022232718873747302,-0.19263582729458562,-0.09529923045430479,0.022546249059319023,0.03848765097212255,0.10634522682220851
2086,-1.4224274896766855,0.30098678401851797,0.3023230651717717,0.09128986408484627,-0.11578792259798061,-0.07283249016765339,0.09235569703838124,-0.07277233809866226,0.1504002635858685
2087,-1.4148931302856962,0.21520731252683983,0.30119249654793306,0.11690196059898733,-0.014444591221561573,0.1306416570549721,0.06140083387189464,-0.16004915743618212,0.22933154930230612
2088,-1.3225803630249118,0.14640512809921016,0.21996985891005683,-0.03890470901509915,-0.19076011180016014,-0.02932586933074892,0.027622620840154148,-0.06617423893456159,0.25741489924607763
2089,-1.3754794164586854,0.2815629335151854,0.26151796465088817,-0.026676706676674045,-0.21955511544144524,-0.07173792672074905,-0.00040029690409623724,0.032891047504463894,0.1731376612864851
2090,0.18018240773873323,0.718947493537656,0.46812501735195006,0.4877197929640894,0.604387327232612,0.5524907269768218,-0.2459998937314081,-0.17864313607753354,0.07785801161660329
2091,0.3706004247190406,1.2295428047468344,0.5948213145405928,0.19869526937753287,0.5147118115361353,-0.348675609252533,-0.026658945690835916,-0.06962009511011963,0.340669145550682
2092,-0.2852102207146462,-0.6366377935226403,-0.8365772607030295,0.026817831282277972,0.6257546396760607,-0.3124379525638162,0.10491533785457917,-0.037816611063194366,-0.11561685592969287
2093,-0.3444085282923436,-0.6370422732520639,-0.6791413604793539,-0.11443752376229757,0.11044051386644048,-0.022838656562570014,0.0245759720588708,-0.3072630034435088,0.0048846547980253945
2094,-0.38058563934344625,-0.7589456398887451,-0.09537050334252027,0.02105387927793462,-0.042445527723770776,-0.3745012180584046,-0.13795923670504356,0.4866527722212418,0.05446123607740144
2095,-0.05810155293056412,-0.22789836583756604,-0.9235519016519412,-0.171924941939361,0.3106261885770609,0.1640766989690702,-0.273099664319988,-0.09344914470663582,-0.039990552203524654
2096,-0.13990948647259321,-0.41640036090777827,-0.7476320865729682,-0.21883761644072006,0.03615632838817212,0.13791475756828606,0.051131071377499,-0.4075598556495554,0.07258547441221452
2097,0.035538539075475675,-0.8434299955674982,0.04135199161821104,0.10011350490855567,0.2553268573029609,-0.32084479822072204,-0.022925616032195437,0.2272801881088074,0.24391407975623222
2098,-0.01819242161212512,-1.0726589170824645,-0.02093092630312981,0.7638571076054599,0.03068692337951046,-0.39524563605096047,-0.06317164877565905,0.1468036135065992,0.10430472284056434
2099,-0.11821944533293972,-0.2251907989582825,-0.8124770480512553,-0.2640824719528819,0.015820496497424952,0.16090770904579246,-0.1555572582588123,-0.09705760102250473,0.006019986879864735
2100,0.02119304999868104,-0.01389059517091795,-0.8704177044992645,-0.3093525687497612,-0.03251203359788231,0.2572343520579428,-0.32759943545022346,-0.0007456637166161836,0.011072855563339106
2101,0.22139219934697432,-0.8215533605446355,0.12375027552845283,0.3791387442676808,0.11645497860008702,-0.42894735113838023,-0.19430937109138496,0.28591928091673235,0.2018593358890812
2102,0.41618351517639074,-0.6317343769790975,-0.3363422375194859,0.7077938965996406,0.13489751422936527,-0.48316993538707914,-0.32897870462234036,0.0980308841122693,-0.04764107685916571
2103,0.48842774401312056,-0.2292932672170184,-0.4017131588705297,-0.01975911464952543,0.03074031095022902,-0.19849735927323642,-0.22271365102084142,0.12349631686811811,0.17540242325396405
2104,0.20878817553825094,-0.8013794752076032,0.19837086170478088,0.07637928539946319,0.1400742107884982,-0.18013243458682274,0.033810403429426546,0.029813142154169404,0.1580561706897041
2105,0.3605648757783746,-0.8136334602339897,0.2563433578656616,0.37219924054901576,0.019858536935110926,-0.26417767344686727,-0.058194519291348216,0.06388706550934128,0.09733941278430384
2106,0.5889742238311798,-0.41907559241294684,-0.18322921595471933,0.19242297944055445,0.24616257338073574,-0.33939258461822364,-0.11400554654809097,0.175756100452238,0.020878304375117465
2107,0.3170597199137057,-0.5204803019586444,0.29811444217621497,-0.3203126180445054,0.005850757962328013,0.09859392323838018,-0.1115054597149628,0.06499365031584091,0.2182247470318139
2108,0.37795094376082666,-0.4295269832197088,0.3810932599763601,-0.48014347601950297,-0.12379458703374491,0.033959914710320456,-0.09131210310220328,-0.006910622129350459,0.1886040915875966
2109,0.35684554729732293,-0.6357624618475936,0.31055690187437435,-0.2422420358897255,0.11718549651265334,-0.0016738295230096685,0.1350601430096731,-0.07078821829309254,0.18868946606390383
2110,0.45938969611739217,-0.9688575272627935,0.3095083487323218,0.24248101672683167,0.7063824744730207,-0.2583174107977359,0.47862535160382647,0.03734235399975752,0.04240294332980955
2111,0.4828719038260587,-0.41906904080013213,0.43236499795504296,-0.4202894423189009,-0.12769088203677192,0.06422290738815543,0.00891981272574675,-0.040016950582950093,0.12340344631663108
2112,0.7378961097706925,0.031416751515161254,-0.5898809048722056,0.03905771648990111,-0.09473041450562623,-0.030401889814859015,0.005133527380183574,0.07955082108476792,0.08508843665911173
2113,0.6104451986377899,-0.6351566028475981,0.4899398366099597,0.034725664083906385,-0.09868481875342464,0.02021376385991681,0.11285949141529461,-0.17800054936995205,0.017535622315015636
2114,1.093101535261405,0.16118786578975738,0.07702221882354525,-0.5046327610549357,0.044155049519784044,-0.105880714355699,-0.2874626154493329,0.011708377689868947,-0.07016932856924017
2115,0.9553921951115083,0.24349243655626893,-0.3092629549539465,-0.3808484102162006,-0.08008075774666071,0.06022338190490817,-0.02911337259315728,0.04631083881200203,-0.06608721205453613
2116,0.8484081880231811,-0.5425353014353055,0.6351933924716253,0.030830314251752956,-0.16807760323430115,0.040965288719434854,0.06617650369090397,-0.21177398571790224,-0.0038413839911470233
2117,1.3606788046770557,0.39832282779692896,-0.041089154443456184,-0.4185100706265592,-0.05947056625224733,-0.048172944774750516,-0.08494837576916721,0.20174780738929404,-0.12121861228771802
2118,0.7409244697981302,-0.7149189783214176,0.5568675836112504,0.513348603145545,-0.2593105485576895,0.3139074378987298,-0.07905269662757768,-0.24653463030956427,-0.04860863326413578
2119,1.3985574715324707,0.01482522875849937,-0.15721753298423874,0.23789951185882194,0.2952133138746095,-0.1602424107936486,0.33391555021622904,0.27255286275785756,-0.12522062641260595
2120,1.3467282635507545,0.1125851722936093,0.01783543683958969,-0.13165432737836444,0.05137256564155644,-0.03080301357959849,0.02880551160824663,-0.040131799216271094,-0.10966406254509131
2121,0.7599880370160487,-0.8369736848292878,0.5366582658817126,0.10138327282515391,0.7202133620487211,-0.16193872867398365,0.6351859619112247,-0.009211263310049735,-0.0654135602333715
2122,1.3308255517546386,0.0445103061673487,-0.27613278227360677,0.5417408848433879,-0.3512140054287335,0.0503359099219958,0.22598440977940176,0.1116590579418918,-0.07674954855445762
2123,0.9797852670226156,0.05695752199084227,0.04213342363494141,-0.31867642463452106,-0.07041965955950595,0.006652310908398376,-0.06346252504161742,-0.06576941366772092,-0.22595788890552682
2124,1.3007285222450689,0.26805119992451226,-0.09989824416789785,-0.3265362377669308,0.030227433181085017,0.03054588791924087,0.04716067162484851,0.027828089480547123,-0.14675907726270557
2125,0.8691289573512315,-0.5947203605922475,0.5937247226274988,0.28315498626873126,-0.20523379833087077,0.15666609309261528,-0.03124506621337522,-0.2279326219496114,0.02859083294442615
2126,1.2346159337302876,0.17570770347270057,0.046702808358467164,-0.3754127760033198,0.0559063783598526,-0.014025410434423739,-0.06977316279690468,0.01998098447255154,-0.14020536525224814
2127,1.340245545733174,-0.015428845430511413,-0.17913588048601597,0.6657353636977594,-0.4761250202264096,0.07739811803680921,0.2003974734629648,0.080181181296592,-0.10510764827799214
2128,1.0152694074580098,-0.5187548228575206,0.6495501951963228,0.35103687600850364,-0.34949181989364986,-0.09082359240791785,-0.10396623208006962,-0.13382219291335076,-0.0012109586369547874
2129,0.9261335385194731,-0.3541961915991452,0.6679406127846449,-0.34540214691462184,-0.020346567553373322,0.00012538031697690013,0.07942653286876826,-0.030466557451735498,0.06903741607380269
2130,0.8926467800300613,-0.2325401975695597,0.6829662634370544,-0.4839734789767131,-0.15444856232401843,0.03413999579700054,-0.010304883460901715,0.01720261154187614,0.05696384709776157
2131,0.7455377747160791,-0.3998185749354917,0.6383151499187659,-0.4064782781757502,-0.09607039701762149,0.14412365587057266,0.12265832590924287,-0.1384190296450985,0.005834836267899424
2132,0.6143880568785958,-0.07489027539642301,-0.9942829280079779,0.7602785041326445,-0.6204589397780638,0.21254728166421769,0.27687756698744365,-0.1264346590212835,0.11578357638829674
2133,-1.0677533692823702,-0.3870123566161806,-0.00920395937704745,-0.2165623399661548,-0.25705370073575795,0.06759461546197748,0.05578834608187404,0.005843459250912646,-0.08661007075512016
2134,-1.27672978191039,0.005990890054608448,0.16729899701289405,-0.08297286787754522,-0.20100942180699882,-0.0028648350565908722,0.07513984080481048,0.02324550515362368,-0.1132357233543178
2135,-1.244489789001908,-0.057850992715849495,0.1457732734268416,0.055391510417342416,-0.18915414792651705,-0.0636358316199503,0.07855563978320364,0.057069153893482515,-0.1750792802219263
2136,-0.9893920635843971,-0.9178315190566764,-0.14613988630452035,0.3565963207423757,0.5508457540064184,-0.2077670793922125,0.5950766533393528,0.06929831408393602,-0.11496108873451032
2137,-1.179414176031237,-0.17912614878726987,0.08371316692128336,-0.154952114878125,-0.23353428671122206,0.037121962174478086,0.06328541637488586,0.026991835285266802,-0.14218711064652914
2138,-0.8240779046684826,0.16716646275586464,-0.24852309811406462,-0.0620171005215241,-0.006861263507186008,-0.06068385728518134,-0.04720272193050341,-0.15586569679126552,-0.14901537925561725
2139,0.6005666915580358,0.8973114628274861,0.14625243477437597,-0.14425602012685565,0.06401419977890364,-0.0691715957888222,0.0037300014075906584,0.043602732357189776,-0.5044395548966685
2140,0.6896765802944134,0.4761774358257678,0.5221925202980514,-0.17310220760418102,0.16937312489007628,-0.013975339201718232,0.026243292244383497,-0.20737318825269904,-0.2794601590736229
2141,-1.0954444918211268,-0.5266235369338393,0.026325670281892085,0.5989522112879611,0.14603095931276772,0.05486739642898525,0.06837756318494012,0.1541428116924218,-0.2065394560243638
2142,-1.1400321998211074,-0.4586898417854324,0.12784995935141885,1.2458172835015737,0.24359637054529554,0.4530762354775259,-0.29384224563957634,0.2644965342272221,-0.191833800457846
2143,-1.1757422980642636,-0.27456493499747847,0.08879345758208292,0.1950468111888374,-0.0459558013466138,-0.09354949759972725,0.19560232860451987,-0.009404523359845379,-0.10712514102312687
2144,-1.2577726703085634,0.07394457600502578,0.14619494144729844,-0.1455006322206607,-0.31745033706837933,-0.07844084875923003,-0.013157710643319763,0.24595350217520015,-0.2400888114538253
2145,-1.3285040885481783,0.15874826273973483,0.21276859504644835,-0.09095610575117397,-0.24668616903642404,-0.045981733780063046,0.02341735513840253,0.09482397519064213,-0.10722700857954791
2146,-0.5737399510360239,0.20926140273870222,-0.4704069874687465,0.21028374710107245,0.2457243851792272,-0.1897972243581812,-0.020588428526268094,-0.1554294877568596,-0.19819278332620577
2147,0.3274494324691769,0.5356867816607743,0.22002599495037456,-0.03361432496454767,0.14693098681597172,0.0051954801402222415,0.13720417043161065,-0.17957291655434465,-0.10743440652238884
2148,0.5717508696705113,0.8974390580254752,0.44105262392599276,-0.10542979034134276,0.20360155444627376,-0.09053614439974535,-0.03785856650540431,-0.17729887068496122,-0.3527849488237121
2149,0.29331556732028946,0.822534022723993,0.5951809311671934,0.07642146843285574,0.16846225849123264,-0.017974683385476975,-0.08807351872207314,0.002121364216891986,-0.1944529505400288
2150,-1.1741323678305153,-0.18433202323917738,0.08532594376089761,-0.1309996243950536,-0.21135512320941394,0.038049788749545566,0.0633437664336883,-0.04270697498730488,0.02995605740503413
2151,-1.1775684379615659,-0.2914691823658214,0.09387388431423034,-0.007341815518225059,-0.0688099255989387,0.07387806460833762,0.19378609144957867,-0.21099299019008477,0.03188588055371014
2152,-1.4169982348933041,0.30664085555973736,0.2926522245897681,0.00752980675072226,-0.1769632207249594,-0.06663368105615437,0.05630564690836964,0.006790230398484838,0.03180693557518885
2153,-1.2698183484910828,-0.13627887964097893,0.1569889689156652,0.26578468614715783,0.0635620852252651,-0.11959381091959653,0.20901565235392186,-0.03430904932378985,0.015375222458415513
2154,-1.238206075804008,-0.16964022248738705,0.14740502875656344,-0.019953110861102893,-0.07903917864120663,0.0770979057351674,0.1697378654570703,-0.2231072140676619,0.06853238061637396
2155,-0.7340765851010231,0.4971920641008715,-0.3128844176965981,-0.08804261386663935,0.06038881433186517,-0.11816998662862074,-0.18917208746715425,-0.272053831456581,0.03374942542632255
2156,-0.8492228091797809,0.2549012934280647,-0.2450313727364865,0.022326981744644935,0.11531288280663018,-0.16096255590890934,-0.03173646464192612,-0.10306847353804684,-0.03998372054024194
2157,0.23087198713861867,0.6310121748861939,0.08522635663359508,-0.06161384995130585,0.26234793452263194,-0.07821815548795864,-0.07792224779480005,-0.2497758229924213,-0.054535236821671974
2158,0.7443363667943248,0.9823041172272078,0.4604223371447215,-0.06679271577962732,0.17323753183004978,-0.07549994474847328,0.06734461667734273,-0.045608625747081216,-0.22887211221781678
2159,-1.3593606366822923,0.08000627460763075,0.2388425651119843,0.20277884801344145,0.21946026555498402,0.700363359802628,-0.2750354099236366,0.3740728116219923,-0.12068488598920317
2160,-1.2741533523873285,-0.018722082218190782,0.18586035297804224,0.09552758199017872,-0.14714141707480652,-0.021705701586807583,0.10577102383542929,-0.1249491549209774,0.06262294872278983
2161,-1.2294692340147961,-0.08335819960520796,0.13810474574256346,-0.06320041259255804,-0.17351320772949885,0.014612263833805341,0.08152147313389237,-0.08966701473264857,0.09036830126598829
2162,-1.2955559649630595,0.1259037361884939,0.1850465169961364,-0.09449481714370489,-0.2612563742149361,-0.06499902085501465,0.003950169132810561,0.12182191279319948,-0.013577039345267878
2163,-0.8108272602186386,0.12754463192630522,-0.27874343545390634,0.2893892767701273,0.29517616472290586,-0.20147974029643279,0.04627092877012253,-0.2380276264166361,0.032316195855847246
2164,0.26679765928800814,1.1992590319163465,0.02959659331970521,0.20723414418328517,0.3291437245702869,-0.322124497559502,-0.15683321602449876,-0.020387762549357695,0.17389861011311977
2165,0.21952804643084564,1.0029025616973388,0.5772409342435728,-0.06733279617843331,0.1842752172272919,-0.22682101764569332,-0.1740348945035783,-0.0264110437893863,-0.08657094088876996
2166,0.5831429708931523,1.0716588652981,0.11190068770420468,0.05070219474136418,0.15328901043021437,0.01948757979555797,0.2149626665367606,-0.05165411092769037,-0.02712239319152484
2167,-1.3852106070614776,0.2783805139752397,0.27300359084868925,-0.033850844193562095,-0.2070194243388228,-0.060637767687969316,0.016438619319499262,-0.01997481817217505,0.18072018505973575
2168,-1.350668093842441,0.2000529018702262,0.24048898097004737,-0.03429076354949917,-0.19820812197483298,-0.046134456122694845,0.030933260408401612,-0.023772891324529116,0.1573546770019802
2169,-1.3636449808567288,0.20543272788226288,0.24529599501315422,0.01749239557277663,-0.17533395596992224,-0.06936026060587347,0.06910359576390421,0.04517419778585575,-0.030612248296044146
2170,-0.06531553031380373,0.7470466290219335,0.9813417281806267,-0.04104728704280873,0.012916264844796977,-0.14879668677821895,0.025560064562380153,-0.004028945137199289,0.112402768640302
2171,-0.15225382084925906,0.6831072763040401,0.9440878358851884,-0.04784718142082963,-0.05230307667490868,-0.04528378812986965,0.12294539350564339,-0.050875041603183686,0.02855679498193111
2172,0.19130333243468764,0.7878558056800528,0.4770771494832865,0.0748967284064295,0.24885372597519753,0.00029288136281631274,0.13367897310419033,-0.36313849161947465,0.12505740237908422
2173,-1.4112568498924773,0.24233312148995814,0.2931743268642966,0.07691737451379035,-0.090698889066692,-0.029161305854915172,0.11112221247948874,-0.1375739152070692,0.19420401128335857
2174,0.20517275857143674,1.04138878920796,0.27312322401855504,0.11358792857270432,0.28316521508532966,-0.11328422867051466,0.06482248127451593,-0.13085001082405157,0.16297867514917552
2175,-0.14768805177792255,0.5979014866931585,0.8449189672073857,-0.0740902105457376,0.018427699724569816,-0.14810660601711073,-0.041682613912954934,0.04078614283536401,0.19293187018128216
2176,-0.2680932308746926,1.112070354285116,-0.31543059291449405,0.3368946861190509,-0.15557475098462148,0.2301269182631788,0.5571929886225202,-0.14243261244666458,0.3365652050273343
2177,-1.4331778752468514,0.30366005867347357,0.312040030214021,0.09160872283714647,-0.0983327497419883,-0.05206066839000124,0.09810841352936345,-0.10860010645868058,0.20400957611740417
2178,-1.438142017253342,0.301906688797267,0.3272410086212667,0.28360120869228733,-0.006857485734599586,0.14316524051207044,-0.05514849670539325,0.04464667260340618,0.1156558086223521
2179,0.4474364472438261,1.3248692409680234,0.25978960937453727,0.20093165647464553,0.25522096323122123,0.10663368088019691,0.15934107912572676,-0.036479947476276586,0.22940520953308344
2180,-1.4135825435865774,0.26950419303589174,0.292425322034728,0.06302186690471101,-0.11697522736258659,-0.03929789083092196,0.08570701844848111,-0.07272017191610379,0.15834573344218605
2181,-0.14147837220369947,1.0963150513897952,0.3711644852538518,0.05658954435955389,0.17290606927137916,-0.1850096284340448,-0.11856935884669982,-0.10887505513760258,0.3003896207653772
2182,-0.19908999078889647,-0.1791705160710449,-0.8874626579087891,-0.40099731341183964,-0.006736185236752845,-0.08370124219034258,-0.40526842888905407,-0.2287729982252143,-0.06615423605488839
2183,-0.32063031140156617,-0.6566159394653821,-0.7855850117174218,-0.001265683273771015,0.5478277580631923,-0.2675011862094269,0.11327203473704302,-0.0423926470076654,-0.09207527311894134
2184,-0.34568097092358463,-0.35716665708532797,-0.7001093209039324,-0.3894207525278242,-0.08412265720012951,0.010237750656395402,-0.25028736146957603,-0.21364613023036877,-0.018589738770127553
2185,0.07158053542574888,-0.3408061452605983,-0.22744755416618234,-0.42381560082324193,-0.0056373981578263024,-0.1361022168218604,-0.3402400731381066,0.0842966264103399,0.15394246064187017
2186,-0.10170561886436376,-0.9038227808598385,0.04070874534032953,0.01522598522841221,0.260477498808493,-0.17709463189947355,0.1320385177373282,0.06604711376892658,0.15051623262712657
2187,-0.051268591921137106,-0.8823766562467684,0.02903279653155515,-0.07493675101566469,0.48288164877055584,-0.27635859710494565,0.14009038514370845,0.19681797400495393,0.24199036957613537
2188,0.10892244105696387,-0.6354371271664582,0.2147452306386455,-0.34305307017648906,-0.04222291848137326,0.03945026156668173,0.008389912725876846,-0.0748429124945758,0.1880685641144118
2189,0.4152509189026595,-0.5576768593875985,-0.20633283849647194,0.21031559143668593,0.32606597115921926,-0.3004057237524226,-0.07507461767199602,0.030406183797476814,-0.04415253979147991
2190,0.25434821828547544,-0.7160458338009875,0.2316506359136228,0.021326819188227698,-0.06963542506242903,-0.08679711235705997,-0.02918924356236762,-0.05761587799126658,0.17768275489388385
2191,0.8862019454984293,0.18705441539008902,-0.4415591803322176,-0.36222765090122927,0.09347973651472202,-0.1443413606912787,-0.244462551453304,0.20991118017885005,0.13859463552088705
2192,0.7272108690840555,-0.35842602869913376,-0.019841761612503377,0.0944865843808301,0.1833390914422134,-0.267224714684863,-0.11334934047310344,0.048125411555201385,-0.018883258285976555
2193,0.41725734645564083,-0.8577600876668495,0.22472108385238473,0.6680285975365386,-0.12462915644024077,-0.31478239546678294,-0.11738999225743264,0.07133350831377044,0.11042915319660107
2194,0.4809586346222971,-0.6288205379310267,-0.042663631247185724,0.45815882235888533,-0.013119143684088232,-0.21165234184808845,-0.062157902827822936,-0.0648622638837569,-0.05816357057094197
2195,0.2630062867656573,0.06726546659342515,-0.9241284308137263,-0.26990355163629093,-0.17179930761246126,0.16977636029903612,0.10769325649265436,-0.127556349339299,0.10484433196960748
2196,0.28474198121950345,-0.7705162148826245,0.24884515484462297,-0.0016763564822143452,0.17893227149126323,-0.10348802924516247,0.19291959869052738,-0.004474451195061973,0.12479755380477074
2197,0.4517915619442035,-0.17904225633173376,0.11533208399085021,-0.42532349471874153,-0.23750975053348186,-0.01254387601633212,-0.05688821004716101,0.26641270101989933,0.12010397992155009
2198,0.18722169011279746,0.09056010714630937,-0.8731326560023456,-0.3165581472944759,-0.30770012288803367,0.21477131947921538,0.13525620626385537,0.015760356850522947,0.10464212840404039
2199,0.6187228580872728,-0.21897078281394391,-0.04476385832601237,-0.17201614274790997,0.3068056807985191,0.23229231387262708,-0.30820188724294895,0.20658565570801482,-0.030842878872809013
2200,0.7936712725207623,0.1983204567027574,-0.6712544370806648,-0.1984654972818819,-0.09124417488750126,0.12059756502097665,0.19698625111778242,0.1571815389310252,0.16486953588762615
2201,0.435635940263993,-0.42154400498273314,0.441761794096376,-0.395886876168774,-0.19958580946232957,0.10371090761514724,0.09915430354824153,-0.024605790478022378,0.0033778363054790517
2202,0.9478469919242035,0.026253510607645567,-0.3367318551907144,0.01587731269857497,0.06414892775588553,0.31686287659584417,-0.11536504983691064,-0.003144014750330775,0.035038177622839894
2203,0.5796498481467708,-0.6226744910828776,0.49629667329463956,-0.17585800007731317,0.13215404814804674,0.23097110831499756,0.2358255853581676,-0.17677267670410257,0.05371507699989781
2204,0.5286316663762985,0.0014021902289642863,-1.0176675890410272,0.3014651186514971,-0.35486130621376466,0.30149058798623946,0.3106752038073868,-0.2549089068983089,0.13638143346415554
2205,1.0710417616515298,0.18941258739326025,-0.3500039307539511,-0.24837485187139602,0.016965472412600702,0.10121492896935728,0.14169306596889678,0.026021092788995698,0.007500298791906049
2206,0.8356389142092717,-0.34794336474131743,0.6209646322873194,-0.4006208813635472,-0.044232438683357626,0.030017493665691817,0.016516652896346747,-0.04716602955727684,0.1029225700862321
2207,1.1588998091639684,0.23320766034783724,-0.22682819402272691,-0.285306649525785,-0.022073067794333445,0.060052290704963485,0.11436221002175702,0.13789720162558264,0.014595963922282022
2208,0.3951038880769881,0.13790524890485592,-0.9355990538937126,-0.2024520179121249,-0.2997833352512618,0.3718763347311049,0.41015545313250845,-0.05019147972384369,0.17876878499125584
2209,1.3616167129876562,0.11971242151155262,-0.2989718607106896,0.5204972420230944,-0.4015384324982531,0.0373460982542452,0.16208245517829883,0.1445969925831222,-0.0896099819051688
2210,0.7738094023600018,-0.4674745326097158,0.6254588021766899,-0.24458878891316344,-0.07828393095992643,0.0631921530629434,0.16718461326465706,-0.12970459673788545,-0.0024892662631440694
2211,0.9898784917823684,-0.2016322378583413,0.28728124064485555,-0.2556811264716188,0.04730997853574938,0.07906207574966677,0.07037294913115477,-0.2566043820805038,-0.13608591236673856
2212,1.0283659966282597,0.031096692499278204,-0.7164876452845937,0.6823543726612539,-0.46996013798878855,0.07970555976203156,0.0614486881387503,0.05896264635919427,0.2603272151229989
2213,0.709619918435614,-0.6664985089913771,0.5638054146948764,0.2887441701507329,-0.162116222161335,0.3693656701918882,-0.02308055639082024,-0.24449191004568424,-0.022937602450401398
2214,1.6086975674267954,0.307737084012776,-0.2591734860029723,0.5621881741592077,-0.4839796374653997,-0.09330257271367286,-0.07331804872728381,0.28840620116473253,-0.11557877853192287
2215,0.7733253432261953,-0.039761484997441504,-0.1723820470918115,-0.10896255948087132,0.22823939512752903,0.8101527822065412,-0.1701086416661409,0.15371614722203686,-0.018756076006709463
2216,0.755390305014186,-0.46911069310989645,0.6112273578890458,-0.3023524714595942,-0.04160569093967636,0.12445492162729288,0.24103853384784585,-0.1835610302019661,-0.005937991256515
2217,0.8613404678203606,-0.591143072600721,0.6229428900017631,0.24649235064438257,-0.2776194937428925,0.0009990398379075883,0.016660297301768476,-0.21586639192978,-0.03642429441691001
2218,0.7456646562200717,-0.6861365819936117,0.5777646466624241,0.5086348808312661,0.1638860988094374,0.7433313684866969,-0.3555118906688016,0.0827960409686881,0.006235569238782405
2219,1.4734644363488383,0.39112297797677287,-0.3555024195951483,0.3167342330113293,-0.45208818546573565,-0.048415264286490005,-0.045416642994663345,0.3367298412409027,-0.0411801636567893
2220,1.0479444087297778,-0.5048881222942985,0.6710401690690878,0.39402020669691235,-0.38208081121292203,-0.14083243906399193,-0.20717687073019012,-0.08395483601233292,0.00635187028605643
2221,0.8951821657360024,-0.38426851255703626,0.6809281112743739,-0.36232780799857867,-0.002939109509672035,0.029889884029705223,0.049472436278951225,-0.08189979861324015,0.07364941341935612
2222,0.8935222252994487,-0.6564220867375256,0.6029123164292357,0.2920634840499756,0.07758279485375343,-0.15907137699443913,0.15174592091812628,-0.02390534864391824,-0.0517368841838103
2223,1.5258192601013438,0.3539192627492735,-0.2568126604269353,0.06170467627328995,-0.1587263682345068,0.02959940133135447,0.17136441015547094,0.2390333545227389,-0.050763038664329505
2224,1.1483226221466478,0.40605673946578136,-0.5176201024683392,-0.26638824785898996,-0.10530218316300625,0.0508863637052059,0.11638661109541415,0.27979095530031617,0.15397944288930712
2225,-1.2547253953602124,0.006675773163352286,0.14609511625493704,-0.12132974565732228,-0.25672727011164387,-0.02819115843473924,0.0375874845493122,0.12052178007676748,-0.19639926232558605
2226,-1.185149653618989,-0.15588901533428506,0.08770506211224437,-0.022184427296571618,-0.23116960793860727,-0.05867241794933659,0.06405569359954559,0.1605765565736237,-0.31074385431158125
2227,-1.0422682990539196,-0.4098812585062958,-0.032257701382990285,-0.23935550834147498,-0.28357841553112156,0.05722736498492963,0.03367098866238371,0.037609067875662004,-0.060749193905518056
2228,-1.1210535654895812,-0.22590136415832576,0.02965138211957756,-0.17232466006204392,-0.2918539056758624,-0.033324012023987236,0.03239647244724886,0.1829814949286742,-0.19980965997944677
2229,-1.250916111791849,-0.20591604308149009,0.08877744614841027,0.051986101207942656,0.16734082086794616,-0.16150234358350807,0.2566128672540437,0.25919548631723677,-0.2815770734920655
2230,-1.1271852812847858,-0.3277700116027434,0.02858145906116149,0.1583479216712179,-0.08985315728510808,-0.16516692025036483,0.13499284735526043,0.2312622449464949,-0.28800054346288373
2231,-1.1415663155697209,-0.1880387083804469,0.05218500175533056,-0.21379132368112166,-0.3034553042047346,0.0060630925635888015,0.004986278141877114,0.1064445258568728,-0.1023180901800465
2232,-1.0695568500001487,-0.35509043675190155,-0.009108700792648595,-0.2406526018735244,-0.290047997117696,0.05089189139893611,0.026783536845602758,0.05709802438415501,-0.0917898562514318
2233,-0.7008641253662709,0.04382339462354982,-0.36032024032462273,-0.24458447802179553,-0.1442465284839341,-0.05564039413829072,-0.1661497286294177,-0.02086168922992358,-0.14662863617479419
2234,-0.701297289759231,-0.1543110846515087,0.2240290308214805,-0.097050270444446,0.06956397979339973,-0.17789521154619614,-0.04188710651274368,0.18254066735702562,-0.059488945293866856
2235,0.6689627827970818,0.857454479122854,0.567409817622916,-0.14927160349776813,0.20207268148823834,-0.17559760088869736,-0.1123522196852373,-0.05989422787442291,-0.17566712737353896
2236,0.5758998603112971,0.31202518153205094,0.9833733974439736,-0.24986973406413837,0.026701262783570243,-0.02574456745126364,0.03469803442350817,-0.041482806049324104,-0.05249443190241662
2237,0.5189048485562839,-0.1253266270642713,0.814417468863171,0.2400715674979549,0.01583765425279037,-0.02158895079834437,0.2784135118948987,-0.18272414443432303,-0.20296526579718904
2238,-1.0702187629089563,-0.8020969767161347,-0.07335281761486848,0.33837153858083224,0.6470719582903258,-0.0908069133289144,0.5137301070089972,0.12690567516928955,-0.16910372076336408
2239,-1.1430629931632774,-0.3735591839389082,0.05276562645682506,0.028840691923287747,0.06741907623791453,0.4289721973353363,-0.01841803980019726,0.10289117899132241,-0.17306825890352018
2240,-1.3580846361793557,-0.0879948339850692,0.18855673550162927,0.32751703655023884,0.5362751908909624,0.4443713538613439,-0.01533361712775168,0.4353220175947879,-0.1795325635396492
2241,-0.6976866038986063,0.21382944039016039,-0.3786290574096189,0.2036310835704711,0.6060448634099639,0.5165645593313241,-0.27303684830878716,0.08523688638672945,-0.22082004618121395
2242,-0.5847173696064776,0.4107693247550066,-0.45027014363360646,0.1302135503249179,0.4198606864021302,0.5628398556532925,-0.45148619939321555,-0.09042898911885636,-0.14909896537624154
2243,-1.2724286007736452,-0.05854418662776346,0.14466840287832283,0.10513364935335877,0.19026846698292996,0.6421058219523798,-0.3047588727837985,0.6091224401646509,-0.33741265416060573
2244,-1.1452768428597273,-0.23427744875464168,0.05803536760588471,-0.1724212158634059,-0.23966411799426413,0.04575409828994456,0.05209555044124147,-0.0014604191310969813,-0.04476892541841452
2245,-1.212632662283994,-0.11486997183962867,0.12777056764231953,0.040011504020981414,-0.2281178956238301,-0.025884760661570243,0.07438733850366057,0.015820064339399663,-0.20097609217141946
2246,-1.219158835895287,-0.45995401104850264,0.14044292953022036,0.39215909083459255,0.47242565756462296,0.8925127621771898,0.0236561637007896,-0.12448327739453947,-0.036993856162870715
2247,-1.2781497524271959,0.061612232635430565,0.17921189812322533,-0.0022572156117017144,-0.26595505032457845,-0.06057252035473815,0.024033017870700574,0.08639654185557277,-0.16158675214171234
2248,0.125012655635449,0.1588412854787545,0.7428027891435165,-0.20283650693149136,-0.027286116287790475,0.008754398241376063,0.07142408178917098,-0.062337999031686346,-0.030944337211589203
2249,0.6987574429565581,-0.06845299010631299,0.8029459962226145,0.24522252576363862,0.28122176917005837,-0.20030627694206982,0.23516645044053838,-0.07800532432313753,0.07954987040637018
2250,0.25999594757172156,0.6026620528106642,1.0416656735116958,-0.13648959169438146,-0.008588899841800737,-0.06691797582362058,0.06795344523827741,0.031851958670609415,-0.10583722948109853
2251,0.6920843423951104,1.103008091074328,-0.2714925778427457,0.0109371940006703,-0.02998618589694044,0.03550696750674989,0.26783807901424544,0.3363649076612783,-0.014207122539018924
2252,0.42152108107089103,0.2570038212689784,0.942574455783606,-0.14919440675283815,0.029408781609157587,0.04645995212609434,0.1904235436123123,-0.14217292952017446,-0.12223773360634374
2253,0.21862279387614317,0.2864657538107827,0.06752083142428617,0.04072038574111908,0.46604008301541583,0.1582102916814343,-0.09969853401734946,-0.04313183474006065,0.005929587669887723
2254,-1.4223080356341347,0.3459713930539503,0.29714029020744304,-0.026321262074580437,-0.21806137613293977,-0.07837334868841292,0.022181991935009582,0.058960434865897256,-0.005764574338640903
2255,-1.4257186200677612,0.4027611091170523,0.30032715903707463,-0.02675652934537694,-0.2572020018835899,-0.1277497584728491,-0.00973267371063654,0.1352041565809039,-0.022341325482080936
2256,-1.2599888337070537,-0.0783855694998877,0.15082706975303695,0.1875348510357892,-0.074179562420321,-0.1239333037000036,0.1292894671930229,0.09302583075998629,-0.18114468297269046
2257,-1.3219874868349724,0.17911299479021686,0.2067849273304839,-0.08597355856247907,-0.26472645682749135,-0.08093330510552979,0.00453876189721754,0.14620139527243697,-0.06386050501275996
2258,-1.264043878363655,-0.02772537653660269,0.15905380716240666,-0.06530726811226828,-0.17901719762788915,0.01045594705099555,0.0849653118423198,-0.020742669173585845,-0.04171293250463113
2259,-1.3059115664574077,0.1360247866389556,0.18823610324200818,-0.09872046811330301,-0.2698516245551315,-0.06799372148008347,0.012206211510884551,0.18432593084352886,-0.17499627838819523
2260,1.0194118425077825,1.2507106252155038,0.14945191806034608,-0.012761420700957173,0.04107649928197062,0.0015900268577407335,0.25998465306425683,0.28451063890468403,-0.06951786839047959
2261,0.8747474126841303,1.063731648943729,-0.15842801023941142,0.7092935756230943,-0.13284215749675837,-0.09938634247562923,0.15905429379870317,0.11281323810935875,0.11137318426865708
2262,-1.3066479385455312,0.1272037522878929,0.2051322479698432,-0.09149671444912934,-0.23350534137267617,-0.03516824823453069,0.012042197964439802,-0.008508912438177226,0.13760538780509368
2263,0.2434242374497674,0.8356958542243118,0.05168227040756739,0.2672320104061405,0.2284649138520565,-0.18323069628956984,-0.012991696791238738,-0.1137114844891857,0.09586020373697755
2264,0.4336807576875463,1.2765853625389125,-0.030288316730108497,0.059830080192795974,0.2020542651220984,-0.19751831337510803,-0.03495484598046197,0.0892533527865359,0.22950717519883035
2265,0.4088934002251614,0.6931695767900707,0.5083886312904724,0.03368307041904261,0.16085445289619002,-0.1237101695288249,0.011698642098688148,-0.1180001824644622,-0.009942794489240476
2266,0.2466228975791968,1.068788738781444,0.33545150725572703,-0.032298799212422534,0.09428804966049803,-0.10625476990915157,-0.018170744238871384,-0.07287492421779082,-0.04535864854050267
2267,-0.3989570777956247,0.7713927104151467,0.1349610349362906,0.12878250440514571,0.24331222210905593,0.07391914071447918,-0.20190317500205368,0.027122505289396037,0.15195515526754896
2268,-1.267806095122567,-0.002231478088711185,0.17084355603988494,-0.05548604668974834,-0.17117827183107598,0.011566423449516482,0.06661569885692915,-0.10039148833451077,0.16444310715350155
2269,-0.6535468300590989,0.8928727805737691,-0.43950816013494587,0.1540023981513601,0.2574643242371004,-0.28605183303283505,-0.33151134815155,-0.41452364178318274,0.062231551512739715
2270,0.6974551456629766,1.132415520025359,0.4226992854985997,0.24309199630758838,0.15217867762341242,-0.04215839248187485,0.1913177036127728,-0.1393682779525274,-0.03416392823317383
2271,-0.570205913974916,1.0919836698640832,-0.28457053127525056,0.13056817314441135,-0.010079396653098234,-0.011306004353815591,0.12033436675664139,-0.1656871819747941,0.1886160816287954
2272,-1.4466141976345919,0.31172958890815405,0.3077833950699449,0.15962184365002433,0.09101580537145579,0.2502601295081853,-0.11100509329154298,0.2443052965247053,0.06076729242776272
2273,-1.4617945683626632,0.43861730947494165,0.33648414284644734,0.02101587771834374,-0.19614153120382333,-0.09845574898759755,0.011105513235702094,0.025129875476746333,0.16354831520666363
2274,-0.7757019110055239,0.7890912957059404,-0.202215022663663,0.27093202440164554,-0.026698329319398188,-0.1905043158405751,-0.18129559399323286,-0.23838970555089606,0.08452344804926215
2275,-1.4807945869013763,0.3242162370623106,0.34378919972325367,0.29457186486216064,0.20062671166384774,0.24703589161428874,-0.030335815136594887,0.10180130849459829,0.16070339207873569
2276,-0.4254527014396928,-0.40811617118743343,-0.6017646028488858,-0.38154336870860933,-0.17005783879513842,0.009637479394492535,-0.19656666936003278,-0.0994242709202185,-0.022799895191099935
2277,-0.1950667583320244,-0.1552856596292302,-0.8531193495223417,-0.41410530405030815,-0.057041876977428935,-0.1039395997065882,-0.39691900449250617,-0.1450231486605664,-0.05890801587602622
2278,-0.38395590315064076,-0.7311537205202141,-0.7081025767314736,0.005157878951037064,0.5125923004978901,-0.23779978308265182,0.1802546327111982,-0.0022022978061736736,-0.07029015944405562
2279,-0.40919033020465917,-0.4168113954376695,-0.6210854678786422,-0.3389134332030679,-0.14687976318187443,-0.03438528471260365,-0.1789196679384382,-0.055540582366304984,-0.029646733760367854
2280,-0.38082041615519485,-0.3968022003924398,-0.6561823768805696,-0.37856894065923574,-0.10697659708739266,0.022547366226464624,-0.21322256721503904,-0.19010908932051712,-0.014979521883932952
2281,-0.36511584469163744,-0.3989254184137493,-0.6646434843912324,-0.2972613804652149,0.017697277155541098,0.29507875340884826,-0.3255306801727383,-0.12702241073416248,-0.016225838386492216
2282,-0.28235166200728595,-0.34061244124083434,-0.6877544931429096,-0.34533550276300645,-0.11697763426262206,0.05013474606082511,-0.13862164200864396,-0.17805216644919822,0.004879605466687819
2283,-0.23240136027748748,-1.0907545779677454,-0.0727993467981024,0.11296108869364177,0.6761267465751825,-0.3299491627709013,0.3772820351472165,0.21399092573502373,0.13530211437467599
2284,-0.09191628354441098,-0.32852766422331636,-0.4104680812619105,-0.392535477122562,-0.0929924348085149,-0.0529942946309127,-0.23220739678723729,0.06255534277863667,0.0937245032668868
2285,-0.10867606131901165,-0.43034010574204984,-0.9569972270826288,0.02327201505532819,0.5797141231685448,-0.14144926709195074,-0.01979342002739525,0.024275003071753315,-0.10372337506272895
2286,0.4035919453644705,-0.5317276103967423,-0.5279435624102546,0.7198293216764039,0.16177669101710365,-0.5341428593107457,-0.34829325366887814,0.19137788194805175,-0.05343720333428884
2287,-0.13243179432712193,-0.5696575939501495,-0.8488503410170998,0.049325874978494784,0.512020223125171,-0.14591544073864104,0.26207107443441924,-0.09115450086609475,-0.029679464808354993
2288,-0.007839808876682718,-0.35907174037338524,-0.9360420215166733,-0.028743986469711543,0.39522913947981436,-0.19378634297106972,0.09975975172742435,-0.05371868127519536,-0.038354351591026535
2289,0.4905768313263517,0.09426513851878249,-0.5046473238613635,-0.4199531068752466,0.15193588599490138,-0.17561380247088237,-0.5715138317306735,0.19483042816852578,-0.0062999109263906505
2290,0.2232464415908541,-0.05120673743841895,-0.5812268733865094,-0.3946510935192506,-0.08984795918453582,-0.0496514147723559,-0.21940770362850323,0.09617337405561126,0.12409442208955948
2291,0.177302498274548,-0.545436285756871,0.25316414450578983,-0.4046091864655382,-0.06609587694466768,-0.020179228207342855,-0.12721665726908954,0.021302089405057036,0.2145486041545812
2292,0.28757696273458405,-0.7437133181528426,0.23249951031802066,0.06719438570434827,0.09851247160523498,-0.17583794268681646,-0.0028344999996173154,0.039164469786659016,0.17556611083517606
2293,0.5854533461648268,-0.05025554216812599,-0.3092358976847555,-0.40486469245503665,0.13273378794029256,-0.15000933112913298,-0.3611727678231906,-0.061144843608581724,-0.012264468082377437
2294,0.2937367466455509,-0.9057996540581708,0.22059535261974558,0.4907250553818768,0.07048950157464368,-0.05225607791578439,-0.013909988642354957,-0.01973251368963394,0.08984296119571135
2295,0.44539117918900495,-0.23793569487505523,0.002128152227762529,-0.3491537745167013,0.03627758648330133,0.00882963250839902,-0.2818552691655055,0.16965333161822024,0.06356809385093576
2296,0.27529965949036467,-0.8548811308769588,0.22641700039928955,0.28284393276848924,0.031858095660874504,-0.11420608701790726,0.15088676421012015,-0.06589811719479402,0.07250890493634554
2297,0.4538761508255367,-0.6650260233058456,0.3202217269922818,0.10299673530997926,-0.04923327060557634,-0.16700584191394263,-0.11873081817022331,0.02072978231001059,0.18334118564555385
2298,0.4877878390224755,-0.06682465453728821,-0.11383702662980605,-0.37039890923695346,-0.16734920691457453,-0.06826096861591675,-0.2215093095519694,0.042410422214510426,-0.1594872883364179
2299,0.46134260478329353,-0.6972614456408709,0.3410438913483717,0.1323938581228505,-0.0078838065920274,-0.13418955892268683,0.024915200039629524,-0.00968730213416033,0.10918827750364687
2300,0.5024524288603589,-0.7600923421323204,0.35333657883114805,0.01370856690313391,0.5340958769692158,0.1476128997118744,0.1875894143120553,0.03708780451195851,0.15092460259031482
2301,0.42378577526457506,-0.22674357955672003,-0.899180595335486,0.5594436314308308,-0.38161277574782937,0.17392514940364207,0.36237384695301067,-0.12149534825993531,0.12144251347565219
2302,0.8303400226392452,-0.5795549279934636,0.5498121549301055,0.39694505171212385,-0.37420659791295496,-0.1617347527777462,-0.25195282250649664,-0.06594956243245681,0.045563242470544524
2303,0.5156735101394141,0.06062417206112313,-1.0360459895920375,0.16680157429743173,-0.2877526459774319,0.24176428455294904,0.3620514065618754,-0.09644884431150352,0.13989118967959213
2304,0.6184553896016529,-0.7440179253085883,0.46525103603799156,0.026875172384021095,0.3255201527991496,-0.02885867152918259,0.4042655365047034,-0.11645252387008145,0.0005144770332698477
2305,0.819613815210352,-0.2954132036402587,0.5922283599828763,-0.4183198800776494,-0.08203106141269803,-0.04147429898917443,-0.05883827167739033,0.08347088066358556,0.13622595672635204
2306,0.954288869999811,-0.5565557062562937,0.5905168384485403,0.4818516046551093,-0.4237571818251013,-0.1421722522485486,-0.18728734251275625,-0.10269283620514716,0.013186648417979932
2307,0.8745853698669642,-0.39324910904401994,0.09211168347422237,0.3811980252296062,-0.21719941936797355,-0.07156706335113287,-0.16383875550791535,-0.2541050292030012,-0.06666508788588124
2308,0.7192328869188537,0.2253482880063312,-0.7152213603797226,-0.21806047471431386,-0.19214819723785503,0.17049472418274064,0.23535838835901932,0.2590251180662573,0.2575397957554442
2309,1.1189614908903578,-0.22137652466670998,0.06667336800654759,0.49035382909483566,-0.2567994059573832,-0.2274044171568771,-0.41144719233470267,-0.16198207705805018,-0.19932462915894625
2310,1.177974840735148,-0.16642375119339173,0.05401476409500769,-0.09250503797083941,0.4761562820146921,-0.08342444724878101,0.2687310880186416,-0.09534992339690132,-0.1766506586140751
2311,1.1356726319685215,0.18149500061427645,-0.17237327767237703,-0.26500158910393457,-0.03522822040173162,0.07616458865239224,0.1564164913803682,0.16295587993693092,0.02309927057886791
2312,1.4480513334547622,0.41393338159597237,-0.23627961436501263,-0.1338710924426942,-0.17612181468202234,0.08026173473086765,0.19799929966597202,0.2959540860184942,-0.04967034539588142
2313,1.4470715460099597,0.4987669518477456,-0.24548377378040442,-0.29945363230759925,-0.13214175036335635,0.07134009693942475,0.19186120383473385,0.36389982796307946,-0.04373117688499714
2314,0.8149622830973464,-0.47963216400267206,0.6172189512511941,-0.20200960100564141,-0.04814501321145659,0.05547196569265799,0.19831723374964455,-0.13070364393031575,0.0053711927244886794
2315,0.7566338673877084,-0.3598935382650479,0.6491429164629148,-0.43096236848863123,-0.1247995832661611,0.11883559122845326,0.08224516609578873,-0.10371111787971801,0.0048436177819010115
2316,1.4262201678291326,0.440482317361707,-0.20545043022639523,-0.3048346776703289,-0.06842896592356532,0.035456299751927295,0.12845820275317849,0.26829389407353516,-0.07396382665089254
2317,0.9974188807531614,-0.5790127560935397,0.6362586431326984,0.44446439714301983,-0.3106036686500861,-0.10872067986763766,-0.07226002905068997,-0.14291782050016166,-0.022564885815028468
2318,0.6764049269612764,0.05078834405730769,-1.0706567839288486,0.7271754496928552,-0.6347920342575806,0.1485519776911463,0.17413512636068684,-0.056851750718143475,0.0829501241356652
2319,0.7785185866705006,-0.5514381913287804,0.6039164502372246,-0.09866341693184305,-0.0550847093717517,0.05995951374830455,0.22050796412556886,-0.185327885905734,-0.02257863090673064
2320,0.8201633789593643,-0.5646896330137215,0.6036230582379508,0.0584538147397512,-0.18325313419981062,0.08582870528916205,0.16881695934766178,-0.26583175138694387,-0.0269917396612241
2321,0.714348531232842,-0.49699698115682933,0.5895893976999944,-0.20200376800385808,0.1402009333980875,0.5351499156224477,0.03223776294119874,-0.09383255681399415,0.05596151023737293
2322,0.9766649261204554,-0.6067655437506833,0.638408169941368,0.4977846086217617,-0.40174959045869024,-0.051228573900171805,-0.10236821670391942,-0.24717678549537703,-0.027772567485552083
2323,1.1682705428785298,0.20604510998297787,0.020863937898155806,-0.4120781061846806,-0.02870658668389412,-0.008932309940533826,-0.07543496177760012,0.09091213329792798,-0.04516764057508057
2324,1.1250062265049692,0.37322605660165215,-0.5584787577278952,-0.19363872372589097,-0.12941369122664914,0.09419229889234347,0.25541154247579095,0.34557134987654753,0.1768913731109474
2325,1.5278384576001067,0.21189757669135717,-0.14530993053399224,0.3963744326286159,-0.31021298778117695,-0.12434784379694054,-0.1552207952745952,0.10357159477096135,-0.16008347669446035
2326,0.6969354269350855,-0.49001361043500163,0.6064826689173743,-0.3255576435257396,-0.05616075013333926,0.17127883962273657,0.24012755530393834,-0.21774765832641876,-0.020678072418573626
2327,1.31111404839976,0.32438823690834767,-0.1062977491684967,-0.26846865103709866,-0.1602146629277877,0.11569050136798836,0.27731311867497455,0.3872753424805609,0.004290189604325664
2328,1.568875302071937,0.3423706807701265,-0.28918007565552195,0.5192177108677852,-0.5241142231329805,-0.08749369603158533,-0.11942932859109098,0.31685414008412927,-0.0778372072968007
2329,0.8650833722818813,-0.32001897124482837,0.652474228224812,-0.3865808982460972,-0.09459636797638478,0.03223438025972563,0.07719258092159921,-0.009964721478916874,0.028784116332656477
2330,1.5572026464672362,0.20933977005720522,-0.25328555162045824,0.6022801799848925,-0.436381371648155,-0.048499027814702535,-0.010987261458910037,0.19509793131959013,-0.10923146661572794
2331,0.7533027843551406,-0.3594245510361986,0.6257286240279011,-0.3725949342055437,-0.05213279586139,0.020919115838556216,0.1197793280260979,0.04034797679673101,-0.042644828765885
2332,1.5331022199102349,0.21765968388936346,-0.11483446940911118,0.4789694885253349,-0.40843068112682135,-0.18832888427046196,-0.286682888982793,0.13230704570012197,-0.19608487063383917
2333,0.7541165624729436,-0.4455238291282226,0.6291547357172687,-0.35242014708393854,-0.051615051343229995,0.13084426746950478,0.16973445922019056,-0.1562835473856575,0.008825174216094115
2334,-1.048851843665709,-0.3788587354554458,-0.024903383567245287,-0.2707564349287088,-0.3124923092329053,0.05094018266875771,0.007842081968372031,0.06527672177489242,-0.05951435182527945
2335,-0.9984770301216797,-0.8476533115730001,-0.11789780858984883,0.12739140932270934,0.3807869607252736,-0.08586994224644737,0.4503494354906013,-0.02404533636462597,-0.03411144092793944
2336,-1.2174447687321273,-0.09297492359304599,0.11305149488420346,-0.13120357915698605,-0.23920702524182158,0.004324443090121601,0.059247026677527063,0.08740187458363366,-0.205135542224419
2337,-1.0901314510007334,-0.49159018229206336,0.019027276048154823,0.021487136421599176,-0.0323528172987021,0.058418305525936076,0.2598044096428489,-0.20233364843082258,-0.03318559797836433
2338,-1.1200015070717622,-0.29447356298674654,0.033440021499118545,-0.1925936859481823,-0.2483524423924425,0.056494725850991086,0.061495034050631336,0.029297931484015074,-0.1549781531276772
2339,-0.7180997845128598,0.4005617401344108,-0.3290114612962779,-0.13437689808212008,0.011334677387272276,-0.09732616502598078,-0.17135801869616596,-0.16136233750539533,-0.17761960174988728
2340,-0.7923497248583177,-0.06212454935750307,-0.27916196788502173,0.25752286871999164,0.1978249432037679,-0.21711253896108992,0.10542526114418994,-0.030075244547409518,-0.23146743424066915
2341,-0.8764474567756472,0.3275720142703994,-0.21070578367187384,-0.10780510792561775,-0.08611354119797641,-0.11147104896565029,-0.11238315117323792,0.020477117439566588,-0.2894741817555341
2342,-0.6779197618648037,0.15497873015082653,-0.4108748752208154,-0.18332981298513443,-0.024457381663635442,-0.06690551997594678,-0.17657578536149035,-0.12268044976391947,-0.22190073765741158
2343,-0.3988297034577646,0.36122733209604685,-0.667113291516576,-0.1322544532277484,0.12701991311366545,-0.1011530098970459,-0.23592056903174893,-0.2650929797572182,-0.23922978724454153
2344,0.7809864472768697,0.7310581045341004,0.15516173097329108,0.08418125881454208,0.5434199292532916,-0.28357693931507316,0.1201841308463086,0.12795893790733207,-0.36593299764842824
2345,0.5015691248851339,0.18936373386050318,0.931253598226344,-0.012899858160006892,0.000729894271996018,0.0013233009705259445,0.15871584446932543,-0.10777560709703744,-0.2483206085947656
2346,0.8247397831380533,0.8890185014547143,0.10788576192647413,-0.0811023171472329,0.09389135763773278,-0.06148120887116387,0.1418876978416639,0.15558804036605384,-0.316916300615195
2347,0.39242182913750406,0.1737884813896526,0.881812500486967,-0.1848701743051335,0.017525193162301427,0.07035291693348537,0.1715284461468978,-0.11440309520686763,-0.18857976662883086
2348,-1.0687019154166881,-0.6595162789602766,-0.020215237251411687,0.21014272811902443,0.3376063795938323,0.3649095840086887,0.1815892377493884,0.03233334849703638,-0.09794735251546131
2349,-1.2068961398590077,-0.1686544478523588,0.114351196058726,0.02345215375200465,-0.011963575346579281,0.5278109719985957,-0.1729382816783308,0.2555653039005329,-0.26310922594665664
2350,0.30576882887041973,0.3208734655919795,0.972430149860555,0.004276311493914516,0.2768124423917652,0.5715744431060193,-0.08199109873398211,-0.027608610019689353,-0.019815772801828422
2351,-1.1888065891931867,-0.17706863078538568,0.10381320268016646,-0.0008682217530212396,-0.20970616393191296,0.005343960404949131,0.08726063945016281,-0.018374877140244987,-0.14967154187560858
2352,-1.2823539523708745,0.006384657092048811,0.17671655157441987,-0.12365821894199118,-0.21050191942702096,0.031511968049642944,0.05985491009705388,-0.013533145539111176,-0.08272820529849845
2353,-1.1664092476132837,-0.22071935782227706,0.07697727665596822,-0.12440309048924249,-0.19489300952607022,0.05214403084813381,0.08426789383715699,-0.06220565457361731,-0.007538631943351946
2354,-1.0516765868912479,-0.667696150471785,0.018067328219862316,0.425381088374514,0.29143638082580575,0.82241172437902,-0.15584812528663328,-0.010112233283104257,0.04421175032521747
2355,-0.5765760433281714,-0.11155364845237359,0.33337473790978117,-0.03757204278689251,0.10007483998549925,-0.10642161933598358,0.015476733809272157,-0.04494046552664623,0.08590439360696377
2356,-0.2752631945830073,0.5461325860230407,-0.6683286897172138,-0.17641079705642523,0.09700866793986317,-0.14200050231417652,-0.28473461973833447,-0.24612061367921062,-0.07613179327301775
2357,-0.4508693736020343,0.4734366256904463,-0.4802300289821655,0.1061451926109684,0.08785934107026155,-0.07924620736075812,-0.03962832793140599,-0.2912121403517362,-0.058050163707116686
2358,0.32139890282841527,0.27424835225516586,0.35205077634947995,0.4040701874632192,0.5008350008224806,0.7338993424870399,-0.2594339029818234,0.06502804886877482,-0.2033819160538874
2359,0.6970189903160613,1.0577909331399677,-0.1267105518771052,0.08146034166079079,0.08001392727450238,-0.09877313577283646,0.08031090720309592,0.21048508825137074,0.008206264317835882
2360,0.930348324074188,0.8653890166404798,-0.15069915235630998,0.30202341009825173,-0.10058208611448172,0.01706874456653451,0.2529434299694208,0.19903460816156518,-0.03296064134337141
2361,-1.3265338624965526,0.09159436186370826,0.20925406724410806,-0.0034789328387142375,-0.1572377592821709,-0.02882409078097723,0.1011193415098202,0.018617711470160208,-0.09886323660477847
2362,-1.3782480351035555,0.28121566992058167,0.25722609238082916,-0.06314877158839968,-0.2514486944599858,-0.08110375896982945,0.0041717142169624515,0.11236606625364884,-0.049823790529503455
2363,-1.3329506830454223,0.1875694292779057,0.21354114291714052,-0.12243764411069057,-0.27922850182888753,-0.050360246152462276,-0.006106528098891464,0.15638800476081283,-0.13791886838373274
2364,-0.10160837796789905,0.9909722765104806,-0.6187050692823224,0.14454370311505255,0.05994583011750945,0.044321694474687465,0.230275754881961,-0.19230705630786082,0.04843448615859028
2365,0.11766729515594651,0.927734412164128,-0.24643746783558543,0.0058440028032541395,0.079117153954517,-0.06213331640281053,0.03409963212451284,0.08614112132568134,0.053702488293928506
2366,0.47568609246285504,0.9609684812201674,0.09724561345526572,-0.07447693168123275,0.17045126903523394,-0.21352756031885592,-0.15449562792190918,0.17924392593470626,0.07222505581534613
2367,-1.356281105979074,0.1634012329854618,0.24168917549852673,0.02296015138305171,-0.1449321066714725,-0.04143587398900908,0.09073069212799313,-0.04213165289061347,0.05155862948324587
2368,-1.4210887549446576,0.3312771365367665,0.309156599046912,0.10666899072202166,-0.20209716759991683,-0.0940087652485901,0.03399590361396303,-0.012933911648134712,0.0373345360689611
2369,-1.3970042894567363,0.15636645578051062,0.25378392837469205,0.11966388646127148,0.04397698633530193,-0.11095141140291882,0.18261067954586657,0.01273702367095213,0.02541329913998652
2370,-0.7584353399492703,0.8564662853277301,-0.24843415753693493,0.00738426564276002,0.04266407082367367,-0.17349042784529353,-0.15413972339452447,-0.15460517981846883,0.0386481565632844
2371,-0.550838613681442,0.397361544492652,-0.39575731834588634,0.036447362345338324,0.10270584151512809,-0.013928877163183591,0.037102266933554194,-0.34864788499649196,0.15026351088540912
2372,-0.5469266737271219,0.7185574946273626,-0.3865312492786334,0.06217360693860284,0.019637809783993276,-0.10854427782885237,-0.10466794025018995,-0.1890295391873316,-0.07696829581480873
2373,0.4557239147047979,1.170362187615763,0.14975984704373835,0.0710355576290929,0.29785874305817894,-0.25051213455604104,-0.03338871360502054,0.07057617542318892,-0.0019067393911004718
2374,0.5776586142013904,0.8036510315511034,0.377259787460425,0.08643788378533297,0.2258907218196307,-0.03293223652002426,0.08859919204448145,-0.24290424283032294,0.0028465587399628253
2375,0.5307837775069967,1.2518218709076048,-0.11949948984953858,0.11762165075864348,0.008280158891544253,0.07454544855499302,0.3641168428933984,0.19353827223877543,0.14331749766505103
2376,-1.3726932860196406,0.06669213954288918,0.25038124210099577,0.5398718193841806,0.12304239165911719,-0.2613029721268642,0.19723915153575278,0.0314951148791626,0.045627563756049365
2377,-1.3725087567759033,0.23276674858673163,0.2591397412340536,-0.002785621199223184,-0.18177013556547442,-0.0523837645225664,0.04479744562437743,-0.017709771707342038,0.10709464148237807
2378,-1.4066207331490967,0.2771431379206705,0.29092976682938704,0.02062581335206911,-0.14697278630760136,-0.03428637976409075,0.05545793093485167,-0.09345534530786032,0.22525727696987313
2379,-0.892006174128411,0.7464483989309887,-0.1524321842158618,0.03927333242220335,0.028825579116229738,-0.10896942109321836,-0.09021531884513019,-0.18781631595968076,0.12349981744165434
2380,0.4492433994753828,1.2452485558619992,0.6722043527321024,0.027151687011989542,0.27655956918076546,-0.1726701691737381,-0.06282676772185389,-0.25817337506212845,-0.07364953680278892
2381,-1.3858865194655372,0.06945324273138874,0.2884045300562756,0.2773705990432231,0.27565080418523397,0.8254057251662671,-0.2302577674397895,0.013712137859382561,0.21873264275900486
2382,-1.0214018990974356,0.5477349276215446,-0.0644872038776779,0.031916060299371926,0.03393976662007658,-0.08585131145237015,-0.08385900027266481,-0.2640276442160361,0.24848599917120073
2383,0.6855643123087459,1.2417671949219928,0.30124223753903484,0.7466034000587373,0.15493294992116552,-0.24719403465871884,-0.02869901587900397,-0.18238091792366715,0.21433443136541566
2384,0.7223521705868053,1.6748219204704529,0.24540998264635086,0.2697328247309287,0.09877338602518879,-0.05646247315611035,0.2621252883788185,0.11079895723338123,0.2354845307632634
2385,-0.22672838128954878,-0.4565436183752202,-0.8371168881603054,-0.16033359509367195,0.1893109021588637,-0.11658456205111788,-0.1304321093480246,-0.29418514193317,-0.040077251024547164
2386,-0.24781331340672885,-1.1670958323432272,-0.11519662346447752,0.7765310830932446,0.06608191556520523,-0.410354958752484,-0.07237887449316026,0.1537646021859742,0.07713482228616703
2387,-0.4306809269970627,-0.7105651830645523,-0.6263810402934783,-0.080999811432424,0.3020597776082832,-0.12737320134605165,0.13295026762547263,-0.06982509209801491,-0.038845065396789745
2388,-0.18228134328201903,-0.3788330028289434,-0.9499905851785406,-0.009102320630041821,0.670353789614421,0.07308737022951037,-0.3093159486057318,0.11004239868269682,-0.15031098983510927
2389,-0.24952829267164017,-0.4698472307199182,-0.722720648694749,-0.2122126500824141,0.06809804479876091,0.022330823730174643,-0.010076483378162205,-0.2727043981656122,0.022588684552319112
2390,-0.2572186055372317,-0.33626928720828,-0.7160054217770762,-0.29391860429071154,-0.09548129225817556,-0.018520607728703287,-0.12805396710525535,-0.11248921244986698,-0.009688948446739839
2391,-0.13064510255474945,-0.41916281069925176,-0.9432540215404112,-0.050277889915832714,0.5428809101505657,-0.2667618948903624,0.017390984552641747,-0.04532905897127401,-0.11123208080912138
2392,-0.005847618310972071,-1.0672056073116762,-0.013414677602057484,0.7559383010742441,0.034831747269539116,-0.3988204595040256,-0.07606329539013072,0.14405573744128355,0.1151547177714995
2393,-0.10770595855000029,-0.3057637135904771,-0.7951054467787945,-0.23299290297489142,-0.013125090606055226,0.03578669566344876,-0.03170211912333965,-0.2359345979247844,0.03184199819450813
2394,-0.022527256248787386,-0.4954091236645758,0.13923561850464966,-0.45990077740718366,-0.16498386168344395,-0.13545560405814855,-0.27123396550663764,0.24355436178236287,0.23800295264942578
2395,0.1397889277970694,-0.23712007808295996,-0.9876264548753625,-0.09620931723289003,0.49761286908306057,-0.19195039770455863,0.07745824894708776,-0.09607123204556625,-0.0010462827075569821
2396,-0.09481560600789378,-0.7244236770475695,0.052179818030448355,-0.02668140999778338,-0.09600826177969156,-0.004782552263459944,-0.17643050390116155,0.13960368274044307,0.18245576417644957
2397,-0.0668522536562564,-0.5774655677087067,0.1446233291916977,-0.4144659612008889,-0.17220619618118893,0.02621744239978162,-0.07735216287998455,0.029474821419709425,0.1445741127317428
2398,0.4484366438500119,-0.5525176317332307,-0.3155067207754715,0.6445502613966012,0.05208679514412311,-0.49440858213941863,-0.4248063666658741,0.15818752339512376,-0.03306751313880698
2399,0.1662848142089876,-0.6956455153211072,0.1687879117934076,-0.17863833801081952,0.25353920136938946,-0.2742453808075242,-0.01762577471370214,0.23232004653463317,0.22840451940737944
2400,0.008013403428710117,-0.5228955292295693,0.18559218230279234,-0.3520594014650496,-0.08229358187504386,0.2273491614537165,-0.2404706465071866,0.2377280062352303,0.17755499440102038
2401,0.1307723397194122,0.03568990723316455,-0.9472470984223069,-0.29947016843003527,-0.12786622440686052,0.016918242412744876,-0.10039072379289429,-0.07161043363616684,0.019393972307623967
2402,0.39584806850768206,-0.05033679573002345,-0.43744349923788234,-0.36513655608071255,-0.0824907729860905,0.010700342521182979,-0.11894284229435531,0.06174914965289443,0.12205621826390393
2403,0.7929486662713447,0.14149876549343035,-0.6779899489237594,0.27334349039668626,-0.27235044622822735,-0.33391160830361616,-0.453257258945991,0.33262781990782786,0.12233735370722573
2404,0.762380924570242,-0.08314653822051582,-0.42102782437458836,-0.05219250387005564,0.17124934866394115,-0.08147180203521284,0.13277743277871665,0.13069787071969824,0.03351787412712009
2405,0.6841489788240771,-0.6775408222906231,0.4203786989520998,0.2230259106002577,0.10248851527030074,-0.24660167841773412,-0.03435478755118933,0.025865641971002117,0.14405671390374394
2406,0.8915633827270969,-0.3560852306171977,-0.01885594572764268,0.48067819661224304,-0.14173054394336518,-0.22436272491688394,-0.210765492476806,-0.06265809571220896,-0.09052935935577407
2407,0.9099321655429929,0.1596698924920415,-0.21364776496847032,-0.4006942012720986,0.022105249866075153,-0.09766155327638733,-0.21543953051024864,0.05286227079816358,-0.09334226691421398
2408,0.7403904693376276,0.09998592141380122,-0.31231464502128575,-0.3612068368124933,-0.10512447347353368,0.09115099961453597,0.031506272494724985,0.0274537502890368,-0.02054273954584086
2409,0.9856447256610182,0.14486221778956931,0.04134783605096487,-0.46499937360587734,-0.06294806138074224,-0.051560959193857774,-0.1687176161716143,0.10738829426731646,-0.08356386456372308
2410,0.8745216336317343,-0.044328135501511184,-0.05666587632023706,-0.33123139345101343,0.09384767201523542,-0.050226654275343424,-0.10395006398360457,-0.039978214492390224,-0.04253513987414897
2411,0.6847116296596554,-0.6865759745021496,0.4896074533783677,0.4057709818751721,-0.2924220908346666,-0.08516460467466111,-0.037405732600645954,-0.14994280705470298,-0.017551964964762728
2412,0.49919812734895497,-0.6197034123481006,0.48031230888836846,-0.1438835373507776,0.208197773707587,0.5128666319652769,0.0809045722819759,-0.06837932449999681,0.044555549090964715
2413,1.1759282410513092,-0.04178949666528358,-0.009455321935535475,0.08238591804718828,-0.06399513483643238,-0.08805709265442752,-0.05540378032623458,-0.048292667410998996,-0.07232905444905
2414,0.749223707709043,-0.4847230727775674,0.5812655269350959,-0.1569125219232052,-0.12345497604962899,0.06235423494331866,0.12989264259387562,-0.1365406382186893,0.010591789471934714
2415,1.4778879301196681,0.3851775040169012,-0.251824173249021,-0.19625474573623786,-0.01034372305359721,0.08537124877455829,0.2850346274535213,0.24329460762750454,-0.020530068518987057
2416,1.284883769389133,0.41264948688785136,-0.5220862040311639,0.02721268697621694,-0.26657235435834475,0.01133771526858654,0.08101962017710003,0.3544115656080113,0.13554792397629076
2417,1.3970934625028717,0.3943495494749202,-0.10722680010312881,-0.348444154748849,-0.0221839397604766,-0.045781540027095446,-0.01154322498980652,0.20922454408851685,-0.12254513866495043
2418,0.5236345565139814,-0.020399852359299888,-0.9580441446461266,0.23815487616143546,-0.3341193477544782,0.3440784570609389,0.5295974677275793,-0.1346971778579644,0.1915426373125431
2419,0.5472622568104567,0.11241793298322025,-1.0541227291543038,0.04005577687450404,-0.2180898168887844,0.33997028565251913,0.4905774880703605,-0.14159730791565842,0.16513110903587466
2420,0.8013959107652794,-0.5262346984664816,0.5831466104114983,-0.011051984400328948,-0.15020246110920207,0.018906695509146112,0.10539354134852119,-0.1407405594933479,0.025108953373215007
2421,0.8675869430783799,-0.31673901685594635,0.685191611557752,-0.4231813422644006,-0.0038435533930683535,-0.027058113857314676,0.005926532044413948,0.05352100260132231,0.047047236019979635
2422,1.3448039099755535,0.14760921852973968,-0.4280757502004527,0.6402402015155062,-0.4632661661880881,-0.03406924787565052,0.007633787527940941,0.20716788870747108,0.008811550393632371
2423,1.0813463769414342,0.041647992739792576,0.05163809849009338,-0.3218891721402785,0.011984546573682983,0.10734261695518106,0.12455015739938033,-0.14072452000905206,-0.1705834620147401
2424,0.9762630077985616,-0.5795095194407196,0.6272671213453057,0.5075244319351401,-0.43092123218362716,-0.09617363058493646,-0.10111661424491358,-0.16260971625997925,-0.04505689580594277
2425,1.190037032595557,0.19921617147027346,-0.043394973665244266,-0.37708107116588657,0.05821771786212991,-0.0099280232222153,-0.07881103297660425,-0.08577243699550285,-0.22834215148273848
2426,1.0552906290594306,-0.34082436137154465,0.6649680083791413,-0.09240502684826693,-0.1493074250427979,-0.09417761855416136,-0.07658615402121267,-0.024876177711311908,0.07766375063583103
2427,0.9547050027789614,-0.5943473645727345,0.6272434581482637,0.5746638926993988,-0.23895035751998867,0.32552790883276184,-0.3652415935134951,-0.09023023330970185,0.03806929096887389
2428,1.5426462028850205,0.349190487768931,-0.25331672544219636,0.1690714840025568,-0.24794183857074836,0.014176704821968374,0.10029732626158035,0.2361349079787706,-0.06436394109375222
2429,-1.229570325219482,0.006082418549090242,0.12273498022503244,-0.1360602994175339,-0.30293897174666184,-0.07463901257920204,0.009461765469107283,0.22584123234775477,-0.2582909348868394
2430,-1.1589231633329586,-0.23475637666930857,0.06538382383691167,-0.1197364325252381,-0.2020689576495861,0.026339899241700406,0.09605482535602627,0.019010514598329867,-0.12269463216030357
2431,-1.1758075180429663,-0.20288651135491811,0.08993160147479741,-0.01655003520121186,-0.21838365301609763,0.013061355114874378,0.08549712221074114,-0.008828680595296652,-0.18218234303564135
2432,-1.0959706963733473,-0.32067354351314165,0.013887922716052931,-0.21290437157384112,-0.2692812350481117,0.04995272259683095,0.04462670144496233,0.04383802061857229,-0.12788760136654811
2433,-1.008164139142138,-0.6079954880225859,-0.040620243684482735,-0.031210325592962256,-0.1531226048810518,0.08732133104799614,0.16458463643396426,-0.17505988703848888,-0.011917534502521265
2434,-0.6243592858458696,-0.08065195618170617,-0.5010375096089702,0.08737022488095493,0.4502644392407294,-0.16520685456998924,0.07814251088755822,-0.22714938003438864,-0.24357240860898638
2435,-0.5777015484387376,0.16495581014427607,-0.4689183402697741,-0.018578786819921735,0.2019809958631092,-0.06581504814727811,0.012467702037743777,-0.19876347948512288,-0.24618721590786252
2436,-0.05433704272369915,0.15230308227920455,-0.28800329909860234,0.29461999273467465,0.3003231359423622,-0.37835149726995354,-0.24612205985030067,0.05472302930819653,-0.04559755027091202
2437,-0.4690732442265822,0.18461272316139854,-0.46409431632649506,-0.15847899952258704,-0.06838697417410777,0.032643565991833934,-0.011086275846827861,-0.1296238408981068,-0.11257219942005002
2438,-0.2835304222866723,0.3010922223831305,-0.580772444806394,-0.17576445157529966,-0.023639197140709778,0.0709793367495468,-0.003276864769718873,-0.2237986923041739,-0.06064966710335176
2439,0.1994687379141357,0.37789982618199397,0.036822662441023536,-0.1287384699546647,0.20559346257349673,-0.10962192300832281,-0.10378201889566054,-0.06698115636434862,-0.17998054730699473
2440,0.49428171102029556,0.6077018954643516,-0.3870148436765106,-0.059714870649778345,0.0961200406782578,0.04837869239225592,0.15875942322822917,-0.03996624647959623,-0.09687961462825573
2441,0.8007837521325436,0.27551782114196066,0.484341638630425,-0.15630229441839036,0.15608213247279343,-0.015523086791997542,0.1205604432645943,-0.16931368467138333,-0.2303650847026938
2442,1.2478231215551534,0.7786108912184491,-0.09522617268748924,0.6534102440176182,-0.31650330310967906,-0.08675199825353441,0.10518805157083971,0.2067619551206698,-0.2972514759154141
2443,0.9729256130754141,1.0303190891598757,-0.1293621838463042,-0.06780175712171055,-0.0011238436870045928,0.021155585561702953,0.22299425119858296,0.3762484071525699,-0.12327786321533021
2444,0.5404856961021063,0.3833124464910343,0.40949450589398884,0.15168770903791282,0.45329581707487276,-0.035140190048557327,0.09785911630664504,0.0336216816774442,-0.2766470515359566
2445,-1.1959848430100892,-0.16733997366150283,0.09932608959618913,-0.09384036095499744,-0.1895935355845786,0.03180982918070864,0.09655758023813252,-0.013412735747021115,-0.12993072572887884
2446,-1.1974700335837318,-0.11705575473295479,0.11886955027361545,0.05295328598298763,-0.28022573545117674,-0.03292154367567549,0.030014399165504194,0.03957137111307273,-0.19407837245406365
2447,-1.1408561445566943,-0.26654117276510947,0.054386400410345044,-0.15358579571759512,-0.21216860147755512,0.061154287604461316,0.07596416441891593,-0.04188453189589529,-0.036746869443569787
2448,-0.3812567937786894,0.5880415788015046,-0.11927352949146337,-0.1139719733166619,0.21167464073499165,-0.40628942394506795,-0.3708633288656452,0.28522370384727147,-0.18767711996488365
2449,1.082438400490809,0.8794810697139652,-0.03490407551635636,0.17041387956387277,0.023200524611813284,0.034508843370924414,0.31650610862267287,0.14376002620102793,-0.1524385476721609
2450,-0.7163528716338361,0.5573122195220945,-0.2746651528015675,0.10883890776473734,0.2187768092003838,0.3593739889297562,-0.201364578745937,-0.11125528733819669,-0.05005179286678185
2451,-1.2072776323413321,-0.08891670195923959,0.11057047727098382,-0.1361661265133066,-0.24350759397153485,0.004755404629670355,0.03482155372274821,0.03724904137715008,-0.02369722338578932
2452,-1.1933824931596975,-0.17754634824235732,0.12527250057932574,0.15020508836131768,-0.1807442774782694,-0.032557662628989036,0.10618933724524772,-0.1056994601436625,-0.017846366670102063
2453,-1.3619965958818072,0.21933628132153624,0.24286422722090412,0.02294517664442986,-0.1899665214443797,-0.10155432302407696,0.06826282223042954,0.08865965697277323,-0.08431343005004549
2454,-0.9762736694795553,0.5523909767434693,-0.14310734898071667,0.25366449546033415,0.49394432241251574,0.3224020457904621,-0.23357845161363752,0.061730336034504556,-0.047925834846403545
2455,-0.5811636997855659,0.7420697741033666,-0.363206670833169,0.09406091554049399,0.10111504908261186,-0.03623582290958787,0.04432416872830584,-0.29756995460370594,0.05526468134853064
2456,0.4433555300402608,0.9689881374570879,-0.11556593886254038,0.10611125364254377,0.12682575413000105,-0.022387479231850294,0.2388385908023115,0.08800527405074626,0.11638108990808595
2457,-1.3094467130806609,0.06654463155406555,0.19468137861874316,-0.021274735160960907,-0.16762515928859906,-0.02380120947556723,0.08928759542135434,0.027002988177276397,-0.06512727538073508
2458,-1.3639583203635355,0.216273989672131,0.24850357954357466,-0.0388909943015266,-0.2095449052593844,-0.053048311964432215,0.03974067552024117,0.041272982834959664,-0.02652432847634769
2459,-1.3181324486059027,0.09475646774498009,0.19987751004477405,0.009459585062063498,-0.1340288424010912,-0.07770689154666817,0.09437904020445732,0.06324451932318274,-0.06125903866450308
2460,-0.9494577762079486,0.8417023830236724,-0.14413277830962953,0.011909689444501896,0.04590107710001458,-0.20097252312020022,-0.20857341274894692,-0.16873845312338154,0.04977109201648984
2461,-0.7154740073304171,0.4181761690827638,-0.2515972021139764,0.33311703874655874,0.20161469488939582,-0.11304475655629694,0.14532760161831934,-0.23797191199338502,0.05636845538617879
2462,-0.3961990249849193,0.8896835356903912,-0.4730255094359054,0.13211296094261027,0.12924739531270948,-0.059451042069771434,0.05629062983661118,-0.2843684377157856,0.12159858074388634
2463,0.33145964309466325,0.8013611726767483,0.26935960042417956,-0.008677901438457957,0.24306268221150096,-0.09136564105697328,-0.012012152569338626,-0.18869505655187463,-0.022222541750879326
2464,0.40438683484179966,0.8922775358950518,1.1989531736651104,-0.06267181422897251,0.07477460140246668,-0.15004342484691605,0.05451912644084305,-0.024952566039454532,0.14130401466827716
2465,-1.4388070406490039,0.286197477728751,0.35468854249580123,0.49490283693603326,0.1354860556921464,0.6515615029771262,-0.3312125281342297,0.18968599915700887,0.08415509529751572
2466,-1.0073103079475054,0.5545996219540723,-0.08134040955391955,0.2362184777487638,0.3704592557786233,0.4292388248358959,-0.24944240767409784,-0.07286619552661004,0.06445037706965268
2467,-1.388068917922756,0.2557890336591761,0.2800441322463671,-0.005369614184626215,-0.16982736834553794,-0.0383432895591829,0.04103775537365483,-0.08547326157560566,0.21827723083546283
2468,-1.4781119369478155,0.48345213616617155,0.3523033116434755,0.045292740573925586,-0.19438898483791942,-0.1203800235686177,0.007531185084125027,0.03666214706310777,0.178192762955556
2469,0.3873007473647603,1.4042340885166107,0.12318998197004673,0.15322180108958752,0.2381977358937459,-0.10405561810031355,0.0962065102609944,-0.020648917911932945,0.3103922960715708
2470,0.1351279778456716,0.8837640390655763,1.1891847187284819,0.03798772142693476,0.06049315505186631,-0.07044446766265818,0.16856791891942063,-0.17052493884848816,0.16569043055098337
2471,-0.33332880158194805,1.1890294143507383,0.03160909875260578,0.05631250969422103,0.31183619831356,-0.3959630709272386,-0.4018217964072834,-0.04973240784835052,0.45940027581111775
2472,-0.13562382359991976,-1.0175778801928288,-0.06083800141166135,0.10763149960300554,0.7306569853512802,-0.5359628169194354,0.1562580418301574,0.4141306119044237,0.2376084048804048
2473,-0.3665658129995789,-0.3485863345502989,-0.6753818938898574,-0.3965099162033696,-0.12558672674440327,-0.005252579597935433,-0.2534122969617335,-0.15004280999447375,-0.02725284547710927
2474,-0.20611335235489367,-0.7778716011595426,-0.7644956720963703,0.7618205466616641,0.043869045471762645,-0.40316796521078874,-0.21720420775843174,-0.046730234257761905,-0.15985466902430306
2475,-0.30895239377109407,-0.3552871151050328,-0.6975127452798836,-0.24898049977179215,-0.10592714758188328,-0.11633105010332878,-0.23783497423877967,-0.04016349286624746,-0.05658064333039686
2476,-0.35177259637985525,-0.315460679337538,-0.6543384593716611,-0.39877780690895753,-0.17026251051815947,-0.04753768314192547,-0.24931449952536944,-0.04428075664949721,-0.02532969219928326
2477,-0.5410556957698177,-1.0825097735624096,-0.510601929196576,0.1483927581387831,0.5556919121652415,-0.11425646587307989,0.4941353570554423,-0.043511430502926225,0.00686179145757261
2478,-0.36126759545021875,-0.254317633053545,-0.6903627460998771,-0.39052146245775643,-0.10607637117116621,0.03191547984063933,-0.37652827027651653,0.07724150666598616,-0.0671347978803751
2479,-0.26863126658083014,-0.28132406180456615,-0.7063099038380145,-0.3735341307119906,-0.14592239446007518,0.01124186092190404,-0.18732998534623851,-0.11372607203271204,-0.003628264490274624
2480,0.0848097752755377,-0.25344097359427004,-0.5490041808687525,-0.3662902121498023,0.11793110260389285,-0.1544622984890057,-0.4022326200782305,-0.0651636136084367,0.06085710144624859
2481,-0.2787574132869098,-1.1693152703333014,-0.08724176658779763,0.11563292261357633,0.6783358184814817,-0.1881159134711931,0.44591353635836306,0.029134906716742192,0.14542446501758918
2482,-0.016838097626914295,-0.6572636211870478,0.1209830418648216,-0.26756842000047487,0.12662458075516575,-0.14625821323946392,0.03651663656854204,0.19898378429065927,0.1146833079716246
2483,0.41716107749138975,-0.23394481535551662,-0.6207391188334732,0.0394682676945569,0.2919342260318645,-0.31255397178066074,-0.17946575503216933,0.11969451993164053,0.02218074680994841
2484,-0.13955354065443704,-0.562421568245007,0.11788611255865178,-0.4208574779592587,-0.2404045653219098,0.03805655954486396,-0.049562427811218786,0.06186652757839361,0.08924493336329982
2485,0.22628580053808472,-0.3127158554652554,-0.1482504492176871,-0.39779803884042114,-0.022508282444245402,-0.016930972043093136,-0.17864369034149355,-0.03692196442326152,0.058835369366050175
2486,0.25748056237710043,-0.8302538275361137,0.202650025578353,0.18442763984863142,0.21782717757655903,-0.2571404259088317,0.009266853914138826,0.09465546098133756,0.15571542645695297
2487,0.2821542532078945,-0.4657699036137961,0.3132815646575887,-0.43643839017677,-0.1139652637950261,-0.017986817994438936,-0.11526480853724233,0.044076664298170046,0.18662610512273395
2488,0.675201628333626,-0.5174990502719449,-0.11445115117349816,0.6231459880099651,-0.0038305441700268324,-0.40819723835509875,-0.3368138825037214,0.0656982366479641,-0.00649244129270543
2489,0.21079365151866347,-0.20095385730850995,-0.8979275340198509,0.1010121228368233,-0.10253000398049923,0.12013917211357028,0.19720747143926787,-0.16764479732476892,0.08254110772088286
2490,0.3479986457275619,-0.8735709978160692,0.3234809990673652,0.14210720811514238,0.7670041641759147,0.35316233677320313,0.13073970944395927,0.20129218049718622,0.06102613491031558
2491,0.8701412478010727,0.09636639707434008,-0.10644547711703135,-0.39083388183805545,0.0010520744047557496,-0.16044556879712107,-0.2229073269546499,0.18347378239251425,-0.04329139649190048
2492,0.7087590987140021,-0.6934246389212904,0.4364717562005352,0.5414301910950612,-0.2799274575764529,-0.22426232698560927,-0.2278498979308948,-0.039279196311188036,0.08926321303698272
2493,0.4967518793180287,-0.5206955521122932,0.41201799561690966,-0.23876019199106494,-0.08148471276382982,-0.011680450991247994,0.060345720889718624,-0.019184690920297426,0.11394721948146619
2494,1.0082302195424375,0.1257662596805824,-0.3275736525680359,-0.1762119659846034,0.02397986953693021,0.015454086018538676,0.02711656898275372,0.07138195381313055,-0.023834100522738447
2495,0.6899344354050831,-0.7063585084729889,0.48864230417116983,0.47334403285921123,-0.32828391755530284,-0.08003043149602673,-0.060007367836385384,-0.17552171904018435,-0.02376039322753109
2496,0.5728442205076151,-0.3338782441973704,0.10107072414832896,-0.2664964935286716,0.04917828745587383,0.046429302862127785,0.12038068825086247,-0.1185480556012898,-0.06441510450701701
2497,1.0008167395145209,-0.5487443220226287,0.6181859353154134,0.47297181532262644,-0.3859148591075211,-0.17687157341932438,-0.26374112424978347,-0.09703922946273279,0.04482255015159652
2498,0.6407168258544368,0.37035649674969445,-1.0817607712623498,-0.1897849174283139,-0.2935758029453508,0.2988980655255918,0.37356386939234604,0.0341879111729053,0.181025426397868
2499,1.1371666197765828,0.3580895148868061,-0.47016286190607054,-0.2503135836581418,-0.10690976901449809,0.13045269130455833,0.21479900142926134,0.13177819892457904,-0.006661370429525384
2500,0.9846871632976074,-0.5562435724962909,0.6251188815133413,0.37938979510998205,-0.34717359160129774,-0.04892751290280989,-0.016285946876418874,-0.19354738900616744,-0.015652735007529037
2501,1.133635578591255,0.18327867251477487,-0.20979491545269674,-0.249468581821727,-0.0033394703014669198,0.03946599248899521,0.13657687195794938,0.1144106745625406,-0.02601869189634764
2502,1.2398822765029134,0.517291594318342,-0.4998342535442046,-0.18511517523420534,-0.29279355801643586,0.03280244969768545,0.07378242796571641,0.42947774782811354,0.08171561101830047
2503,1.2663281768267114,0.17122996797062315,-0.5842920231818495,0.5930641021502973,-0.42357775282216437,-0.00650299596070206,0.03675485429245425,0.16672033871698602,0.12077363315922975
2504,0.7614713079716044,-0.4228320648984405,0.6239373429800227,-0.366115398563839,-0.07492293924875457,0.1548686802912827,0.18967718422493932,-0.18001678592787032,0.004472055236763673
2505,1.0708646237176074,-0.3206054217194255,0.29436998658966,0.2698346067070541,-0.18844299865048267,-0.06132809693485621,-0.04836124153983015,-0.21984614001156955,-0.17366649475732227
2506,1.0644835773192387,0.20586431678195044,-0.30379864740964113,-0.2525501065507088,0.05369168452531641,0.009377260884222562,0.12418804803338522,0.15785450371615795,-0.04501462235449177
2507,0.9011986461307545,-0.5710088688293548,0.6272804927006629,0.3060925399096662,-0.32270483143194184,-0.045995449683904614,-0.03318224155067774,-0.16206969981232827,-0.035692741936561224
2508,1.2048352127773299,0.17798895755798455,-0.03882956387119158,-0.3041588715442221,0.007301403901518487,0.03628200413152663,0.08032893946786043,0.06649278061267926,-0.14784026111553095
2509,0.8697456260682386,-0.2683434382920492,0.6738853360236198,-0.47103084983324073,-0.13878937074071387,0.07148475841627012,0.029415954388824498,-0.038327541652672006,0.053583554084876917
2510,1.0102192846691687,-0.5306273386792392,0.6520079297421623,0.4159878857806913,-0.38973005415349876,-0.12450198094314747,-0.15552243807655441,-0.10256678026703772,-0.015501616151542198
2511,1.1461629870691132,-0.3157772839299207,0.37149363392650186,0.3671210462927541,-0.2651482124908253,-0.14496884808571242,-0.1963393472664723,-0.13039217555777421,-0.12844476493005638
2512,1.1697352782497503,0.09982050501505363,-0.5537743364647193,0.6092666072719828,-0.4498310097462679,-0.005715256090129246,0.09962284264676084,0.220605398953461,0.11102392751152988
2513,0.6514120435796096,-0.611823101229526,0.5574781183396855,0.0015768194116808911,-0.013716807049552885,0.411284574512152,0.10113818643663618,-0.20396266632499485,-0.006333613202000172
2514,0.814235905903971,-0.6681585163313006,0.5840088470996931,0.6150697313063099,-0.26782506122483174,0.3564599365587669,-0.28318600331304333,-0.09997617446982657,-0.031955304621139616
2515,1.1713795969409142,0.11562785334320907,0.22274889518500993,-0.4454593356719841,0.0035799255275434892,-0.046694379777651236,-0.14673225863017958,0.025789596643315923,-0.10748842974885572
2516,0.994932782077914,-0.581643437047237,0.6403966043125522,0.49117702031102656,-0.412969044723746,-0.07241857869798293,-0.11856054899873364,-0.20730757199839775,-0.025422973867996877
2517,0.8318117298335619,-0.3019838639725265,0.6752274004885334,-0.4781355959121024,-0.12877458509525097,0.10098444383622578,0.032683273111232106,-0.07911077571000633,0.054219173446590455
2518,1.5172635330053126,0.12870590701130466,-0.14318967512353079,0.6145333413575632,-0.4700080549155383,-0.03914724981078815,0.04973222666596332,0.2435724897046646,-0.05429208962096169
2519,0.4709780032794627,0.16871231994704414,-0.9911953748635078,-0.12310123497006252,-0.2913223327768334,0.3472355342131213,0.49075493038892176,0.04189265933702903,0.17622559422077194
2520,-1.0047818614750677,-0.8040793600531831,-0.11041416777723954,0.19950956172523834,0.3594927539965795,-0.14903371977142277,0.4679658268181985,0.05271973977727047,-0.07875506987841586
2521,-1.2419907768709701,-0.1923143024516298,0.10678378248493882,0.005704856813205056,0.04774491131871234,-0.0547043327074659,0.21104421776294607,0.07519513107842724,-0.17467271696937042
2522,-1.1711173130385286,-0.25971380897826235,0.08874441067436535,0.0686718779809927,-0.14303174237342223,0.0023519899012149803,0.15931445145726097,-0.06383117509658819,-0.18763611024495686
2523,-1.0934440837891068,-0.3463776340762621,0.009479575017876165,-0.1949385612719319,-0.24467260626839168,0.06405364014753295,0.06515258455526955,0.016701800406709363,-0.12425700353829712
2524,-1.050336799560761,-0.42161049340179496,-0.024183176128459574,-0.22731513532854536,-0.2581399959406163,0.07710079428621562,0.05458995054999781,-0.006201031209867159,-0.06051050908124032
2525,-1.0663952446418041,-0.41898009395851027,-0.011724056545837799,-0.1973076117799262,-0.22536837508560018,0.08910108058901499,0.08212024946927422,-0.03771383892895811,-0.07980043316438104
2526,0.010157340809872885,0.4285818871031042,-0.39760547618983766,-0.18307662913066014,0.21784693654244927,-0.24456613019940357,-0.372006627120707,-0.003701318334283388,-0.09242976413016867
2527,0.5439454249813604,0.6138755594100272,-0.1260410313977722,0.2345693155804935,0.05139070493889179,-0.44236990649317426,-0.5045235061949808,0.1781766456126759,-0.1955432315354756
2528,-0.20423817010853856,0.4243008630267047,-0.17559237826620286,-0.14363312408895323,0.032226653611438,-0.10316854243157776,-0.11904145876799657,0.03720926446039801,-0.0958086410112362
2529,-1.2028740384400167,-0.12782782901055761,0.10346724784201505,-0.10417382027972096,-0.1667398897988236,0.2722279253651627,-0.09064609156397718,0.2168932615623519,-0.26425006936676504
2530,-1.311326536298676,0.06298487183594959,0.19803972020941513,-0.023149525383090123,-0.1652253523513501,-0.022021439900020645,0.09778264967349166,0.0036820931859967293,-0.08540676078584208
2531,-1.126644892287978,-0.2302636719776851,0.04227881395505949,-0.20732371372461125,-0.2832565924188138,0.02501255363886766,0.015508585593670436,0.051809491399478436,-0.026711971887938835
2532,-0.23200509963828292,0.10522953699475698,0.5666052698518097,0.06379047758653969,-0.008380916750747222,-0.14254962533013607,-0.05708366169702862,0.00033524369898941647,-0.026884176857216828
2533,0.02848916014478982,0.9817355682513583,-0.6896581734290882,0.017746358263465968,-0.07613834984069653,0.09942466700738464,0.22059332957253835,-0.02742243444565165,-0.0833997993129285
2534,0.34499378137769804,0.3165370080968987,0.9368810103998699,-0.10622706170259832,0.038059482349293405,-0.0024273613727897373,0.16601682321833786,-0.07940704243616437,-0.15030472144980814
2535,0.42064804871699485,0.5356883823013088,0.44511247324987296,0.09987648945121591,0.042772393507319276,0.07888382202538188,0.009657501916464143,-0.05903548803433973,-0.29360968211293675
2536,-1.3890603111115936,0.11030658319996367,0.2284826079794608,0.12664753218816682,0.11965044995244115,-0.16109565305403137,0.2136424346244336,0.12180318570010795,-0.06035363274389502
2537,-1.235078593256027,-0.048594107772318124,0.13433980762174663,-0.12709112964786945,-0.23346833089466923,0.010351513283628771,0.04162259709569784,0.028951531864372413,-0.05308829225866861
2538,0.9976698805871166,1.0672924728823412,0.20173975811197958,-0.025633904805670012,0.13826362659507485,-0.02658480582077287,0.17827441811655007,0.10006747540228539,-0.0754405658986292
2539,0.8601902544437553,1.2514766335519103,0.39621116569590353,0.019650706022954278,0.166644849569469,-0.1753270905374226,-0.04122314413932779,0.017100355486539705,-0.2005205212382291
2540,-1.2754441216368222,-0.10868576742711135,0.18337225253078754,0.09601937341990217,0.11933541569586224,0.7169447341420125,-0.20576110822542612,0.11052268882899047,-0.04391458739230654
2541,-1.3284770832532264,0.16162026651274722,0.21465693831160032,-0.06701147112044771,-0.22970570955496217,-0.04637030786826007,0.02464898262076413,0.06387024507627152,-0.014649696921642686
2542,-1.3129124268966708,0.10396834284366015,0.20413648398219406,-0.040994405285141554,-0.19780068820473357,-0.031265673998807926,0.057925068634398516,0.013475547439573908,-0.034920125347811914
2543,-1.2845750311203457,-0.1943077999858932,0.1606344757752988,0.21617790834440678,0.3793245132087462,0.7670067448037451,-0.16994236335168417,0.27470905506421256,-0.11051508409793757
2544,-1.2626844671056539,0.0431455537494382,0.16540530284175542,-0.11462354485421736,-0.2412882537427776,-0.020752005533736764,0.010316197177005933,-0.005760434013192139,0.14858821169608827
2545,-1.3998391759580677,0.28509449809149834,0.2769544026604478,0.02615049212130379,-0.17826621774578966,-0.0848920390901943,0.059762789023441815,0.04094725553414519,-0.00017009712051586082
2546,-1.3045014045532937,0.15455744670064112,0.19171247363013116,-0.11537595292081833,-0.2846498190783808,-0.06444467781093796,-0.014492156389222056,0.15269322961410128,-0.06832005651302446
2547,-0.8366407204786052,0.4155647539679778,0.4950517972612153,-0.04240323141296687,0.05590013075702032,-0.2569287748963681,-0.20901054009751308,0.1273317584146941,0.2606943150967247
2548,-1.3240216301598453,0.15541851376401547,0.21034740326224893,-0.05831980464301871,-0.2256813286301372,-0.05293765124641385,0.026254971026856783,0.07632997301831669,0.0014978774146148575
2549,-1.3588372558439568,0.26989222075167585,0.23964731284580953,-0.07267725185862142,-0.2713942409999937,-0.09540913343363909,-0.01710337395292392,0.15767195759453065,-0.018500742927666233
2550,-1.3635197072906375,0.2622209176920495,0.2430435410037254,-0.07130359216779045,-0.2616263199663823,-0.08121477339993996,-0.006436643254057633,0.14659153565781302,-0.05489027180809104
2551,-1.4344424891848462,0.4005290592865033,0.3199834114897841,0.09792489215540352,-0.23755189236097055,-0.1325349573307857,-0.0021649704939775308,0.059792502468221695,0.05804384737645304
2552,-1.3351571329852525,0.05463917976180594,0.23342300661268103,0.28886669308305224,-0.04074702159249404,-0.1075649244279152,0.14461753389897417,-0.09078685479034236,0.06220206303649836
2553,-0.6649613941941471,0.7694013252652837,-0.3486949548585241,0.019560598436524548,0.12900406493241834,-0.14393664969129363,-0.15095904973133636,-0.2585999153669951,0.01249615326594927
2554,0.34261309299999493,0.6512963410622034,0.5211863016678148,0.14828015580314916,0.48154914393859666,0.707206472429045,-0.1888236827239492,-0.15526405418023673,-0.10028885561651367
2555,0.2937749851114893,1.2522957625929545,0.11303131090689934,0.1213370722496238,0.3125442641624298,-0.23140876786489942,-0.05144832874088574,0.013723415934124732,0.24634235666464613
2556,-1.4549647711004134,0.4313433036677081,0.3407597530953035,0.11861892323032874,-0.21610898400595183,-0.11885032302674256,0.0001338176034292163,0.007584410403771258,0.13402734872537547
2557,-0.9719908255846802,0.6911187302052122,-0.09722208764698509,0.06685187700336571,0.036749397700774504,-0.1360031327902969,-0.09978336937381024,-0.23097328692474675,0.154312352834646
2558,-1.054629949017069,0.7689410812519661,-0.04461212585810476,0.20176312216076522,0.060525112240090974,-0.1921775595046348,-0.133260381655335,-0.24562477775363317,0.1866817062862359
2559,0.3656995400774483,1.381912578521925,0.200411207254015,0.2649145079681855,0.23773322846709533,-0.20452042358099667,0.015658662167526503,0.01940044156826916,0.3020483852202657
2560,0.7421125225429789,1.679853111785687,0.39228793604629786,0.17824327713146493,0.16379674888047735,-0.08006392212306518,0.22246086069116558,0.11665866736364874,0.25824725217324745
2561,-0.4271756479811796,-0.40951323325155525,-0.5993469210104906,-0.401527490393525,-0.16714253183659666,0.028721845754391042,-0.2003939533147885,-0.1268703288926134,-0.008572408149962055
2562,-0.43294625970102757,-0.8370716323071836,-0.6361264403301669,0.04601082203850037,0.476219335568155,-0.19253768851288083,0.2712007152404717,-0.019926896905305577,-0.035962392391997784
2563,-0.2911540780487173,-0.6471158657565041,-0.7903540001462791,-0.04403718024007602,0.5675322782549853,-0.2047426518232477,0.11382656163059525,-0.1074802952426704,-0.05502690289359048
2564,-0.11890438033078873,-1.041283815690567,-0.026961037910522612,0.08758069229572717,0.7158763792859274,-0.403925215205019,0.27565148184421867,0.27601117106164635,0.20343050645913896
2565,-0.04227511038274903,-0.4007440291137293,-0.9463863509360503,-0.01256319589986664,0.46475894442201654,-0.1966254598889855,0.10650345230288534,-0.1236207650274703,-0.05618800055679344
2566,-0.09459919352936419,-0.1743871287251504,-0.8238362977100009,-0.3364080113382203,-0.0867102791136331,0.032547135131573084,-0.15649576901544762,-0.17667640301060125,0.00998376480137384
2567,0.029453396773525327,-0.08653298324216564,-0.8667015451014617,-0.27400035932545874,0.033833841510444496,0.3058563391100503,-0.2642759623441188,-0.11501288096667646,0.03869514743159269
2568,-0.02175557190427872,-0.16006750603098516,-0.8420442289622793,-0.26573476501855436,-0.09209267928873245,0.029270927854203394,-0.04862732693852041,-0.11970541642516842,0.027961927542124485
2569,0.20583350685159396,-0.7433661217225899,0.19393099021375645,-0.015082673923223827,0.24968605310562056,-0.2752585648590469,0.05546586865522394,0.21717429314870892,0.14098979714230192
2570,0.27070076701064344,-0.9266834670170869,0.19742434384550692,0.00332258133441345,0.6493182157408203,-0.23667385642297836,0.2549527747435295,0.06265907285050368,0.235681359826387
2571,0.35303507710681364,-0.7781561580647169,0.263679634572752,0.19735195025235203,0.12123173013465975,-0.23331044375559265,-0.011381272359962316,0.07764337816887339,0.12616633046924833
2572,0.410276572400152,0.0879411674237285,-0.6383222956574245,-0.35738711347242175,-0.10736720710983902,-0.05312071980397081,-0.1780095749222663,0.22706453175517813,0.1494814091630351
2573,0.2363693529580776,-0.9497593516564382,0.18534910016778436,0.47750757701307195,0.014922129057026574,-0.13268799942075868,0.053184904486556085,-0.15533674707503892,0.10198762006210874
2574,0.19761017045274337,-0.3144315913653833,-0.9143497194494727,0.3898059916414245,-0.06468739836313114,-0.07895900636033185,0.11419072599958309,-0.05729432983280789,0.01004857170768331
2575,0.46488622949860026,-0.1591970517987348,-1.0675436900236845,0.5705859419914413,-0.048198346428197425,-0.12975848646418572,0.025111466333366313,-0.14582147429827663,0.0027264280157348964
2576,0.3436993723176391,-0.18183847153109903,-0.9699142587217187,0.4196928648156994,-0.3024710411569622,0.02767044639489032,0.017569694091005738,-0.22615352733360786,0.05218665437020663
2577,0.46313058868070545,-0.33837693519057527,0.4066469906999941,-0.47834810454075666,-0.1673162832849315,-0.04689485445588088,-0.14867641494407477,0.1366243036496202,0.17594193769054903
2578,0.5757128007316175,-0.4167665891275679,0.07278052073725952,-0.15269909335834564,0.14869715032836822,-0.025669522020466018,0.05947848189488789,-0.14918710486313477,-0.03887429137667945
2579,0.6065612867557113,0.23318543166344802,-0.7798286896101777,-0.3154773921819007,-0.09209272700190756,0.0022812005932154227,-0.09313268426577825,0.09668453805461674,0.1510080075700198
2580,0.3170130703967337,-0.7163012184824596,0.3561561791354096,-0.015008128340602153,0.44662194665804694,0.6539534072137232,-0.08556777034440131,0.13198726014742138,0.10814264515942525
2581,0.5026369168529686,0.29066324718810804,-1.039822025751702,-0.20164453352986506,-0.26528291987979,0.13990539409432182,0.09611839592317967,-0.03164079814659426,0.12625863378017127
2582,0.9458739703956086,-0.03459139260276975,0.0060229157138465,-0.2410533212797948,0.12060955020742316,0.03250734378132257,-0.26947563312992623,0.02697820463465919,-0.05287794425378691
2583,0.4978156468446575,-0.15378304877359203,-0.974152323183715,0.7296316224984556,-0.5190933957363008,0.11708473962415503,0.1457303047149777,-0.1470197869006671,0.06855156685605773
2584,0.8278118011632231,-0.6337333489256052,0.5416426928295005,0.49452806074587186,-0.34656598365893454,-0.16814795768245067,-0.2333011604881387,-0.0956238968872586,0.03207415879756358
2585,0.6831086629906411,-0.4543874938516722,0.5827373802994135,-0.3650480894607034,-0.05111982958770474,0.11109479110955227,0.11780787518465126,-0.15016885168708072,0.04363821067450686
2586,0.9001371435215479,0.1522999096537061,-0.44210723303339605,-0.09605932214476393,-0.022490679218265742,0.7081848012538795,0.26834650295506013,0.23736197994879646,0.18159133670681812
2587,1.4616656847375222,0.5352475902635011,-0.24216655377243004,-0.32592316944201405,-0.14900586506436933,0.055962825050409185,0.1519627395009201,0.40016466285554886,-0.04169932406683781
2588,1.2295353076216404,0.30991346012608495,-0.37346450549994925,-0.17313843901106007,-0.08700378700385519,0.09560083712285936,0.31244592100228114,0.33326589418242,0.10861519255072197
2589,0.7783215146274941,0.2394966234685705,-0.70814574994235,-0.16197423140094425,-0.2239547619494013,0.20754261010692798,0.3609570983719673,0.2711779072566576,0.2155069925654635
2590,0.8333015756826195,-0.530360428887672,0.5957243488020223,-0.17921554466864237,0.2168220537965914,-0.014353089280923173,0.34478816268641005,-0.058969383667208504,-0.008031036793661364
2591,1.3776062796127755,0.4600081849730298,-0.10462934081011009,-0.4188642402781834,-0.09143524214452474,-0.04728246292499968,-0.06852660790607405,0.26864531431689026,-0.12674994821496174
2592,0.8090194164872293,-0.7115073878432661,0.5808213568271421,-0.03605048642547712,0.4530462121037428,-0.05165715545502099,0.45469122711979465,-0.10794143958055373,-0.009277038487130566
2593,0.8494481600897549,-0.29951684141254914,0.6677417902879245,-0.44094749918601267,-0.11326710061553244,0.04314961721165729,0.015102497290768745,0.014904874313769705,0.04159891244805136
2594,1.3828282148187887,0.4565328724524017,-0.35478456247752244,-0.19058417336733577,-0.15880722890498972,0.08770518749239752,0.21823089099350057,0.274582320327795,-0.04302526353812574
2595,1.1741026869266933,0.04772919377044649,0.22300148954294907,-0.4037229043470269,0.06115805116131735,-0.006810972197081817,-0.07858539557440726,-0.06047583592262115,-0.09506241226026951
2596,0.7885541588572141,-0.7349872491570068,0.5616672352881439,0.1673984482189213,0.3639427868443139,-0.11587872099801755,0.39183263236128596,-0.03570433690736064,-0.0807547899350688
2597,0.8632087224831958,-0.5692365580189575,0.6286571650190946,0.055005139536950576,-0.1281483302727708,0.04520105829029035,0.11498470097229765,-0.24439442323177601,0.0033276108788596217
2598,0.7215964788054001,-0.7561890308097464,0.5633086109647094,0.7103641329403746,-0.1405135008814675,0.692100839180548,-0.33365500229862055,-0.1354535595165047,-0.040588958628984775
2599,0.44000066865792986,-0.12736435119622558,-0.8747204250871411,0.2866973836369405,-0.3770477799808664,0.3658874871535737,0.5986770700285253,-0.09960396146784287,0.20266298967074478
2600,0.9250031174620428,-0.6336325564080098,0.6316885345278274,0.5051306158423114,-0.4068123603791311,-0.05149240132446646,-0.10255730975748269,-0.23790268590518712,-0.04836415390089702
2601,0.8484989596596805,-0.19827062872046444,0.6745643525236881,-0.5031064580960734,-0.21091629707360582,0.0056088806665570996,-0.04772867241338948,0.10668329390991992,0.018794335934825143
2602,-1.0388270889857631,-0.6972471548151259,-0.04630056392198247,0.3276744795667569,0.20488912611274576,-0.11510173967058374,0.3832644252546086,-0.04943789426904589,-0.16405243316416537
2603,-1.0955509246504271,-0.3476185994817978,0.0120253675228101,-0.16508867173682168,-0.22781040474100028,0.045747879843990626,0.0839291809283672,0.02352990520092635,-0.13570318331581685
2604,-1.151976967472159,-0.19839435661773694,0.05685781508774963,-0.18961656126258392,-0.27915183354254014,0.017172085601142275,0.03479823589963793,0.11626669694680583,-0.2141383019282205
2605,-1.203238998704809,-0.06849518850966514,0.0987612729125072,-0.1886150249236713,-0.31119533116673953,-0.021588259650230143,0.006239078407739099,0.2004841986448948,-0.2913452133481269
2606,-0.587552694370264,0.13876843951112855,-0.44138779755446933,-0.17678771743941965,0.006741920892585726,-0.05927793232380421,-0.1546182487725815,-0.182418369185999,-0.1757186873954114
2607,-0.6349968146614212,0.058634040301639184,-0.4321410567983754,-0.10163822948975591,-0.04641264627046843,-0.07272799529486675,-0.1783175059003757,-0.16871083873138612,-0.18886190603878622
2608,0.21958287168000826,0.10739575002168295,-0.8070786822190352,0.8000136773810255,-0.3411616419440407,-0.04307727156275602,-0.04264646415249381,-0.2814300217571502,-0.012455762304943658
2609,0.5863591206718711,0.9155818777242768,-0.1564674884129064,-0.0942687368452898,-0.022568150092865655,0.04367643088986183,0.1798577174191582,0.16661583419482048,-0.310748265125399
2610,0.5496449733899397,-0.03328496254513355,0.7961425732976865,-0.32615052626334884,-0.08426384820668364,0.12020066918595133,0.14788882909621653,-0.16293095543397484,-0.03132068449451897
2611,0.2738187233277054,0.614144529673549,-0.8323074781466934,0.04185839691420703,-0.16124844808499328,0.31267231204398505,0.512256294434332,-0.05816354441425229,0.05735783016308911
2612,-1.052502419000817,-0.6498684719141248,0.036827371616968974,1.2070898328643598,0.1435406246447435,-0.07830845026168136,0.06691140571770186,0.042268143019588596,-0.1531715893852998
2613,-0.010569111143579208,0.6157536281277751,-0.7100195067187626,0.37821489878225467,0.18275303855148034,0.4323326433587764,0.04610729948260573,-0.00044638379526261836,-0.20311550657470615
2614,-1.1968211052336037,-0.29767143834519544,0.09611967535514924,0.08278740501116408,0.17682456756796025,0.6871760466473822,-0.15917267167125193,0.23619813062306522,-0.2002234287056793
2615,-1.1342225552930005,-0.260403059088565,0.04840186672713658,-0.13460324489398975,-0.21780954166165084,0.027703156055062052,0.07583152126182684,-0.0008123546262659184,-0.04773483019010657
2616,-1.0985765090569937,-0.3503679185845776,0.019882433379492248,-0.17452100270733925,-0.21277453435482063,0.07975515444737181,0.07611491323150664,-0.07535062845684694,0.024733377118510556
2617,-1.148314872557474,-0.24635904630258898,0.05962158501815256,-0.14725767539667342,-0.2151464655034832,0.05066911900927348,0.07382078355262399,-0.022441626197678605,-0.052047650522720736
2618,-1.2148213146450206,-0.18227428555800063,0.1130086371340508,-0.0666468887451463,-0.13998302616568264,0.061477945171822444,0.1375862865611395,-0.06478582683879801,-0.13400754471009363
2619,-1.2837317835567903,0.0681506907981882,0.19268590853696266,0.09517514572062459,-0.2796687660086317,-0.07660216045516963,0.017550326757236823,0.07201342607276581,-0.19706449520974528
2620,-0.8842264164158423,0.23612531203460088,-0.20250901270710703,-0.08504541718397121,0.06984131590343526,-0.020073549810326705,-0.03783821348440139,-0.2312137136396909,-0.06731352776037769
2621,-0.7172053239503846,0.38502012707959393,-0.38450413992405624,0.02153266263399852,0.046302071653793936,-0.15424349354416894,-0.21197793367197304,-0.20822774089971646,-0.19812178384460027
2622,-0.32565173839165684,0.3667072276236278,-0.11867833674526558,-0.0925349837948126,0.10166812947734641,-0.21627550385760388,-0.18877058447250825,0.08248283400144892,-0.0950509823062907
2623,0.3910359745580115,1.1070963213110778,-0.30922908047838604,-0.03955779341459933,0.0783740979713401,-0.13900280316730718,-0.027880617181830096,0.19834341343646802,0.10419459689207236
2624,-1.2800168000803198,0.07722741452160213,0.16857336196804554,-0.10353884567040722,-0.2611137874059789,-0.04990094344799608,0.019987848367493764,0.14028813933473705,-0.13916594354303308
2625,-1.3520678083717719,0.2620750891671409,0.23230361281316497,-0.09162199352498025,-0.2917166037422885,-0.10365168538774155,-0.01992372384121149,0.19546836357620484,-0.11151459197076218
2626,-0.8940273632250728,0.0648503220440019,-0.16101815822303678,0.5452874320410668,0.1227064636288654,-0.3348268583215954,0.013598093840704229,0.09406413580869205,-0.23555915596901914
2627,0.3306015628401131,1.0513553084762122,0.1442409653476708,0.10491705044849696,0.19445410943258426,-0.2091733825370713,-0.08164216068691307,-0.017837638513703753,-0.05844588993333486
2628,0.5444225145511381,0.7985815034740543,0.7298200061913941,-0.05679402289718734,0.17418109377836608,-0.11720588531227842,0.03953315192669532,-0.09168704751376172,-0.2550585150429083
2629,0.6991552815922543,0.8658576518378354,0.663071081692906,-0.16529364838867774,0.08292778405270536,-0.10057218613298836,-0.002173151391253092,0.018551482597026422,-0.19625386005487427
2630,-1.2745033348962955,-0.04964541005193624,0.17194988759960456,0.02020000748339604,-0.07895180166560826,0.14232443349261886,0.06320118666652942,-0.02238114796875184,-0.04454982747592346
2631,-0.6435636737329964,0.6422019596892448,-0.35374128492320756,0.08396409411663498,0.2494234128824459,-0.12838974454242083,0.028379286363984287,-0.21454834031820824,0.03576788975773142
2632,0.19479965373316363,0.3177850319298916,0.9819657545839072,0.1223764159014043,0.40500247026552916,0.8224628522905099,-0.2237841330944738,0.03885220253176476,0.056392647123080945
2633,-1.4227320495683162,0.3642852090130293,0.3006853500627178,-0.023902320644241984,-0.22188338677258163,-0.08406343512809691,0.005159713903030193,0.047035559184113354,0.09086484669903956
2634,0.09375052373973206,1.047158587818332,0.4379503891473297,0.11496815947790544,0.2801152269702494,0.03035088329022581,-0.011326379004677055,-0.17719265524922004,0.026301397304939224
2635,-1.4565962387888918,0.44289128795297156,0.3285653540368694,0.0058774601149185,-0.21894527518379195,-0.10924137671376064,-0.0004511379216568155,0.07326600826867016,0.09815997353432064
2636,-1.418491320062273,0.28699539677697916,0.29805033781053214,0.10939432513925218,-0.10625275369034659,-0.08474851044278398,0.10831631843008557,-0.05090157908932808,0.10255171422697433
2637,-0.8225826237499814,0.9994275319875665,-0.24566326005493802,0.15580139240845015,0.08055731557921979,-0.2326111726636105,-0.23358784973506666,-0.231515194493819,0.14155274178447075
2638,0.43931681136765527,1.4092127498281273,0.16926824595831214,0.22762180271426333,0.18248089622319763,-0.005375380394315398,0.2816578697851555,9.864328149687342e-05,0.33556064614770054
2639,-0.22302767713340702,-0.22628264798000133,-0.8130056562938369,-0.4019799716873488,-0.03912174263628708,-0.049590125310923515,-0.34069793057474484,-0.2276390966050335,-0.03603003087585426
2640,-0.2470053572341895,-0.5007884258700043,-0.8857898073448466,-0.11638621914793959,0.5135073688035983,-0.21940612696783088,-0.05179810352949698,-0.12657564378072145,-0.09747468467232903
2641,-0.22435225917585286,-0.2874901343000683,-0.8538962025108624,-0.3576417557633424,0.04660033149649626,-0.01742333932754226,-0.3161165152915541,-0.3315431720343352,-0.03908764880910342
2642,-0.39878147344364245,-0.6813336717779619,-0.03782966402776633,-0.4083820149949852,-0.17658462370886333,-0.014791683023302322,-0.16237232396375237,0.08299839459285782,0.19688324160840345
2643,-0.36014388107748513,-0.7152563898609434,-0.7192475253289033,0.08573794896931848,0.6209304242410948,0.016926266503128024,0.054082794217388666,0.062014627758533294,-0.07566543160082956
2644,-0.016165584762269224,-0.41144962496990545,0.11009830261601476,-0.4930389921465244,-0.19770206756984468,-0.2553600646992826,-0.4016377595981204,0.3995313146199906,0.2873921538394365
2645,-0.12948909616636547,-0.24258377586210336,-0.8741205481794497,-0.27522718878045294,0.02291240374329414,-0.0638881517176747,-0.21348032228471442,-0.2180168173581559,-0.03078580764220856
2646,-0.1677534692735639,-0.5684703163269043,0.08777649469924037,-0.3668118324465678,-0.2658976718466495,-0.05423479173810426,-0.16174532094783495,0.11907265374243847,0.14139536260288066
2647,0.03919644085152012,-0.49054870874620804,0.09573483716281343,-0.40896406907861305,-0.1252295439349101,-0.15178110022750452,-0.22338181354472805,0.23244534202341893,0.30022363963640414
2648,0.07695214135244716,-1.0094448076103724,0.04921323907592418,0.7836645595056708,0.0758015781603612,-0.12102247710372059,-0.2719442972334646,0.21757565794030648,0.1293033812220419
2649,0.002825106598790705,-0.8008753104184413,0.11320787914719595,-0.148922576672977,0.26569623242324636,-0.15194413967690493,0.15289144283710868,0.09072233538095863,0.15457854023942677
2650,0.1373040794920405,-0.5122513044560325,0.20940979823127948,-0.41178502070622486,-0.07993965092140176,-0.130415780121057,-0.22628636486181475,0.17712850146933376,0.2522160175432356
2651,0.09409584782155472,-0.2101150286876305,-1.0115387078340072,-0.11187865591019898,0.2910218800627482,-0.07851906903201646,0.023823022870274557,-0.2020555911305098,-0.01407871678874784
2652,0.08370113606936332,-0.5324807762255499,0.19668970757270088,-0.4190143268294508,-0.12890023796242595,-0.004792969014972407,-0.11833241125756419,0.04895833809594768,0.21137940983562967
2653,0.07791744291386195,-0.4710546524343724,0.21257825327202867,-0.41759061744644477,-0.20993062809529736,-0.06609732313266317,-0.12387311673335952,0.1729036866707938,0.11104616125484322
2654,0.07567455026679533,-0.21646847688915885,-0.9379941263623306,0.0724010271393285,0.4952832942861498,0.6113797684298778,-0.18053609486120392,0.12654731655624415,-0.008840778143709593
2655,0.1488065740356553,-0.02712591930318982,-0.9102419838852635,-0.2729109214094549,-0.12616456557955685,0.1446177949698524,0.04783969398887226,-0.15172366924682235,0.0770587151906093
2656,0.3355091860410659,-0.4344519229973069,0.29169882701122374,-0.4348333892648443,-0.09216051497709238,-0.052831211263752474,-0.14862576371202574,0.08004511004821534,0.2621257739729331
2657,0.846661400816005,0.1862201084410932,-0.4371955387858684,-0.35417343915819605,0.02452542440899623,-0.07050184416679499,-0.1492808201819356,0.1411119665804565,0.041344653131245884
2658,0.5735600345725389,0.10384303630392752,-0.4698896325454328,-0.36587887444923545,-0.09892279868510068,-0.05032697819732343,-0.14555792778061571,0.2569384505043872,0.12586099746515317
2659,0.9658661542643825,-0.2518487909811246,-0.04718151322128602,0.36328058056115925,-0.08017797303643252,-0.23839749098060173,-0.19983417643005597,0.041220116929013825,-0.050898151096603964
2660,0.8185343140426526,0.0021836118873729215,-0.20060911039599683,-0.3281043205703253,0.03415749497849361,0.03734629009442979,-0.038123024112486886,-0.03458275596721132,0.05402907805062638
2661,0.7626510009333249,-0.6176551766525485,0.5024818736666293,0.3830137680261583,-0.36073354419723436,-0.0864059282314319,-0.19818536706873754,-0.16575236563778464,0.08074007899204143
2662,0.805177644650341,0.177095546797361,-0.4689581545741954,-0.28990086002285786,-0.13856013092085037,0.14748970117140545,0.1618001166359473,0.137114425650691,0.11175682183071763
2663,0.5677777916802051,-0.4905768362506799,0.49528971206750994,-0.3273078462181736,-0.07019886258665728,0.10373431351250331,0.1692963654851302,-0.1448038020615729,0.03611441399443277
2664,1.0363524196712268,0.07066920926028866,-0.0529859753932177,-0.34433664548199483,0.09073655006295106,-0.022575873354047656,-0.09798730850915667,-0.06352035381970848,-0.13010570061249094
2665,1.1244669258905207,0.08599105054763488,0.04837216716427351,-0.33337046532455106,0.07059914105525625,-0.07839239031163805,-0.07177142994994178,0.04227371890619036,-0.12268202015871676
2666,0.9607863233590944,-0.043177014731291014,-0.44300371821884443,0.256381052438651,-0.0727017014270433,-0.02092584309564375,0.2346436994813931,0.26422665890778263,0.18992722486181818
2667,0.7386857552056041,-0.5239478524496867,0.6160712819876496,-0.2831722205337201,0.0015210229578997286,0.14825939340202193,0.2569139113095721,-0.253668166454011,0.003945027171911426
2668,1.1905956425485436,0.2681101967495392,-0.3478144298901998,-0.2259221478299218,0.013167798416352058,0.045587004476484096,0.12599476247255695,0.16258636217279004,0.03167497063327189
2669,0.7975791300554147,-0.6416910656104031,0.558016293260202,-0.039093529148328025,0.16531750048874744,0.04563309535370734,0.3369196239777722,-0.23019575100532172,0.03988600263261508
2670,1.447619026758478,0.06295042347443706,0.011475456711002118,0.3715888361185226,-0.25354008203305556,-0.14874112438109563,-0.2209770531192008,-0.029833620773191696,-0.1593162700771782
2671,1.3849449157968106,0.4619011239114366,-0.09651988615117844,-0.41960551823573994,-0.08958099664920574,-0.050263100952989755,-0.07480246306762124,0.26888713843588957,-0.12510234147866858
2672,1.2558374638121252,0.255373808606617,-0.6640770401448021,0.6281781344522854,-0.5384347546161988,-0.03221652938038536,-0.018719375058577938,0.1915304395432085,0.07083321026862999
2673,1.1896783901707002,0.4374074221291018,-0.5820535235937442,-0.22090894119998855,-0.12091177375394069,0.07880066775652235,0.20448450714556987,0.33781621201815304,0.19261373917083194
2674,1.1004728412791274,0.33517619414354893,-0.671510450814122,-0.09139016178872457,-0.11981942505657008,0.12599298726365118,0.25154743967980336,0.1835233132203643,0.19980327347751223
2675,1.4303889493447783,0.484342736681034,-0.23578367860589175,-0.31902420029517214,-0.13558515172949223,0.10361402640479342,0.20065422568334493,0.3416706017150672,-0.028992113501362257
2676,1.292075564296273,-0.23984492328185705,0.33026908468306204,0.4830456642114771,-0.3171862661128503,-0.18690495103834756,-0.268727825467093,-0.14623961462171392,-0.13341248437923917
2677,0.7971277978570172,-0.361585417220087,0.641603990720195,-0.37313404994539096,-0.09543301746686454,0.04435610522072521,0.08446048361133558,-0.015181824043897629,-3.82745323333211e-05
2678,0.8285320503230941,0.2928963803565376,-0.6649033516779211,-0.22737598236465317,-0.23365389918758567,0.17282886696207936,0.26261323810068554,0.37201853746898295,0.3112648497363378
2679,-1.1809001461054487,-0.25342504646447434,0.06452126910043356,-0.08770613993449287,-0.09725031369010975,0.0046090993361961275,0.14597798744180834,0.08631211434211737,-0.2522951149158231
2680,-1.0700063752246394,-0.3872204810514362,-0.007115771748236006,-0.222957434723653,-0.25650565999721425,0.07441827838874203,0.05538204135762845,-0.000591549462239593,-0.08253742602107135
2681,-1.1804662644309483,-0.20384166261974423,0.08117107596693328,-0.15273770290210506,-0.2200983545043032,0.05699690256732529,0.08265250349104043,0.032542912039577265,-0.23311352237711155
2682,-0.6210518975113068,-0.27642643611984796,0.1919588454970322,-0.03548820078194741,0.14776005866299513,-0.21795762423077744,0.0029628533205718114,0.1779450038620198,0.016442707599641185
2683,-0.2060380422749285,0.1391627811666665,-0.3066757334926785,-0.13260486284804654,0.16746510142943588,-0.24796787000031678,-0.2635671295315125,0.02074304896409401,-0.0769032504425414
2684,-0.21036755537758475,0.13799356890014428,0.44545927726620077,-0.24081465827186233,-0.042143562857065504,-0.19411123306553896,-0.18428046568210676,0.2460034374607411,0.04477752231433171
2685,0.11407366803654566,0.03909845032126693,0.5704506136975558,-0.3202042275100616,-0.10327835296890883,-0.09469474245777453,-0.11090007837081674,0.14409964985730275,0.028099223176003538
2686,-1.078637994165506,-0.4062734199765165,0.004423208039138528,-0.13611311438134546,-0.13051120351762915,0.34183365124384313,-0.05599698034361222,0.0631868477027714,-0.07997394238967033
2687,-1.3569502086813376,0.1020460983781049,0.23632915846357144,0.10238746179832327,0.11134337823587837,0.5877480729688569,-0.2453779650621578,0.344932010472169,-0.16983028497304847
2688,-1.218187650462172,-0.13434829222768196,0.11918336344205394,0.12522588418868383,-0.12912477624501645,-0.09882838592165293,0.11275568695884597,0.08257229557701032,-0.16402540635745197
2689,-1.2296807501811136,-0.03980829882701248,0.1273284926978351,-0.10401656403550945,-0.24211239227721087,-0.03652509973973963,0.04767332411774007,0.10177854470789452,-0.11991129005484623
2690,-1.2029051474313246,-0.13593675959628723,0.10420380765427519,-0.11665452464514381,-0.21454738524094283,0.02186476197567195,0.0741424315192798,0.02594629057211534,-0.13427455567085936
2691,-1.220656737541758,-0.10610096942284476,0.13246190144740183,-0.00236121392726658,-0.2169809862832045,0.00212804268272773,0.07140016471276595,-0.027844275750029346,-0.12022947149868177
2692,-1.2586650337507481,-0.10606976262294239,0.1447427565324545,0.3046225234530565,-0.0027369979740047095,-0.19816735255960863,0.1502079288525827,0.13664575138196317,-0.16964967169325
2693,-1.2419630303189777,0.00412218894673799,0.13613342056774788,-0.124773852556592,-0.2690901554714872,-0.040730657877041436,0.021302100908951856,0.13302267837910867,-0.1382490182844414
2694,-1.2219042178266877,-0.06662200624179482,0.12600813110323716,-0.13465793815074067,-0.24043099234063298,0.003911807567980407,0.039421036078122904,0.018411647853861474,-0.034249414897439906
2695,-1.09396353661721,-0.35062242384107417,0.026221895549434788,-0.02835349631263925,0.01865462041507005,0.8051075202016271,-0.36713773737721667,0.3527995025820843,-0.06517445439580602
2696,-0.6662393282203093,0.5323862489573058,-0.3973408308746096,-0.15535534789128716,-0.0060058805783879685,-0.1773664233750231,-0.27626991858795685,-0.08387172478311422,-0.16805019104117006
2697,-0.08765827283939634,1.0331336132549676,0.06614154306685541,-0.04278712304909336,0.14138733784973337,-0.26903689664927805,-0.21058682579932658,0.07777714697649009,-0.0499579193299613
2698,-0.05152631036183054,0.6808478307475316,-0.06927527308971261,-0.027326832033239795,0.16381374507610452,-0.23010095475418327,-0.1613934486934086,0.1816395379249886,0.030541114361580562
2699,0.363985605635422,0.5888197992319556,0.1241975333502326,0.13702893927179316,0.2594343512935178,-0.2597482879798954,-0.1473988375747925,0.03804389244508961,-0.16706360441153806
2700,0.350448828631157,0.7522132655164648,0.4988609988479813,-0.14328003763030278,0.1575108374586237,-0.17005156108686145,-0.16111042584379928,0.008351978623179183,-0.13315181443759247
2701,0.35751624868742354,0.27780547768063946,0.9883697928844031,-0.0036397059143622513,0.14455915586137014,0.0035016499091789833,0.26655720505400304,-0.20873422819656484,-0.08589660943833202
2702,-0.791446698724606,0.5971752887681877,-0.3008126896511866,0.07575285655117148,0.29157291684712944,0.10379502553744727,-0.27474305479647515,-0.17997651327868172,-0.06629432417364436
2703,-1.2622956674721535,-0.12124072906025171,0.12126615848500753,0.0973597903472946,0.09524288160952049,-0.16657345413545044,0.2266127123157469,0.17505749362234735,-0.15990205192851742
2704,-1.3614660250972428,0.11846109997307493,0.25079301443933255,0.04022847722679832,-0.09060428060476014,0.009758509907616167,0.13140009692029117,-0.18057621504539845,0.12231776670471244
2705,-1.2826866298259236,0.09056267324285419,0.17349301134492467,-0.12496664619835254,-0.2725321143264339,-0.04344045612570503,0.0032504135961280494,0.12109490288378863,-0.07817410369560115
2706,-0.9091683286358299,0.4714809076375483,-0.18774402706970023,-0.09136334299306188,-0.05104739160152635,-0.11554878204129082,-0.15368153547182772,-0.0657258610516606,-0.13859092521796054
2707,0.03189132648655457,0.5571746716623721,0.2770704322198096,-0.07163096099345564,0.19938299601901316,-0.0993168232177679,-0.07153626367831768,-0.17177997648980495,-0.08005832848734781
2708,0.08669121756468723,0.3547221919567239,0.8437136990905285,-0.07517429314707054,0.03585521613017915,-0.014524385116897643,0.14128115935689325,-0.14602149282940013,0.11193741757285851
2709,0.021318983232099947,0.9706359540783791,-0.595331097540226,0.11089674951290361,-0.1932756345577623,0.28084062298391727,0.5153012635831933,-0.029344144517729223,0.12528987267030336
2710,0.17947872091376074,0.6477170453537541,0.24939896314905144,-0.09600345986780494,0.11323350293573925,-0.08717491555133594,-0.22583940064476954,0.2107094023984722,-0.008901440042391446
2711,-1.2112353476835849,-0.09095372673226279,0.11759620345118733,-0.10754953102642648,-0.21502124121766245,0.00850364481188956,0.04837353899747915,-0.02030515530885924,0.07333097083983568
2712,-1.311930347974462,0.07296765093531828,0.20424613272806796,-0.006467520517493062,-0.15650492328786486,-0.020004993362766177,0.09149766500967221,-0.042864044823271635,0.004835955529135473
2713,-1.306427749482545,0.08899490219593655,0.19740522405810354,-0.060230619841874486,-0.19963690656791466,-0.016142636515459427,0.050499963735128856,-0.002958033564892044,0.024128713105074643
2714,-1.3516773195627703,0.19766058377715803,0.23765173158039476,-0.03843280052881529,-0.20445474190689197,-0.043519654406269336,0.03305400280817806,0.012979781747469504,0.06580025056722127
2715,-0.8264835648128529,0.6798326172865938,-0.21033897762214593,0.1386951335850799,0.049487510556072575,-0.12943439009517163,-0.09234164731193598,-0.24212442949596805,0.03288114471014043
2716,-0.614427243235511,0.8594019389302152,-0.3652707050530404,0.07998019556280482,0.1548405623874513,-0.10976534176156061,-0.08511988483784898,-0.3468457108513493,0.12011837207322638
2717,-0.5726740341982137,0.3359696460525993,0.5350801322158414,0.013465627884299555,0.12451933893706763,-0.21845968795509974,-0.1050125730833438,0.02271402685534439,0.302328870536377
2718,-0.40235196058260586,1.0384887029105205,-0.39353221945492745,0.09303888336166372,0.01541485541456853,-0.009271228429783868,0.10153133627997628,-0.20555487643553116,0.22533347177552623
2719,-1.344777098535757,-0.021265705346152852,0.2314423417368084,0.24059730100090965,0.30453947165073986,0.7758278719783412,-0.21886697814210973,0.19175202104252267,0.02282008541337412
2720,-1.3878668357688384,0.3012238928449835,0.2784976075910846,0.08109790691754264,-0.23898058597610283,-0.1088348916392255,0.0045950932437045485,0.06308515706914848,0.016475085982233198
2721,-1.3354644182042588,0.13293243352187095,0.22971295373739972,-0.014791928135656664,-0.15669668783465887,-0.011238636162984685,0.06331653484797534,-0.10113368291498613,0.1971210175250472
2722,-1.3727134838540342,0.2755887879202511,0.25798691510135136,-0.047284882200849795,-0.2322435071038967,-0.07124582942254463,-0.0024775005635805833,0.04515698742717975,0.13146227641656985
2723,-0.6334310996849296,0.48370409803023545,0.6125046750108727,0.09205913492889699,0.25614749501823075,-0.30429100270470405,0.015181267935625447,0.17107230325972694,0.24948176080769158
2724,0.33187715844810145,0.6056413689229883,0.6145378679275916,0.1119164709116238,0.41877384866938044,0.23494440427514038,0.04599245311747273,-0.23474589764836692,0.06540583231792618
2725,-0.9599512490061527,0.6799715899438483,-0.12111852768732559,0.2575933394752527,0.19748331055491583,-0.23155736247005296,-0.08021983524638253,-0.2504213948424464,0.12687117386714047
2726,-0.8226465227979585,0.7920579913335458,-0.18882723663418877,0.08942516874417147,0.12571671534121298,-0.10727998042597314,-0.07047261915044235,-0.3252306713779782,0.22117884867864335
2727,-1.4545053915670914,0.4365623010257991,0.3399695987599259,0.14995448599261865,-0.20913621447538552,-0.1386798663187512,0.00392389583703978,0.02649911064405316,0.1575600528715484
2728,-1.4639152525646482,0.41345814199633957,0.3394512013630329,0.12665615243934364,-0.12356221309070915,-0.12060363206661276,0.07446723259612084,-0.021861563304896903,0.17549276331483474
2729,-1.4986263046227388,0.4959715850912471,0.3718623193707331,0.07518637983400751,-0.1497959193286743,-0.08766736795955,0.02126789975099097,-0.05051301157197991,0.31442603467922714
2730,-0.24714905872197318,-0.5720149932937801,-0.8165720740149464,-0.056180157928570874,0.4327802906633183,-0.2080146379117523,0.03651791693299962,-0.13353723372260357,-0.05615695978845355
2731,-0.10351604613563213,-0.36451714931717955,-0.315839991570525,-0.3302702335634417,-0.1340268015012993,-0.1976047655394808,-0.35477807714073106,0.2101055198542589,0.09444123007898421
2732,-0.13542153242029564,-1.0328314251807171,-0.04105426521836633,0.3955765695026389,0.2987492360680779,-0.39201597614435557,0.07171736162135282,0.2350296677726219,0.11719172576912597
2733,-0.06281535151170126,-0.31798381279564664,-0.9000948911188011,-0.1459186565193851,0.20995238383390072,-0.061786287446868086,-0.008710724026190365,-0.203232272295675,-0.021344455878993526
2734,0.3289853701508196,-0.8977879079402962,0.1329021498975036,0.7180612009256176,0.04975395129756409,-0.4998381041897747,-0.16843375485203685,0.25571835050654845,0.1285157075260758
2735,0.1638642213896711,-0.3095527857098934,-0.21467639591791388,-0.37625073808430004,-0.021348367894663225,-0.09550436074122574,-0.23292761429918266,0.058067162299059345,0.07196557270815461
2736,0.4778286987792189,-0.22657665234279023,-0.47554111614014627,-0.154072273158865,0.4849660791696321,-0.3530936036115149,-0.14478095438254024,0.2517819755687851,0.05056670195300766
2737,0.1503639809052613,-0.6139988033063133,0.1868068738509952,-0.30381204105260573,0.04896292775826851,-0.13221597946258834,-0.09070250776928711,0.09481957186106547,0.25130100292737706
2738,0.5092763296853102,-0.06832852435415479,-0.46134331860560174,-0.2687118717558384,0.11613796519289334,-0.23096888821638914,-0.39036475738468945,-0.03922330023769457,-0.04874224909089595
2739,0.43754431944519695,-0.42346762546009853,-0.2723025586294439,-0.09134068784206058,0.5170070817996439,-0.3220051272281449,-0.010928242417201754,0.11876294248885604,0.022136267623897084
2740,0.7972538132940414,0.1040800314305178,-0.35656053419130096,-0.3034013249051036,0.06990496912302255,-0.23563040624447473,-0.38716694451672895,0.1514583710517059,0.01752099199355119
2741,0.250591676832872,-0.7204971077816823,0.256751135734946,-0.18252884994764712,0.2196101674793286,-0.04807234626150713,0.21348602890472249,-0.007525212652610889,0.14035838888367855
2742,0.4055729045943419,-0.5546134519660805,0.3563670859787942,-0.29100532716141947,0.09135256259259517,-0.10471288926844424,0.0005007137638142619,0.07838002071523702,0.15684104129057716
2743,0.5937080932898884,-0.6968563448758744,0.3868282487174435,0.3963640034732604,-0.2600831476105538,-0.14991509147402202,-0.09774193334133677,-0.09202223887897877,0.07432039758412438
2744,0.2772715315354508,-0.8138606200383124,0.3099016310667977,0.4051359177028814,0.21756401656933266,0.7582547084573885,-0.3141484900873491,0.09461435437111008,0.08223073813282072
2745,0.4079136805913197,-0.6397703274038958,0.3349917827457152,-0.19035134328516656,0.17690898482091608,-0.09065766996141761,0.1648799851357401,0.04506759390621963,0.1373761835742985
2746,0.7837228365110154,0.08852069659866874,-0.4323744881475941,-0.26820670295679716,-0.004307001651562046,0.03337514601550246,0.024380682113901354,0.10473366024586375,0.08185946922599222
2747,0.4832448560547645,-0.6483926018227858,0.4528892388339398,-0.16071384537773306,0.1527148276917823,0.18591543045955197,0.24635364626254452,-0.0929655094618088,0.00606814346696645
2748,0.46125805839184797,-0.4271938865408173,0.48300717835872914,-0.42362943944725373,-0.1953350392757674,0.15523547137471222,0.1221106395999781,-0.09752977697431636,-0.018696567866856605
2749,0.6490204218393681,-0.3397479839105246,0.566053105127954,-0.47399225661674393,-0.1318582194826495,0.02271225943614526,-0.0681486344750806,0.014190154868938534,0.09669145912296052
2750,0.862557703676801,-0.3655529704095914,-0.0959163836773212,0.7756186761986951,0.15625673822988653,0.5724936127372298,-0.7041783130240699,0.12725929892176643,-0.0672241174478048
2751,1.2118390999177884,0.34872445019290893,-0.37289571578412817,-0.2275010327929752,-0.010702273184784583,0.1934134598976074,0.08387998522877245,0.3355482400473173,0.11222895638067672
2752,0.96608226625638,0.3564886979062647,-0.6909242135122777,-0.22409218018572646,-0.10652121157803156,0.03829636623347805,0.1008126415376519,0.34692247039297336,0.2571193998214396
2753,0.7592561325844084,-0.6695415215874182,0.5498171393523603,0.39695370174344485,-0.3464328356044345,-0.01440366021597905,-0.014733045225765774,-0.24461392931708095,-0.038307883376627605
2754,1.0410568293702354,-0.06040554246381438,0.1086154544164806,-0.274479648773746,0.10938279857033335,-0.05548450831247409,-0.12430600576702158,-0.1614948063337668,-0.15984860104362997
2755,0.7402040942854928,-0.6678079451670021,0.5672803054369211,-0.008183486351263333,0.3666077649280933,0.4646185117059026,0.14955126130932658,-0.12139670592963983,0.04881950655321505
2756,1.2244458173282466,0.23512566548858344,-0.053493170303790694,-0.32788962364627716,-0.06631569287433438,0.0676633344545273,0.10860059053710175,0.20107623907656227,-0.023770467077017313
2757,1.1342444060954393,-0.022150839779705205,0.18837309677799316,-0.32911090197374787,0.11878416639111272,-0.032544468103742515,-0.02733438856687293,-0.14178561696832528,-0.1663155143833463
2758,0.8504168119517262,0.23590412727359023,-0.5712778533825204,-0.22944929327587865,-0.19996069156345442,0.22223118335920414,0.29188033311828004,0.2621127626479632,0.24200604194749645
2759,1.3897432031543084,0.23070694000845376,-0.27181652384852734,0.2714722970806379,-0.28085076376485396,-0.046308031768752055,0.05424398713878126,0.28514379582856353,-0.025622384469571137
2760,0.7409530212328764,-0.540956984626934,0.6093048593068435,-0.25264292663052584,0.01562900356231222,0.12478448163326143,0.28079912777337673,-0.2377551173460631,0.0015753740677275612
2761,1.063494563192207,-0.24554557275908215,0.32726100008440123,0.04422394251842058,-0.10437017537500763,-0.08843385833009883,-0.14079733078071585,-0.10635859195785394,-0.07004912124329818
2762,0.7761295552184505,-0.3419407492553545,0.6460995745789091,-0.43989252762498826,-0.1350874095877105,0.13211833903932063,0.10189227947425476,-0.11494601481298143,0.012450818254490816
2763,1.4345144133383747,0.17252135327139587,-0.12659479657526065,0.30466033168489787,-0.24682082040473913,-0.15656535748896325,-0.22780086535063507,0.060706326111747214,-0.15644740344249264
2764,1.2124308892491011,0.09622517324794559,0.1524474111205533,-0.38139590325105965,0.06054269055932637,-0.007922416403172478,-0.04723351851722183,-0.011532295939449396,-0.09918609864241854
2765,1.0513442529813375,-0.5314886588058874,0.6670203317873977,0.46005727718216977,-0.3968721030703475,-0.14787579093918318,-0.2550117103854834,-0.1266697754403707,0.006220406463548768
2766,0.8542539497872175,-0.3086522519010707,0.6616640355211902,-0.43946868091697333,-0.11601862478496526,0.09925249987249174,0.08067047997762561,-0.09561560339225446,0.04479797870458422
2767,0.6257085301778127,0.3406887677620382,-1.0440977602581303,-0.20139987356213018,-0.3029730731721773,0.3427806176726488,0.40956260026079594,-0.01137200789415773,0.1993519535167116
2768,0.9133816434796383,0.03310820449250259,0.04204766672187513,-0.36215709641496757,-0.08516124900631915,0.0989488628180026,0.08115973992198978,-0.08897438815980797,-0.2670385117478966
2769,0.890016361599078,-0.5237655668429575,0.644777770800201,0.08888525816285973,-0.20786046871689767,-0.010288798751304569,0.0017083316474899041,-0.15909948918825056,-0.0010746854031876488
2770,0.8442674690498454,-0.8061072620040665,0.5476719034200137,0.16711860508065093,0.5955376556081715,-0.12844348517367163,0.5717278779178583,-0.08547019963941664,-0.04119550491078277
2771,1.5459988354563856,0.2875290067635355,-0.2604741852484957,0.46420364771525513,-0.4282005769837512,-0.05904874515607232,-0.09822925788625457,0.2005647204695661,-0.07786172430103289
2772,0.7521204142764449,-0.6117437084892494,0.5973486236435576,0.0637420312722117,-0.17924909896271818,0.11119362404596791,0.17683016846719393,-0.2969548438737638,-0.04690081035623695
2773,-1.1271006572605002,-0.18994461732366597,0.03706365793997866,-0.2567295131759513,-0.34860234632310316,-0.003544064901741035,-0.025070732031861918,0.1855701742434817,-0.18001170883646853
2774,-1.193676058424444,-0.20529271058009388,0.0745470092047925,-0.09958723549959396,-0.12252498196701649,-0.023680927355910816,0.1258372792152491,0.14956473598692516,-0.2689747625831073
2775,-1.116694692588813,-0.25527182527311615,0.02785189334675031,-0.2150355363861947,-0.293394267735554,0.023655576796329066,0.02324795841806036,0.10965416496318955,-0.1660432067111811
2776,-1.1491180690553133,-0.29102091236767563,0.0743320806484423,-0.006026993199382051,-0.17481135496693992,0.04961957440150031,0.11770339161023152,-0.13085755537723437,-0.0605579595561613
2777,-1.1368439102466084,-0.15799307797765771,0.044382347125242264,-0.25520050559358826,-0.35982951564562843,-0.019127951577712528,-0.034361977071302945,0.21677224236916035,-0.19959581127548773
2778,-1.1048954780042721,-0.4281841325383271,0.013362552912331327,0.1887487589722095,-0.03231307692501597,-0.0992219721459668,0.20836142953117523,0.0826628480334553,-0.24848226328247575
2779,-1.175036558987727,-0.3811239722060734,0.03161127818912309,0.018394701398908846,0.1513729249776196,-0.07463040912559096,0.2742855721191736,0.14188989500284627,-0.2581264451590876
2780,-1.1991222345628707,-0.11156542470295709,0.09460638541309818,-0.14554475495387387,-0.2641539751707415,-0.012246019997701451,0.04929842408503138,0.156619311766093,-0.2878465735767042
2781,-0.6947523224249955,0.17833012587408298,-0.4341554586750075,0.053330447361677934,0.20497159668185042,-0.28574372010920046,-0.1029964257833834,0.1099190002660745,-0.3650732534593026
2782,0.3083824574712909,0.26799761097791314,0.12266153638597312,0.025007481076580077,0.4799361677167215,-0.20906468929606106,0.09394538315166437,0.03201203968239551,-0.197600462506652
2783,0.1862218142701948,0.31581808578252407,0.20482578448791636,-0.011811699245344679,0.11845936069786486,-0.04045951398584841,0.030320563871672552,-0.16892803729006936,-0.060891673021200125
2784,0.5614107894885408,0.6425781037460653,-0.14207312166197228,-0.09041299191425461,-0.019375991779243377,0.08517286654354608,0.20937946709787103,0.1847190332212587,-0.030235110696397945
2785,0.9336753926758087,0.7645042200269215,0.24792907741452785,-0.157004086283351,0.13182958587512184,-0.024819059046429396,0.0597328694684745,-0.03447250713228856,-0.2564716791991816
2786,-1.1283567441274542,-0.2884203010632813,0.04521048893720991,-0.14896723631877434,-0.1835792233364904,0.18874854313995204,-0.002360708463688396,0.029032312472134073,-0.06022318399232053
2787,0.4385174301965322,0.4495669754222237,0.521277084029955,0.11642312461713396,0.2779924165165651,0.3288618626185883,0.04091794899562314,-0.35226777181310504,-0.109149261761911
2788,-0.5525415236355005,-0.019486977544038987,0.3736036173769425,-0.047636618938967604,0.19608840358392374,0.2966972416302298,-0.2837432596254848,0.15000260031933568,0.10901563476310457
2789,-1.2726724188842193,-0.23354934552151974,0.14255624087025887,0.24517339741999997,0.40498752874740607,0.5899901947475991,-0.052034432812166284,0.22900583166560184,-0.11848523025079838
2790,-1.232020371955165,-0.05460247798231275,0.12548840694520053,-0.10112612910869957,-0.2320186572265141,-0.02047383171067882,0.06102826182870791,0.10766061976699658,-0.18831351299366636
2791,-1.2985566565352298,0.03730350028197133,0.1970409790579624,0.0999320961571763,-0.1545224563893968,-0.0660339627555859,0.08612831301332625,-0.017136063775510385,-0.053317951146312305
2792,-1.2069595694276016,-0.025118336271904212,0.1065839967926283,-0.1984354235339797,-0.3315317283538531,-0.04161888026277031,-0.026968361788391272,0.19396074052071657,-0.15255334294482226
2793,-1.2132127242070077,-0.15836478649918972,0.11639914935451705,0.10631812311526498,-0.125444596745862,-0.06406261640526706,0.11154341569596603,0.030503166091818485,-0.14475104415784787
2794,-1.169671793271357,-0.10729434615889806,0.07486104621479904,-0.19662499865088595,-0.31672595234703127,-0.02967773961176965,-0.012102332265491293,0.1630325747289074,-0.10366954223574834
2795,-0.6732140110437013,0.39783812050606004,-0.44912391157923603,0.013768010486130033,0.1493153437172068,-0.20468698639710242,-0.17647196451230573,-0.192267754267474,-0.20161801108474392
2796,-0.4439592371341527,0.30349908826730343,-0.4490487428160348,-0.10018233011354144,0.0038402492698531923,0.020728031001829485,0.0061098965404244995,-0.2309474535348398,-0.018226431676807847
2797,-0.2750899510571131,0.573354651762724,-0.6049216079346433,0.04083231907007014,0.17166345014803705,-0.04254409237712045,0.09622044083155958,-0.16317194952319808,-0.12885151594304195
2798,0.08850492515277182,0.3474646774657262,0.6190519407249921,-0.13464839726723135,0.08466220934146117,-0.12838023959010442,-0.039011449640429005,0.08924671647109482,0.053082536280936204
2799,0.07691703887948893,0.34370397204628833,0.8525900218192988,-0.03890628232444506,0.13772234119312504,-0.07790137385376428,0.13749153797162553,-0.10964901938177214,0.022306709140654447
2800,0.2963783166242868,0.21192914774686353,0.868803374690055,0.12174936878957549,-0.025107094324391517,0.019038108423812046,0.15751596075990473,-0.24663786802461382,-0.05905556911874553
2801,-1.3587554282989616,0.07726597664595897,0.22886606886511507,0.13183208369744384,0.11920966197403757,0.3115316570647811,-0.05003733735585076,0.1883326531862775,-0.08456011689000874
2802,-1.3301457220542685,0.004289742901830083,0.19411497189025775,0.2069635487908601,0.19766241421976188,0.24031558049890078,0.0066895279330726936,0.26953713622943526,-0.15994180121702742
2803,-1.3092899512570357,0.10339292399825276,0.19720060694072916,0.032977339114465626,-0.16817597008575944,-0.09916845282092254,0.09549030158723143,0.07510345263717684,-0.04484936590152883
2804,-1.3066020805044276,0.038282866592293345,0.1971654956689389,-0.014051955318376032,-0.14107058403133474,0.0016306135882162157,0.10712088799607078,-0.06764808244636074,0.010658556634019404
2805,-1.3376753833853903,0.19085430071429363,0.22136216538034836,-0.07106153745335186,-0.24358776082702685,-0.06371228989339413,0.017327761013800357,0.09761620989376053,-0.04863065139264142
2806,-1.414937329976514,0.32529744322803833,0.29461082565317537,0.011878490536349892,-0.19294396258995267,-0.09100714303594988,0.04557222381957664,0.02651529240782443,0.018730676357018097
2807,-0.8560212396701367,0.35013220032593806,-0.29435883781447564,0.13880402435388628,0.41926687126741846,-0.2146909175576199,0.027334081338595356,-0.18999984306202275,-0.05026684715657041
2808,-0.7807297340560689,0.25354921289138027,-0.3063326443380459,-0.10844335273905328,0.024862063748597753,-0.04855296924243581,-0.13035927232926947,-0.2326752806532676,-0.046207383991199724
2809,0.975027493236915,1.0453425079133218,0.20480032632244258,0.10039638706464434,0.1493405977380146,-0.012198543328637394,0.21860191658973188,0.02600665951701908,-0.11691282544078398
2810,0.47025900933984816,1.061830904149615,0.4293899381053806,0.1935828855733773,0.3588042169088681,0.03819291055194631,-0.1940221315501157,0.013480704448116157,-0.17738364617185098
2811,-1.3174199088118512,0.11182805809145094,0.19051445961135377,0.15558146099197936,-0.09896619758792481,-0.22518442157359259,0.06417647030975342,0.25238107912885865,-0.0894038929921203
2812,-1.3720838501113617,0.3067698366659133,0.25201194868653787,-0.06510101427994068,-0.2761372172708954,-0.11610489453595882,-0.02087841382065288,0.16673879742705586,-0.0061080881491485835
2813,-0.8170194754814167,0.5425092102811372,-0.36459832404952464,0.19158977352721812,0.46362614972068183,-0.3275045973068563,-0.05082297608136655,-0.1050295767299093,-0.13742265603748227
2814,-0.9888689980152193,0.6379419437326237,-0.13010045687725721,0.11215157673924314,0.19642774399080218,-0.02726613643917255,-0.1442767700942388,-0.16066641180226482,0.010624370391671457
2815,-1.2161544790910126,-0.16287940935901174,0.1253782322711242,0.08972212004293438,0.09500211955936486,0.4937133811654619,-0.1517620147594889,0.148119478445685,0.08434895176468793
2816,-0.9790239757130199,0.45546150646840605,-0.10201544271798016,0.14361134952041846,0.045147440231292996,-0.10853554535341166,-0.048190747094898234,-0.2415255002983305,0.01450801189276249
2817,-1.369730688088772,0.2273831435620243,0.2513176305060998,0.022604539602057952,-0.17462006737009714,-0.07771331312921093,0.06004980766333645,0.042772589926023785,0.043792950859861283
2818,-0.5277088353170425,1.0246805333812026,-0.3740340611702019,0.2124594749140097,0.1245674430521891,-0.13330732788841987,-0.05304299063411349,-0.32909480153427506,0.15984480478424598
2819,-0.2754264475275296,0.5137153589473271,0.746447678867515,-0.06583712515981471,-0.00207219137582524,-0.0995963716392592,0.012762516119319781,-0.011015300694125207,0.17527107815133175
2820,0.6378844857087078,1.0907123518210762,0.7009508188441426,-0.06404794842285094,0.19192440836102312,-0.1252197230130879,-0.013455223441477628,-0.13683983058460952,0.035663114039007
2821,0.012675804515021321,1.1317549786356405,0.21668807081405156,0.3222239085275671,0.5291536075240586,0.5816725168223531,-0.17578134837811477,0.09806948809525212,0.1592020402025346
2822,-0.6636403187717279,0.8550806709279951,-0.24349038086185032,0.12178663266415088,0.0833137818546142,-0.026926654587659315,0.06397674261757542,-0.326475030880618,0.2818125511141647
2823,-1.3514895480018794,0.2207751005190754,0.24467751332464396,-0.037077366217546266,-0.2066270653309331,-0.04857439754414979,0.008523594303631215,-0.025521550211282967,0.24289840322659187
2824,0.26231386584146515,1.1666951086196835,0.6163233231426726,0.1426595696059001,0.1967615027156184,-0.17918018474344835,-0.043282288787469585,-0.11670852012013512,0.09071753314159896
2825,-0.29160150753440334,1.0903188969815358,-0.38893761947537053,0.5784254299453706,0.46661648106132697,0.8934362627451362,0.14920929848914566,0.05981619593694554,0.3432507371757396
2826,0.20831629403413396,0.8044973289093597,1.170609953483463,0.005766045154195545,0.08291507204246322,-0.0409809473690268,0.16807292042229438,-0.224210842532586,0.2260871935472069
2827,-0.0866904480459945,1.2569211237133635,0.463873635579812,0.0911471664980614,0.15441458449924209,-0.2617819144262201,-0.11255490675964196,0.02411306288252903,0.35577989698258455
2828,-0.11594079616121783,-0.8249461674301551,-0.40326954340583865,0.1768175599245845,0.5422472476213727,-0.3641376966035326,0.11132864518149124,0.18414845640753566,0.05275740969972355
2829,-0.37677491813677366,-0.4179514905552621,-0.6589139476910686,-0.3552121332365888,-0.08722064109239984,0.01333504411847513,-0.19142107695987415,-0.19296670265591723,-0.01035798834790729
2830,-0.11042756103501018,-0.18572012860082837,-0.7718474909855851,-0.3675096255976509,-0.09210322541819865,-0.012525697196489808,-0.19570092429621852,-0.15712806902596657,0.0220647591553664
2831,-0.1938722561105883,-0.8975469421332246,-0.024421838758345544,-0.06581867510611192,0.4198896461939649,-0.29739112316225425,0.15038501844164054,0.26567880615900097,0.16195037587115638
2832,-0.269235156243991,-0.5852866514252983,-0.7293805176553305,-0.0718367541314015,0.29029599056070965,-0.10851982521020784,0.13780545078456014,-0.10393380402189904,-0.010484604075138132
2833,-0.03380162055212181,-0.19172470748914738,-0.8775358480487457,-0.30094359928340075,0.006441859255847282,0.052371763165806155,-0.1359771656575041,-0.3007238053829168,0.02469056138789821
2834,-0.05516835126797832,-0.3719889392180298,-0.9117016263460236,-0.04954442477898203,0.38614796187703015,0.04106619330935645,0.015623929824522707,-0.12374247888617694,-0.02536670409900226
2835,0.03131414031238808,-1.009087205964882,0.07485399766854044,0.43091689738961064,0.1625501322961378,-0.23758443145884206,0.1217375530287271,0.014196038714317776,0.07701356552896357
2836,0.28267420589800885,-0.23586576018065747,-0.34909035128679394,-0.3207419319320027,0.07843173915570269,-0.13704326664267855,-0.243819300340567,-0.042471901865320155,-0.030966942721158446
2837,0.6779279139561992,-0.2511638186232402,-0.33521763499305496,0.09709703903904808,0.30974600235440664,-0.3314852895861749,-0.19665162305789383,0.04922213170521361,-0.08387177783825273
2838,0.40934172524240864,-0.4829651544273755,0.3446456694420324,-0.36008118252019494,-0.02873264696145297,-0.09166547233117815,-0.10812159202549713,0.09621233455919981,0.23036818187099775
2839,0.34373586886721386,-0.5400485458145294,0.38513378276962723,-0.3208959580129273,0.10384573729955097,0.2815033149140008,-0.1494772130092673,0.06059402271957117,0.15020679058951336
2840,0.4995542567392331,-0.7226086541500576,0.34504683909883826,0.21290206807810225,-0.00374879788779643,-0.1635882454413019,0.006709108098441231,-0.011633549708164942,0.11929596733602102
2841,0.5281076638334588,-0.7151065781020638,0.3797729103405526,0.28854240708257034,-0.08789429831796337,-0.17597029762685254,-0.0352318136672917,-0.008652413645356053,0.05690018108405732
2842,0.5047828642485648,-0.37704823704960155,0.4541608782009912,-0.49133532129929836,-0.12147172900278369,0.018387229982230687,-0.10946920729466054,0.013601265706878746,0.1767197983768166
2843,0.43440990894885395,-0.6738958088727479,0.3228682185846585,-0.08948227489318555,0.19810894142100027,-0.0970965440815322,0.2038673438868954,0.013389543567308013,0.12775736329805218
2844,1.0605778224144944,-0.13323933823612788,-0.17571944141898296,0.5022326863311537,-0.1528595744604934,-0.3647653243356081,-0.5278022152248965,0.029178559945047478,-0.10533233747937262
2845,0.9232241681558723,-0.4582634219702176,0.07523237606970598,0.6107027267360597,-0.07957118566915455,-0.30978784523351494,-0.27551242031546463,-0.07975754383431972,-0.14022739186681205
2846,0.5449270713302639,-0.502213121552269,0.49570306498281236,-0.3271297510344975,-0.06806359021180479,0.08984165386570447,0.14932614620802592,-0.11201339865255615,0.031102950531780298
2847,0.9757212764548706,-0.13287257337501832,0.1278593520359606,-0.15073407319541474,0.20652021982304608,0.2250881837201049,-0.18786734742531433,0.02970037874024711,-0.03328847919382964
2848,0.8311956356532347,-0.5476430654370761,0.5528702076640958,0.2747446767816339,-0.3135957810217884,-0.12353415751101052,-0.14040116894766627,-0.04789136049071298,0.04976724447338268
2849,0.7531732669441167,-0.7192440081848291,0.5332322755731164,0.4943854453049903,-0.35088362481598284,-0.020492718560020662,0.016034858566407923,-0.2665496403984966,-0.05661555490382188
2850,0.7644292938681377,0.1491033441857605,-1.0943993056603265,0.6316611857399702,-0.5635959340402066,0.06538527584068254,0.09201082505298329,-0.05660294667416773,0.10312264473299582
2851,1.2064085098823316,0.2886393612119424,-0.10685067251433279,-0.4119183226071878,0.03506521217578553,-0.0927145330560181,-0.19272843847803015,0.09092233280235212,-0.09833401495460087
2852,1.0235627064275157,0.2984481670498514,-0.6059426552768503,-0.16816502632213348,-0.11959664076705177,0.1502522257929638,0.30488595735771623,0.2660441404103871,0.20309773861358593
2853,1.2473127778389124,0.1455917401640979,0.15015368150520433,-0.40427087868743505,0.06843814740046808,-0.05847670507245867,-0.1259998829434991,-0.03171337151808397,-0.13259475738288637
2854,0.7837123949407815,-0.5615145356019984,0.6211246126065058,0.27548330008580013,0.11952036666375825,0.785916756963909,-0.4483200013850125,0.09156608018751383,0.06608081186135327
2855,1.0750881178782867,0.3663469609220758,-0.3723158358971897,-0.3559436521473694,-0.13213585019604848,0.06159397913081716,0.025693877105705525,0.19280614661453893,-0.042133397834778784
2856,1.0690900085218216,0.13322209945625232,-0.051159296993976804,-0.3170247528323414,0.09671294274774521,-0.07913448346940403,-0.01858847155107015,0.04297858343320242,-0.2986863937493709
2857,0.5464664339544179,-0.0724236130726796,-0.9389684097217922,0.5500830759508663,-0.5403045609215418,0.2543682252210521,0.40553127862883515,-0.05656470702202656,0.15118894880117673
2858,1.1529358472986362,0.08404973013466932,0.09469030232704129,-0.3626572866645809,0.017129502671434996,0.08334134104657501,0.06413055793798433,-0.07117096192764252,-0.12117682002314017
2859,1.0460371660208474,0.17901003793671277,-0.7088743773627162,0.2301527315243377,-0.20878653380817422,0.10536703090531789,0.23791620251669762,0.13228906022162606,0.1911754722831298
2860,-1.0781135008574818,-0.35762514598754075,-0.001626706778454503,-0.21083733751265069,-0.26362237893789053,0.05417028671234139,0.05039636696337935,0.031738968023209975,-0.10742615705145407
2861,-1.133864960466487,-0.34594606627977875,0.03571394334425764,0.1858407889082505,-0.05479835951103822,-0.1450630507199311,0.16461812386501165,0.1738114275086008,-0.29490984774419005
2862,-1.2415384834348022,-0.1526471206506623,0.11529911879121311,0.02897060563383082,0.0025791338186821728,-0.06420325863351116,0.19307509664554137,0.050035369179999525,-0.15061684459276056
2863,-1.1280626093554176,-0.26474466891435544,0.042603173453335995,-0.19737003483438642,-0.2543210246736298,0.050342276224172415,0.04636432036509278,0.010660391633879045,-0.06637570815354561
2864,-1.15726147048271,-0.21349121784473546,0.07260530993433251,-0.058215354622720844,-0.2616905962649912,0.0021489786934120046,0.058067034760774794,0.06519099171503326,-0.2541954905844088
2865,0.08701844968997696,0.32452144533831623,-0.015402655021568231,-0.2746688650525717,0.11045052605268502,-0.23505575954218264,-0.35229789406568995,0.11907274646333375,-0.03506208008118757
2866,-0.14978314098298692,0.20956523920100043,0.020814975888017565,-0.2454217567833579,-0.04319937170082976,-0.18554653255829853,-0.21800634552287126,0.18959037159287953,-0.10001875438778499
2867,0.1463342363460925,0.7675942611857715,-0.7168641811057807,0.0705943952308391,-0.14093794712286908,0.23586733480731378,0.47227404768997944,0.005114598584115008,-0.07770591058529944
2868,0.19768459313549822,0.584713701297468,1.0068370795776045,-0.14934269397071911,-0.07144618792204063,-0.040546835905178505,0.10619711164588286,0.04379311935659246,-0.19352024798678868
2869,0.6046046260080643,0.09966327780604929,0.8593958564579678,-0.24000963964223782,-0.0035927639843483642,0.06734469817938182,0.17102503948106162,-0.1292645660748486,-0.08580777572964285
2870,0.7175636208138605,0.6501965529438064,0.7218089665530004,-0.0880957018514917,0.12788148412337189,-0.08594842422236872,-0.003998732500248806,-0.15691605914586024,-0.1653182614241906
2871,-1.212928083258143,-0.14398050831132791,0.11514045705815132,-0.06265951663664239,-0.13862624838901472,0.14967545842518915,0.031734426357935164,0.04686569586661727,-0.11718948126076968
2872,-1.0669322814080433,-0.3520628283077503,-0.011019165787572678,-0.16708786479898627,-0.23317069416107095,0.13239675136895768,-0.02682784326081102,0.15954783552729104,-0.10877683595300311
2873,0.20210406817706203,0.20328061956500154,0.9205328680505778,0.041051612410519696,0.3131437201560802,0.7626313172152971,-0.0981183471780869,0.023058741683918676,-0.14382225968261245
2874,-1.2637383290298576,0.08193518991397593,0.15230147917460116,-0.15488480437546523,-0.319841029432259,-0.06601109599165199,-0.01753094925079844,0.22900335740027136,-0.24222349129456408
2875,0.20179915503037735,0.6698515966580721,0.25145483843601657,-0.11005995242586797,0.0869084180981831,-0.09102217269971426,-0.037371370715713205,-0.014837495464656101,-0.2828174294831823
2876,-1.3976350860795972,0.2132787796052961,0.27118311985827775,0.06481805346588544,-0.024003064119969296,0.1933714774646302,-0.04420737862405145,0.1265989507319673,-0.045197871657732355
2877,-1.1550636329183388,-0.23062836108722645,0.07005453643800523,-0.13654717065313607,-0.20327186209299342,0.05330851365538023,0.07034799454070306,-0.07306649602347882,0.06029494477094296
2878,-1.3079090887081817,0.10986230772837458,0.20172881730162856,-0.08764674896857137,-0.22511933722595767,-0.026014653185193873,0.030004890776705307,0.008309977085632608,0.03911412431731423
2879,0.800671888871619,1.0856498848077507,0.4665197650732438,-0.011185457456891175,0.34199298612095635,-0.18760617512150043,-0.059870311766235244,-0.1825257723169314,-0.2654370301494493
2880,0.7558716105782884,1.0825410491475016,0.3812709601172067,-0.10063021239729257,0.10688275599589003,-0.10907758528974988,0.009010438185133526,0.0958166766882934,-0.1851104379695263
2881,-1.3777440004577117,0.1734371868264552,0.25470890930227025,0.0911518885295921,-0.009207308454861984,0.1888258126481979,-0.030188655818519844,0.12093637990780486,-0.04541485201591368
2882,-1.3005826289605753,0.12826893978879858,0.18927204979770237,-0.10138351695119459,-0.26330621687851485,-0.05173491773000504,0.004161909161633138,0.11690684273250254,-0.060965307499986666
2883,-1.2830170492988662,0.11623934054313521,0.17950104992052635,-0.1310286883841086,-0.28348897610112767,-0.05346565877501839,-0.020383308837439967,0.0939578479932171,0.05065454367558818
2884,-1.3075937550650123,-0.1639394816808195,0.18576732023216438,0.2622801433355636,0.41714330956233425,0.7626433816836637,-0.14742353443670664,0.20040023544634397,-0.023733524727032676
2885,0.5850649025376669,1.04845972024229,0.8418478592765447,-0.06886190127040032,0.16657905685870736,-0.17287220671721565,-0.023405130163328156,-0.04204296816789507,-0.0764572145165349
2886,-0.2721523229303544,0.7013096323306167,0.7747836061916028,-0.0460080868554932,0.11159705796704147,-0.305559619952467,-0.20520236636473208,0.11942954629746733,0.39703422929980614
2887,0.07545152885109313,0.46423085337173686,1.0570567582320425,0.1795638852337404,0.3758146437888149,0.6030281565568849,0.011211690063034746,-0.23186606927441508,0.22724698359012524
2888,-1.0564921741197077,0.8237281806932816,-0.05526398193853338,0.04375974835025728,0.0018785747250642444,-0.20281938257650092,-0.1778741798496084,-0.12261549848289469,0.11000143676899792
2889,-0.6927086009916479,0.9495311059672822,-0.28537760230458387,0.05725029270907375,0.07865855400950633,-0.12564660056804622,-0.10913969919855965,-0.23865690171783235,0.174975283794683
2890,0.60455275552819,1.3844214673403392,0.5677837729677127,0.08601226428259709,0.21310587311751106,-0.13920221418583983,0.06489446382878675,-0.011991029667899826,0.04676666814724172
2891,0.3262982472249254,1.3051989019052486,-0.05875700777039501,0.31234053542437806,0.1872988736088342,0.4061757769065381,0.34478911244506516,0.009996978204975844,0.38126412848798474
2892,-0.08738277501120341,1.078178744248186,0.2759727897336905,0.11412880409804282,0.26146901485685253,-0.23103591960767209,-0.12066160453257235,-0.07147648448692978,0.30529423106849846
2893,-1.447387728439713,0.3320492388476706,0.3450680345683966,0.23050997732334738,-0.062056729945741476,0.06436606955494936,0.0060233318200320065,-0.13211585588634836,0.30233217748534086
2894,-1.4429983721839876,0.3252440066190828,0.3247975768291706,0.18993953158240623,-0.04578129716811018,-0.10308511126793743,0.13298131760674708,-0.1189515704437435,0.30839991110584714
2895,-1.5006401176219388,0.5290235847731556,0.38458243322641816,0.18669182590513841,-0.17882131019876243,-0.13983559315548139,-0.0013028553889994521,-0.029782637333811115,0.3114589862580239
2896,-0.12298757138633955,-0.911079725363387,0.0015563479531451433,-0.07548944083413646,0.44074093304043827,-0.24898141348912478,0.13943106879750045,0.1462180221672653,0.22644063926397207
2897,-0.2919312294739632,-0.5195198396655243,-0.659221409637535,-0.20881619015155525,-0.0020301394347946467,0.06050885343214748,0.02898797810770562,-0.27818934647525784,0.0424588977244651
2898,0.04623940996086271,-0.9801041483113572,0.014895981261287786,0.6988341897104577,0.0293095249365081,-0.515821291929205,-0.26612573420264796,0.29891268053395237,0.1431997848846521
2899,-0.0003043543676198085,-0.13770119618370244,-0.9724445028804838,-0.08630081703841991,0.4258290870746381,0.3510327761128777,-0.43246897655839894,0.08405809763516608,-0.06967680632963628
2900,0.14943001310858933,-0.9083182639086128,0.08985381247802578,0.4749573733982201,0.041894859674369775,-0.32910094268155216,-0.1006421530747451,0.11850419767808076,0.16946502685508538
2901,0.28018213937740055,-0.34278783674478563,-0.9680357840801891,0.6890499209519552,-0.11042518507262318,-0.22971551980690047,-0.21198760154760588,-0.22380107005345865,-0.06255044974374518
2902,0.2792992574374606,-0.20693166179658695,-0.21487261949280223,-0.43936678633349524,-0.028669732989361648,-0.052649425166079206,-0.25849442050896754,-0.011987334892721553,0.03325753836699663
2903,0.31574235939611267,-0.8979104424748038,0.20043000635860575,0.5234635622105297,0.06133231405041509,-0.3315692441122643,-0.10047707747755433,0.07344286635629024,0.12377196384511359
2904,0.17639699005287096,-0.044010082597053496,-0.9313592445140965,-0.23811774391028198,-0.04879704112141746,0.06372452375331669,0.004006459806249032,-0.2001498842337291,0.061281643822750545
2905,0.12299636081869192,-0.04578390762609547,-0.9137484067951777,-0.2901170664018553,-0.08156521834301757,0.10282144531890686,-0.029672556206354596,-0.21042427342084358,0.06041103741607696
2906,0.025197662543069235,-0.592652796495062,-0.7564139029544071,0.5912061752751665,0.026062519820753055,0.046288635998167516,0.18001777712100958,0.008529501907929529,0.01485705020391235
2907,0.29950640479237095,-0.35051764782637723,0.3290629453158249,-0.49529377052048235,-0.19649671497688612,-0.12957717600568658,-0.2524200798750971,0.2734750107857666,0.17250503660293273
2908,0.39227871924387797,-0.02332546761905234,-0.5131496322535553,-0.3361643760764161,-0.1024060182075313,0.023748985577032825,-0.0647770178375528,0.13979184333840064,0.15170692425112905
2909,0.22230692166860444,-0.4767068728580894,-0.9442000832561427,0.9943473104699161,0.21210886404773574,0.2818498787291908,-0.19429517950896197,0.15516516761192148,-0.09145194684310025
2910,0.45530443236226187,-0.5117748498387863,-0.11984522391510363,-0.09477924161110955,0.5099421512799504,-0.21409077932932113,0.09877693549692756,0.01500832900406952,-0.017131143656267667
2911,0.21870836318482317,-0.48543634751751497,0.30257832212042735,-0.44130513706767294,-0.13696446217193087,0.0048073666024025935,-0.10319017107057002,0.03015398250074077,0.15886070806574099
2912,0.28861558057604647,0.11043239936722585,-0.9350826894402822,-0.29635884834267745,-0.18536790679333007,0.16347748659321745,0.08288659783232608,-0.1011951058209667,0.11077133023865768
2913,0.3164829270796334,-0.7577338901521101,0.2864897869883594,0.06777398757164535,0.09551553624052116,-0.12049484853381214,0.1475308457631296,-0.0011048190183604776,0.06394390774358653
2914,0.4693091392727035,-0.015936889247205082,-1.0376295308191295,0.3140195131711797,-0.1890023168501079,-0.0327784027043351,-0.009928094507782807,-0.14911942767043085,0.044883585375262935
2915,0.5466177740065237,-0.02766809371830069,-0.2128362718837095,-0.42654749597015573,-0.024911551920256188,-0.11907154842552405,-0.2903193540815116,0.13261658142802252,0.010620892891356466
2916,0.8198676875324857,-0.06222155067515792,-0.49871411039797475,0.1588304736119574,0.08746073360537175,-0.22878523141406112,-0.25760897151066947,0.0003366201050041466,0.02108958643977073
2917,0.7672474174731256,-0.026459048758679177,-0.10288177852138,-0.39362661261265686,0.07155471427193928,-0.07845064288445476,-0.21672235818684238,-0.00692203654618357,-0.06958569691862786
2918,0.4479329728757193,-0.5735049113477997,0.43982136464633254,-0.190010009605555,0.2189443698715204,0.5911402056353928,-0.19194515183049593,0.03421105811745702,0.16450003409592526
2919,0.982860335010174,-0.04085883273344425,-0.18551315577273728,-0.08805296166557773,0.11907639792185497,-0.13921135254489264,-0.1926683479242253,-0.036562042724015933,0.003153587808813815
2920,0.758148093727336,-0.29528791513724467,0.5205570642046234,-0.3209799579958133,-0.15565800660375304,-0.17474176345450487,-0.24473894080885672,0.16113244394107348,0.17804983308431968
2921,0.46995888180582707,-0.881204161055656,0.465099188066653,0.5893672115826838,0.18045443552751242,0.8561924025960694,-0.15579528492957226,-0.10519769698967235,-0.08664483706362205
2922,1.0026373853030057,0.1505592525980146,-0.28243814635813697,-0.30461745305502647,0.03350341402534819,0.045655382383554724,0.019488959493258358,-0.011974084645886781,-0.019518300497932024
2923,1.1069435110649366,0.18814499133511206,0.058570302127785016,-0.4714123122596254,0.004775999484627062,-0.10675837304907336,-0.2526454366388034,0.0930209998770491,-0.0760768749357666
2924,1.4583787332676235,0.1882116222642811,-0.09801072689888506,0.3197503954395587,-0.2842402982815607,-0.17396472953657288,-0.28524047085299914,0.060762244522027754,-0.1916568311225621
2925,0.945025816117646,0.1448639123015335,-0.14899450005126988,-0.3665707226350131,-0.03818746579206682,-0.02698828263789925,-0.08558191249122822,0.10176565974399722,-0.06167976165802636
2926,0.8952383921870389,0.12762373149962847,-0.46822954133640504,-0.16537038360380044,-0.032799547677350126,0.03660841604551964,0.047415122631393525,0.07164990249605689,0.11216869554011895
2927,0.4409128922635235,-0.14873822166615283,-0.8907256562491648,0.4836683009928087,-0.4805598192254456,0.22582943164441172,0.40547400126565053,-0.050341948217670705,0.14486649812581331
2928,1.3660037755798256,0.27144944381877106,-0.06479619065941399,-0.23285873434788018,-0.0900014729459927,0.10358836925307036,0.3114280928758481,0.297901943858544,0.028939931016594683
2929,0.8735123285257671,-0.5892076799067134,0.6300188619691981,0.46679151900975163,-0.12487201853927915,0.47541176033266663,-0.41666056323495926,-0.01567498638080053,0.03675395372380265
2930,0.795584798986746,-0.3391019720936396,0.6618209345178001,-0.3784691236381111,-0.16926899859045721,0.07121423460934481,0.016116966192495037,-0.06553866194251995,0.007972436706745765
2931,0.7036836178730588,-0.7105416352441368,0.5651550557607128,0.45504902079874293,-0.07109394620654215,0.5984280333944745,-0.17189228756723826,-0.16615823714460215,-0.02228836217347993
2932,0.706263937202678,-0.6270681272119386,0.5744692384688741,0.03787297250160206,-0.1485491565087745,0.11866151033220053,0.25574709233648424,-0.287017959210111,-0.07114392551010659
2933,0.8350564063966623,-0.2858841534648988,0.6492501836167349,-0.42589961679601274,-0.14566834115751023,0.04401968945144308,0.056234925109543296,0.018911212888261773,0.01173486732296756
2934,0.9549521874114576,-0.35121326934809943,0.6758073877686526,-0.20344646324630983,-0.14214947403364275,-0.05625911957492081,-0.09663539107314563,-0.036978154808987584,0.0692421292939139
2935,1.3064820313586225,0.5397064283223544,-0.43222697157058115,-0.31087124729314086,-0.17653268907984396,0.015415995193055887,0.09723992064233614,0.49523990137364954,0.14072323863323893
2936,1.396578697723776,0.4294900534330888,-0.11692624917514079,-0.386582985623144,-0.06723987397678549,0.009136365874671261,0.004363445862290176,0.23043470143943678,-0.08933423761851343
2937,1.2027489029269385,0.15468282897891728,-0.6241083839331057,0.6483280860545991,-0.48172902494673797,-0.022927572840447802,-0.013108601382468442,0.1941924778905412,0.08344754878138357
2938,0.6969615694234362,0.04163682519224034,-1.0435985094496052,0.7419937306303015,-0.6416980368483721,0.14390806351405752,0.21536321092279914,-0.03743963766004989,0.10163746401047379
2939,1.3470915484034252,0.24893004931755525,-0.018230152242345112,-0.3141981035789494,0.010251310223616701,0.03842208730077744,0.09782040495003905,0.11041271373859617,-0.060539523724907694
2940,1.3744549419949754,0.1673984209098374,-0.12221328225943051,0.0668652694047911,-0.1032675020263035,-0.04051850418772771,0.051218470642253405,0.12679394150825643,-0.05894348940829427
2941,1.0215429950745352,-0.22211306295517752,0.6932177021326612,-0.4495344672506878,-0.08076086343594474,0.01158983476680765,0.0004018826429300185,-0.0011222029342160221,0.11325259634151945
2942,1.4274764740504684,0.06036168704687086,-0.07313550870360384,0.5189423562588875,-0.3236557932256133,-0.21450455371836483,-0.3011789025216868,0.03169595979945808,-0.17741531965048737
2943,0.8635434007153342,-0.31961017997381147,0.6692741248055042,-0.4287093379423258,-0.09093904206431118,0.06987283610739696,0.048691502796191555,-0.05818716953376303,0.052975449774221695
2944,0.6387438350804368,0.41275361980922565,-1.0886693705181056,-0.19802551035765253,-0.3258099369225274,0.24538658366055857,0.3229435549072992,0.10200590227930971,0.16448221760213416
2945,-1.0935238099886166,-0.3201481888845337,0.009119032582319461,-0.20146337040764645,-0.2678568495683509,0.03477530853376422,0.04777761591220594,0.07183889628433672,-0.13237209589889956
2946,-1.0163648178515725,-0.4796857931706991,-0.05215793958734334,-0.24672964200014882,-0.2670524058698877,0.08358474749414108,0.04793578389853612,-0.016331408724494498,-0.014832332587177508
2947,-0.9746151250494984,-0.5978033235763048,-0.07021057990678957,-0.03758936781034268,-0.19849367396524145,0.015003770437221748,0.13295752930290924,-0.07158347501752514,-0.018877525288647487
2948,-1.1106260256229212,-0.3260517224177608,0.02343347956344962,-0.1623096878854102,-0.22289947760860718,0.04863228550609583,0.086912821260167,0.027473101682187376,-0.14955421992705717
2949,-0.5679355623188168,-0.32962409901278383,-0.5689429139376934,0.2772408844091906,0.7119833731740018,-0.27552614067166026,0.27037249772246863,-0.1738204228365732,-0.20240156096490347
2950,-0.6296834276600016,-0.34702033421187417,-0.3418143391750987,0.9121316675620743,-0.06419139597647193,-0.34811952659763057,-0.10357707034323335,-0.02374675982075548,-0.31251620705638894
2951,-0.2948309531530711,0.1595440590387204,0.514699783439122,-0.11123520872550291,0.10117686396106648,-0.19213798219248962,-0.13197463128300782,0.10168185215899891,0.12511582224720114
2952,0.7704693925671615,0.443429313782026,-0.5787039283862465,0.8366793141199598,-0.40892243216846724,-0.03791658449803423,0.052348695883698095,0.0724777343213988,0.048282274034693755
2953,0.5621088511512592,0.7508083911664191,0.5365309366170928,-0.06008964315544967,0.1163360600570919,-0.08376377341708147,-0.032953749052954194,-0.1379706866385312,-0.44915955892332965
2954,0.19162295358898854,0.6820101749022954,-0.7471524603163007,-0.04250229925015391,-0.2989896269981984,0.307620841022427,0.46513918579687735,0.08683563788378439,0.03953160556894422
2955,0.07684871609653149,0.680643651404725,-0.6299061611391754,0.381487008622178,-0.13649764796702982,0.2344112565609786,0.6482251936691928,0.0440567727644688,-0.1463546929397037
2956,-1.1556487567613274,-0.6763612889316564,0.01054301259179703,0.4515659586035608,0.7697295606622288,0.32148468143026987,0.3178840647711104,0.2593305023782461,-0.22145429900622104
2957,-1.0873838756550929,-0.3042426295831661,0.02056212454433342,-0.1105818118387988,-0.29513498853933773,0.008322880761280141,0.01452789549602803,0.013566145258942381,-0.01323576335969361
2958,-1.2002763868019894,-0.3923690085809651,0.09438674252253673,0.2631492574866562,0.43757657620383117,0.7713381653489482,-0.10108127843977285,0.17619164230555734,-0.048853391496067426
2959,-1.102204705160356,-0.34922934885501133,0.02243129917720923,-0.16962998647368,-0.20659565461050378,0.08300204437172479,0.0810514839195958,-0.08084530842001796,0.021024001209671496
2960,-0.6744402605026868,0.5406455405824887,-0.400820585321201,-0.08379106986307476,0.0906706333789888,-0.15689829031875827,-0.22585257819928134,-0.1799061688410393,-0.20686407236746787
2961,-0.8297561305088085,0.15771344163117262,-0.23735695026073633,0.22287024459716015,0.520538674766769,0.7231158458828707,-0.2700619210758121,0.17471704516420344,-0.20139400939499674
2962,-0.1747422819319897,0.9204033930967764,-0.4671902547157886,0.13278199999532644,-0.07920689712093425,0.03488946056643381,0.20637343635482513,-0.10697603569409066,-0.012493679887486309
2963,0.9019554300619322,1.3193764654917024,0.30102058477941585,0.13736515556150158,0.10918970095073051,-0.06993983528517043,0.21987670770710693,0.126640396904959,-0.07747472938142885
2964,-1.3304817218767133,-0.058156389874398265,0.17423028363863463,0.18404409827953283,0.3013028877469507,0.22997430196500385,0.03854314360337994,0.32978501407621824,-0.17295239937795398
2965,-1.3239058925283471,0.1069233040891904,0.2128192645046549,-0.03118643130472103,-0.17441840911209125,-0.020087240923929422,0.07195303391809972,-0.033149846523255484,0.03483557206948813
2966,-1.2182604560004262,-0.11214516691657371,0.12299937873732561,-0.09808987020994134,-0.18920851176103543,0.03241998302651492,0.07608204237374634,-0.0587933955587009,0.025258714255260308
2967,-1.289965037419608,0.15755907462547938,0.17705079379990407,-0.12461922630149162,-0.3200420943047128,-0.10325962104999291,-0.02851927746076585,0.24508196280236608,-0.17358395926066217
2968,-1.195497963290969,-0.1654898292681311,0.13166262270770102,0.3170733594581169,-0.2086876978641816,-0.10239981406963126,0.07386211300148887,-0.015807673019962606,-0.13640992977252372
2969,-1.1658925906644144,-0.19492928316226424,0.08041797705934511,-0.14306081062966905,-0.21473503243852357,0.043480550403680235,0.0548413019379003,-0.06764521865041452,0.10013211632488717
2970,0.42920977361957763,0.6096700811849607,1.101101014486405,-0.08338119432353776,0.08286436312453722,-0.08797744643410045,0.10072215242541593,-0.05676117069432848,-0.038025878374894136
2971,0.89647176858524,1.0712822696799904,0.06590137326394874,0.13955493292483753,0.12605177645452706,-0.04825702908324704,0.20966674384450315,0.09717465542005269,0.017204102606254816
2972,0.21330504900787525,0.5762612087768705,1.0677292998363201,-0.09624826616259816,0.006123469966993488,-0.0036215939047146333,0.15493286110076157,-0.10952490049513068,-0.07319114131269454
2973,-0.8914894495099989,0.3576967185650064,-0.16532229745024926,0.18538243059598972,0.3655166021541262,0.6680432443666993,-0.3062211484579472,-0.1486994116876133,0.05703736652528567
2974,-1.3341991275270604,-0.08749143512040712,0.18129848991394368,0.19471777139257807,0.26207167569333784,-0.12913734660037474,0.3116544131707381,-0.02373070147197778,0.06951526192680377
2975,-1.4007615491511574,0.23172722859767694,0.2814393651991294,0.028911398794034517,-0.12908492333152866,-0.024326757665522458,0.09261443752868743,-0.08896126970312805,0.08482998675713743
2976,-1.3744702978427712,0.24335406238559756,0.2592109045047809,-0.03838555557378612,-0.20614443693578977,-0.05110256162477508,0.029738052435167188,0.0035120168794394928,0.07961174682988106
2977,-0.3392956482714883,0.8083733300352516,-0.4932687368507591,0.04635027225972652,0.01907975001604708,0.03634396457531762,0.11111076087736967,-0.19110488845006252,0.061231805593606754
2978,-0.10547961475355593,1.1608630807303422,-0.46782751021904045,0.17858909555411637,-0.1986394339543106,0.2503413845032039,0.5419635744279907,0.0256641380695381,0.14360597698452318
2979,-0.3955882835515829,0.9456768998319144,0.17733551741236012,0.04586019471560577,0.18334604817264105,-0.2977034402110803,-0.2266087924264042,0.03477935059183485,0.17135621466617582
2980,0.04196591808060472,0.42083249911717857,0.2501150754957189,0.5824065253655626,0.5758267665092424,0.5340258333247769,-0.20762434443610794,-0.10172830121936832,-0.10067727729563784
2981,-1.3839425867594148,0.2669120351035322,0.26973341237025156,-0.02521486748919301,-0.19878723171253448,-0.052829165387007965,0.023924125556094657,-0.0120454725626389,0.14671741147595085
2982,-1.378757190681521,0.16211860856422033,0.26759963298687833,0.09053493906185373,-0.04226655224474559,0.12219908635672037,0.04966125275425801,-0.0986505262736219,0.16619942476167698
2983,-1.3858293525882879,0.24044925593985153,0.2637664478755652,0.09719320363456098,-0.009232132773549201,0.279406680463827,-0.15417620595505965,0.26292394560689397,-0.010546269058933584
2984,-1.3556752669610825,-0.14485600192140607,0.24999606629292503,0.2725769512033653,0.34914339764358227,0.5175339543419613,0.13177902260417715,-0.3618385643939339,0.3618171332743235
2985,-0.8317183536642411,0.9122466457162122,-0.21544304762441902,0.2246589729352478,0.03876172079942165,-0.21152510707910852,-0.21087752557080414,-0.25504217099226056,0.11156740438691032
2986,0.3235843479495525,1.1507289384977826,0.8117542409096709,-0.0028274429794724848,0.15028128773351054,-0.15576319357896465,-0.02159628493942097,-0.11815133936687836,-0.0427724946281801
2987,-1.4738149567441432,0.4734033000159259,0.3478723650514511,0.06764469655176913,-0.18281840513510875,-0.12771192410034207,0.019172643720644096,0.03426123726431692,0.17057586160356333
2988,-0.8760576824489505,1.0064645168081237,-0.27270054019524015,0.11386433719538128,0.10796813308607241,-0.2898986778339989,-0.3635694565265311,-0.24140261504896568,0.10358125367586456
2989,0.7790235557337669,1.2980565038289809,0.5732792690330999,0.6600619866865011,0.003862757692438036,-0.20921990753166372,-0.06749766957413436,-0.17067151410170503,0.07751371939576333
2990,-1.4834737958752222,0.3722122872490427,0.35368703047083966,0.18214510526444783,0.025734398911534024,0.04899679504372465,0.0522564933506829,-0.06807369698593126,0.2723845344420327
2991,0.21772532627377544,1.0330808287762556,0.22589047220423403,0.5094153567067417,0.4946501665004876,0.3818357524158507,-0.1876972012380407,-0.046681867441734345,0.18738520367646147
2992,-0.4000291233789039,-0.7477594770555592,-0.6798850912389576,-0.013421480501744663,0.4620517520712875,-0.18603055439959637,0.18323595219813404,-0.05458395334438142,-0.051659900947254166
2993,-0.3928544646391001,-0.8308479123078907,-0.6912173584259714,0.08438765739121307,0.5726978141094865,-0.22643899251013888,0.27328846547690316,-0.05136837028728961,-0.05756866105660746
2994,-0.38006049389583735,-0.5061867409784957,-0.025620024326210206,-0.49158774964694174,-0.320489121271901,-0.15098336047644195,-0.3131370281736072,0.367443937865228,0.16341189799397088
2995,-0.14843165421660454,-0.47295060028535024,-0.916188013988478,0.273444785830218,0.21476089088334982,-0.3775254695159573,-0.28267519318276557,-0.044200307012888976,-0.1664388971845695
2996,-0.16442790863144627,-0.8797107340896867,-0.016347660315334817,-0.07412808500606559,0.10526212588301517,-0.19795899680179116,-0.07797078539398006,0.030409815143547382,0.30676335626585066
2997,-0.4514057583320976,-0.4450636848170992,-0.5640202387686513,-0.3532157441558704,-0.12617656483111406,0.1750726720025337,-0.22517316680540234,-0.0722201232723809,-0.005294889877158813
2998,-0.21054264933393763,-0.22644173113693758,-0.7807857942165275,-0.38016769173732423,-0.09811438090023895,0.0037094379599922223,-0.2406293607740725,-0.17241528669488929,-0.01599073419960676
2999,-0.12739482907584193,-0.583232946122625,0.07629929066601888,-0.43573455538215133,-0.12009977478293578,-0.0792281398046995,-0.23417691770047552,0.11647576811803127,0.2702859027299515
3000,-0.014056890473357446,-0.23729013910742183,-0.9382292063173456,-0.206172975799631,0.24151023721991152,-0.06801364384608077,-0.059257228358793705,-0.176731318980615,-0.014474329590904639
3001,0.6105931687502636,0.08530348545908463,-0.30982155414690254,-0.4793997831869079,0.019896763639498806,-0.2022621393437404,-0.4337656166745548,0.14559694201414045,0.012572054499868196
3002,0.18537641608217026,-0.8513013110761722,0.1844706048759443,0.14881559862612426,0.16654758202601166,-0.17112095714266432,0.06805220905903725,-0.0017167568101743862,0.13537769435913793
3003,0.39340159976854283,-0.13168912405243935,-0.3271952015701528,-0.41455047612899276,0.060107933996384075,-0.06869461756684599,-0.28908018548817843,-0.1248775265881804,-0.04967422915163615
3004,0.6156095757484128,-0.24030096923451297,-0.21904739795061445,-0.011005242347514127,0.011928256135109368,-0.22232847774935063,-0.3397697874401253,-0.04406070731508188,-0.00018372639362115384
3005,0.3122382529513019,-0.7437357277526855,0.23223698589148536,0.04398277126401322,0.15303046608357987,-0.1874478895297833,0.02626325807231785,0.05762069191359416,0.1939310912562584
3006,0.22217569798683082,-0.7935915895577368,0.22263736411392313,0.020764719576072434,0.21044280019251663,-0.15452225502988715,0.17711153783396635,0.05513143798733087,0.09439609821304365
3007,0.10055488893800232,-0.6107531088228748,0.21812301676547446,-0.3541113402038293,-0.09561812525891224,0.08435362470466345,0.045941613786646726,-0.0925234137070291,0.15753076158472112
3008,0.5028120381733306,-0.19427932415885515,-0.27361714603697823,-0.3243095903384696,0.16980705846030444,-0.13023666154547134,-0.2762255773013731,-0.06842230922322957,0.04652907928195203
3009,0.1656717080131491,0.07354936311485384,-0.8851282492611355,-0.3393255084428571,-0.222702059436282,0.10948663008076309,-0.009972628320824916,-0.04126667363092106,0.07324051290627698
3010,0.20119090277709697,-0.5149290330750675,0.2914787264511537,-0.4215431714976082,-0.12283385965843946,0.028865671111192787,-0.0683879979313168,-0.003173025041558664,0.14999209376069822
3011,0.04870292788195191,-0.10941608345375103,-0.8034418630995508,-0.17483003195860605,-0.25850650369368605,0.09662961208400182,0.08093978447297967,-0.00032503386638265894,0.04947451133156593
3012,0.4657524328115224,-0.48982040982685293,0.3083103595894558,-0.22955838342477736,0.21696512875249138,-0.2598334414734834,0.06573162540781936,0.38631826893809446,0.13346706566159341
3013,0.2996462387559086,-0.1471900810016637,-0.9266718319222277,0.2348936174304747,-0.27638912766844,0.11292441881214473,0.18423634712806605,-0.1401183543252564,0.08363750627736043
3014,0.5646494874546457,-0.7021431895866606,0.39672182734304046,0.32926849711623113,-0.2780712048705212,-0.08448488677269057,-0.10214511130526986,-0.17551235966127107,0.08957375282879144
3015,0.6907374153323732,-0.1607146748879896,-0.3629046432952294,0.10253703475691361,-0.10150644823825608,-0.10235689930234661,-0.11416884260370597,0.06738071644351014,0.14833496762470177
3016,0.5156873331301737,-0.19831040457887594,0.022592036641976385,-0.4146822029186077,-0.04480545012491102,0.035689613194415735,-0.09595025795753914,-0.10340436358363606,-0.09368232176914049
3017,0.7398639014389256,-0.09659531233330115,0.0648218413605022,-0.35608996031827317,0.01258240478492404,0.16983880518483296,-0.10745208059743143,-0.009786266825697594,-0.06480810669287164
3018,0.6520137475385583,-0.6034522297595463,0.4793657099313576,0.11225174877625194,-0.0644582545535953,0.06312842150738118,-0.08735451772797631,-0.04871172732655506,0.09766546046749358
3019,0.7379069738475112,-0.6935787978002013,0.5039867936188706,0.4584944562289663,-0.24283712060971094,-0.1342439802263078,-0.07537736851644342,-0.11839177359423254,-0.0017226048848307687
3020,1.0222914620096641,0.03282585449465152,-0.09707930950380722,-0.3041813082675196,0.11403288530797759,-0.007462954600099705,-0.0328336068646965,-0.062108390454464105,-0.03294234645442778
3021,0.8208707664851989,-0.588324519022328,0.4877519399769497,0.1590695181171609,0.14189619555219155,-0.23268082929886813,0.16400103950814157,0.10436930380418331,0.04291862195679443
3022,1.0542015829810545,-0.26343195923314366,-0.012971551088821573,0.71061944726516,-0.04041473355874775,0.36514697543542496,-0.4578587174498563,0.1307070944442494,-0.10041914930617697
3023,1.2717664752547464,0.173918912235034,-0.528511038013107,0.6013517462414063,-0.43785673175099415,-0.10866233312487723,-0.1360018259427173,0.14989779553954594,0.040001587191642506
3024,0.9702965382694827,-0.5043602811499884,0.5802945451030637,0.39228442923247997,-0.37532054484442673,-0.18933106776135383,-0.2582585175756914,-0.02364981209352,0.08632488591432304
3025,1.3976981435218845,0.44823062824582116,-0.24734377792245738,-0.3052901362924016,-0.0793227557152074,0.041120894711033945,0.13504962284660504,0.3066892778938206,-0.05730187833349828
3026,1.0544001015409137,-0.24931971370068923,0.20913728977143897,0.19831259745583021,-0.14879825043069572,-0.1342922739514004,-0.22348757809206554,-0.1389397752269021,-0.08056763531183808
3027,1.153103408037664,0.17589677773186135,-0.06110089637079862,-0.31556383780506225,-0.02394111982363864,0.04653257958319307,0.0786352922509994,0.08647605199786593,-0.1086791303528928
3028,0.843465093965384,-0.30840199246876204,0.6836498574378841,-0.4558631068601129,-0.1061241848685437,0.054374730531601294,-0.0068261794304235795,-0.03417032622887952,0.05126342858042895
3029,0.722424093964166,-0.4431164150025583,0.5563831948861325,-0.26494145169244687,-0.0966749105419638,0.06771733984012636,0.10964165057372742,-0.09644420841408607,0.07061010085509863
3030,0.6218275171814485,-0.6366743244967116,0.5596018170717473,-0.20248253796200538,0.012038761493776043,0.2235799404724197,0.4255712800367755,-0.36183275369194196,-0.056087848788949714
3031,1.3774827518092663,0.36855287438351586,-0.10493891399457524,-0.345080459894524,-0.04314796054209168,0.02488062567681386,0.06551475390235408,0.1870735192544395,-0.08482503638549702
3032,1.0151990667630655,-0.48632976643029274,0.62948042948457,0.348063403941745,-0.3527931688702797,-0.17284221485247372,-0.19265832780884817,-0.01186899744092086,0.0454843756758052
3033,1.475591400547274,0.44082568987179627,-0.2527140493102119,-0.240164552884271,-0.05665006603651893,0.07722781331728516,0.2367739270044251,0.2949301852902505,-0.03171487303467204
3034,0.9581380510837743,-0.5910389448875264,0.6247437087899009,0.5143967422162119,-0.4291962743128129,-0.10702266365142178,-0.10609263775581057,-0.14188435250104922,-0.052045032411209925
3035,0.8597456113043537,-0.4845316801531954,0.6522024332963755,-0.1018393527078595,-0.133035650058383,0.054361370323644624,0.04303689969645272,-0.18209298003403357,0.01880092181080923
3036,0.9221301108999977,-0.2724503811233616,0.6858584376118193,-0.4508279801932051,-0.1016468962194859,0.048749088030304484,0.028562613002007353,-0.053179305733376425,0.07972851837250672
3037,1.1754604116979384,0.17833318432515763,-0.22306042726991313,-0.20462534137001193,0.02702110697783441,0.02333289791427486,0.03272737702036206,-0.00523611528737868,-0.05446828895594862
3038,0.6641841446083991,-0.7201246464885115,0.5572682269243493,0.4556570725754104,-0.0012153166197163125,0.7470846385989073,-0.21240116692056543,-0.12896132970900046,-0.023563300199765623
3039,1.1267816040012126,-0.4523602341614186,0.67242199436216,0.3798220698906956,-0.38124324790317105,-0.14849076554324028,-0.21542126050696775,-0.09049873411744698,0.03597876810424335
3040,0.9964774822731083,0.054861476386102496,0.10063293447385846,-0.4222046803791602,-0.04471057888603868,0.08681374760281668,-0.008056219262348254,-0.08525459769234704,-0.12820345540761888
3041,0.5582891172422021,0.37117188192614886,-1.0871321835741679,-0.21811885610206283,-0.3292660466338047,0.2793339093360206,0.3003734582517335,0.08512828165879541,0.14818273644904353
3042,-1.0711294063751868,-0.4032676806577687,-0.0057636813454815,-0.09353166227293917,-0.18583275890304607,-0.007066374535297004,0.1344753570878863,0.04229168080048177,-0.1269854014454576
3043,-1.247586047606111,-0.0500584022947031,0.14183436444329967,-0.0884727991721128,-0.2027639486346771,-0.00046960763352773616,0.07969968566869247,0.029065054643013396,-0.12280995188719059
3044,-1.2463997953823913,0.06680707157145446,0.13516340571655014,-0.1825081398589669,-0.3476186519451429,-0.08227464375023207,-0.032611561516561194,0.28484526341883293,-0.26776598110458816
3045,-1.245439027006947,-0.05260358935240502,0.13864974516653056,-0.09986943232371091,-0.21326585391156114,0.0005722345567266304,0.07531107846257623,0.054249776748757715,-0.1719557920703702
3046,-1.1131729824995609,-0.30466977342113694,0.02426530130377499,-0.16276750549417907,-0.23655189689863088,0.034300328938065505,0.0753577976509382,0.05717279448135461,-0.16321665885620668
3047,-1.2857124187271185,0.049059686128286394,0.17483584962518478,-0.06463625158353342,-0.21155541422466342,-0.04001250455923867,0.06580600040245389,0.0645573120964999,-0.10771508186041415
3048,-1.104806600183535,-0.26906159326971624,0.018663201079948604,-0.22613439459081017,-0.3035420462779362,0.021129552157231196,0.015178298709267837,0.1144708094184082,-0.15115812163249995
3049,-0.6258327645940251,0.21000148318396006,-0.43538381604945975,-0.18469702508829644,-0.0175382651803593,-0.08896129658465317,-0.19527845899739094,-0.11818482209354603,-0.22580709538652347
3050,-0.223075998841546,0.04491824712683719,0.3873925705579988,-0.15024601834634121,0.07679515111583321,-0.35506890008394787,-0.41446802575511227,0.2800745459519467,0.20924639008674514
3051,0.024097535202863774,0.035244081218340884,0.5217894826621656,-0.22484384450612002,0.011943401377505011,-0.1296942689379053,-0.10120791810343815,0.11941420545859224,0.07341459197788254
3052,0.16169817773468836,0.14000038986864582,0.12794365813190137,0.1457650506972911,0.18053781584353706,-0.28438987034595536,-0.18215152138935334,0.09632867909078865,-0.10892141817084142
3053,0.317058649543826,-0.27640345616784695,0.5715725448872571,0.15206385373370002,0.15354660803461478,-0.2007748317589621,0.07232322633824549,0.031093697104793667,0.031727458659153406
3054,0.3577070630207013,-0.07960097522033756,0.7129769890063278,0.0027094584220807797,0.3969028950835429,-0.16033012111312075,0.24857562644908984,0.06878720383388577,-0.07481785785048534
3055,1.2779810519601646,0.7533118604860112,0.008513102295895369,0.7281032317381465,-0.2680753302246947,-0.12554544809132373,0.034434672579694486,0.16871721857580402,-0.308327509819064
3056,0.28355111341969413,0.224265280885967,0.9186976395576876,-0.05267828919509338,0.18333056440714313,0.4675601017135775,-0.007519958841954036,-0.02743512259983001,-0.1418308170101348
3057,-1.0904086129764181,-0.3125669223896864,0.014109691449342477,-0.2160218186721243,-0.2715792639213724,0.04540216671915948,0.02687134956395584,0.0033940575774413033,0.027777175688715426
3058,-1.2877257717341262,0.02387031600365483,0.17600903356329792,-0.07220259808080098,-0.19498097581594048,0.003433517677315748,0.07573098605321898,0.01822469471252259,-0.1256898479291449
3059,-0.003847714192496563,-0.07026184597700459,0.632593741433663,0.21176171866004045,0.6426991538506552,0.6530584899466821,-0.18989512311761372,0.2892789082414225,-0.033906512753227855
3060,1.0283655921816026,0.7538231212693923,0.16703081650965604,0.26857856875332853,0.06388208629403509,-0.11552549554249096,0.08964079348180506,0.07214846346940418,-0.20111725532989974
3061,-1.2499951355468042,-0.09043832373712539,0.14424788630964186,-0.035185484430971976,-0.1401854819313489,0.02367910522178297,0.1257968471523833,-0.04130878167861828,-0.07586799493743115
3062,-1.3383059401776483,0.19414310288324302,0.22208898885247497,-0.07344580822978372,-0.24639605173599446,-0.06359252010364776,0.014613462481255786,0.09832505235931056,-0.049798527459335794
3063,-0.0296212015562458,0.8939362188303803,0.31696356642923734,-0.024502406452872605,0.18366861931043263,-0.1720024214387652,-0.11453146597606072,-0.08548722982593732,0.005118325503225088
3064,0.6859985257225129,0.8333150200011472,0.596686762847903,-0.08201308616943223,0.21951942839886748,-0.09641150120311504,0.004336423653577105,-0.1414169918436434,-0.20577300937302215
3065,-1.3210267064978367,0.07042455837430428,0.20048416283164872,0.005684206017385763,-0.08893711841680596,0.08545046868232653,0.02812060094206696,0.11121579246566231,-0.11734722291822373
3066,-1.3641851706373378,0.030932751470761417,0.25072582170191016,0.21590175374348408,0.2443539108608024,0.6354499089915915,-0.15225508287432687,0.11611958754898202,0.030806418700481526
3067,0.4421476236968738,0.8416519842302305,0.25101963197060384,0.08790232608996718,0.36715109217475617,0.19713116898808905,-0.01627068123203495,-0.099906081266983,-0.07336919744517473
3068,-1.2056941150636302,-0.12328464638704965,0.11453115820575344,-0.11279756776385459,-0.19940537893831894,0.0353549819892781,0.06007660898186163,-0.06906795889885393,0.09442484015650672
3069,-1.189315273045707,-0.19759735427920405,0.12087846240203341,0.3738406880454481,-0.12592054975247108,-0.15396954389224135,0.11379929953089861,-0.0036515599682279704,0.014720195072893634
3070,-0.8609581160955333,0.49918574065001636,-0.2225729558795448,0.02619121955231591,0.12279739186200983,-0.2060405329061774,-0.09361078853112115,-0.07815274840893532,-0.06043522875120096
3071,-0.3002824602670463,0.5482232435206521,-0.05010856850333165,-0.04306236560451235,0.2038878649433056,-0.195189001566046,-0.2084834913692874,-0.0978229921152881,0.2581553478890719
3072,0.24086174732402496,0.5497686701900297,0.44265918285507927,-0.1909414027582732,0.06989988956512015,-0.13889709699766106,-0.14180506858525088,-0.021673030129279337,0.053188505266483235
3073,0.8846166017559098,1.0232732911591715,0.3273307420092291,-0.055742900505751106,0.1280271272718252,-0.016118126533837023,0.15241058863031792,0.005238256450229618,-0.02409771338982821
3074,-1.2833169849495298,0.09212743968206866,0.1839812008681081,-0.07970058444985346,-0.20710634584568804,0.08731252089243352,-0.06912335539331514,0.08957214639100305,0.10468829203558962
3075,-0.7764026828230082,0.8368504374516746,-0.29873482649218436,0.027478070608938053,0.10803033983855492,-0.15800620882792474,-0.17691847647853262,-0.22756230894464127,0.009356639936171111
3076,-0.14881377201033286,0.5649333605649047,0.00906512886194781,0.3258989912096732,0.1663394294302894,-0.23224566598804847,-0.21119434642679633,-0.2165588309937611,0.03554829844727769
3077,-1.3921509410840718,0.23624495321479466,0.29263640199753366,0.13874412015241672,0.05155841508182764,0.5817144295723434,-0.29260226521174765,0.22983976990861876,0.058284477750871644
3078,-0.8520993825647404,0.10009173456541764,-0.15606710057871698,0.4438670940461506,0.30981337986329727,0.6107542264688509,-0.26700317965866516,-0.07285901673446489,-0.007648878049444609
3079,-1.4167863086780983,0.19639262881634723,0.26510639295181,0.1865735741908498,0.12930414137603263,-0.042330416180161666,0.12081082726323579,0.1481287412037932,0.010909161829533269
3080,-0.6754696889811674,0.15174628908266635,-0.32151047048198855,0.7938881805060185,0.44003469247867266,0.6182055960117385,-0.42181610290232746,-0.13390385241511168,-0.03306360739694631
3081,-1.3616052643667726,0.15526248322013095,0.2554601294302647,0.0721659042418472,-0.06663210426214572,0.11310723419506052,0.02727753531878529,-0.09205147231883246,0.20086813634059483
3082,-1.085320201473775,0.5599555452864872,-0.000834846980928556,0.09504520661113118,0.0730964903336081,-0.07556376877641796,-0.012829024890268598,-0.2967409962238338,0.21374290923525222
3083,-0.8752358230097627,0.6391584946105218,-0.16318667743541995,0.08580198952564824,0.0969905292635144,-0.07248559301219945,-0.022630454487013642,-0.28985785650577256,0.18414056297526965
3084,0.3011735558540175,0.9256768111429997,1.1820459498936549,-0.02920797413900147,0.07910700033023046,-0.16953045315280565,0.027480660491608307,-0.01285952396503985,0.23909074986520912
3085,-1.419791569378029,0.26967131995340166,0.299549160184581,0.10260246705278189,-0.0843171753787508,-0.05059436579201285,0.10960896292536372,-0.10814029743405568,0.22605467043721503
3086,-1.3951270661169757,0.10205073395872613,0.27948547019322395,0.3062845060336477,0.32007533846002556,0.7285138646097532,-0.22397047859455674,0.18685917095306856,0.1074850062723191
3087,0.41631106110402594,0.9899961144683601,0.07858077289364243,0.3839375467661057,0.5805456276739445,0.8186831734731111,-0.010831903215312962,0.2868328116576798,0.10824762986533085
3088,-1.435805913709737,0.21678810135483217,0.3250959767175281,0.23217202035021692,0.15607312017761993,0.5243680506819052,-0.1268661341835669,-0.017509356213633996,0.23317517646694472
3089,-0.5525326367058123,1.0716456723423986,-0.2963136475561372,0.47270110344013794,0.09779079801084402,-0.08525432276523601,0.03258539382634921,-0.4262170995860574,0.3321593851879539
3090,0.0650612410370225,1.4981505351756244,-0.08618863553146112,0.2900381333227273,0.21696859208929722,0.0403775217374587,0.13104854883629627,0.12885492441754876,0.5864720699690998
3091,-0.3824778517494578,-0.8058808720536398,-0.7147019547544532,0.06884492494845298,0.5755093899136974,-0.22054611581590336,0.24790925813021356,-0.03166966779341778,-0.0630019266609865
3092,-0.4381468718416714,-0.5262887820415486,-0.5777723738068934,-0.3286540479964315,-0.09194980773353766,0.07535289605453512,-0.09916593376191643,-0.24416508826137193,0.012853596333270947
3093,-0.22178858722372558,-0.5110057142812621,-0.918102739223056,-0.0007188458757137997,0.6151643223089368,-0.40019104000271283,0.0019132388361635581,0.049027446367014206,-0.1444814600028063
3094,-0.4064288677054251,-0.7505578210429728,-0.6712961714117608,0.001776798263175524,0.44835496341793885,-0.21802258077598247,0.19350130705006863,0.006981077287461104,-0.05515293148342591
3095,-0.14482423630760383,-0.4283403658252155,-1.0174089687580055,0.0008969760722875458,0.6649842954888942,-0.44251359801958484,-0.07146738800770813,0.03759408364817526,-0.16812334646945584
3096,-0.29576988382648833,-0.6087526735063362,-0.8129862713245302,0.004265785890978427,0.5612964285440933,-0.10486644814764387,0.0014777130526546565,-0.023912039851757688,-0.09568673973353635
3097,-0.27957223465473313,-0.36426084996890745,-0.7170834117196546,-0.04977174536397091,0.13896973420287337,0.641747632176624,-0.5613321824863093,-0.008844258229488892,-0.04857991640185257
3098,-0.12332185565684647,-0.7137244040143605,-0.7610133785621132,0.7348366384980308,-0.07395225787892327,-0.2832894348415429,-0.17435740727631052,-0.13321900293337655,-0.1073702148098974
3099,0.22751624476526483,-0.45242744293822185,-0.3625140714295507,-0.14104595060975333,0.4789159858660533,-0.35570042105976446,-0.12392480882439245,0.2080897182593472,0.08126481319842119
3100,0.18750901252971192,-0.24333544500938634,-0.6255196379292757,-0.22645746505082062,0.25881897307870233,-0.2345305193579118,-0.2051533324782031,0.06016542322528795,0.044883061177948116
3101,0.40213884594752625,-0.6761294872628798,-0.25688548467752925,0.6900673820728951,0.17431123968456178,-0.5197035767129633,-0.3435511473946569,0.17435487372157174,0.015294442846637385
3102,0.3023207941047794,-0.4140338453647368,-0.42126653979521855,0.022726290548737583,0.30636520734600614,-0.2713192051296176,-0.07944742880887666,0.08572163499338008,0.00377461972831119
3103,0.11046084276498316,-0.9266871645303231,0.10227109091114622,0.2526347495757052,0.3409464319945642,-0.3267439564269839,0.11000039614766723,0.18907962104905887,0.1335977414533707
3104,-0.01507810060115564,-0.5320162832212251,0.17017768407784029,-0.44883269871352055,-0.1742059492025186,-0.014950657759492815,-0.14618722450015798,0.08426013999854462,0.17834141466620693
3105,-0.07613549182997134,-0.1260341681144391,-0.7317803996771253,-0.33676237440395723,-0.2706300325192679,0.12017272393550206,0.01353973551623961,0.003025661279220617,0.05162214728431685
3106,0.28442530488554135,-0.5650442867916935,0.25115547079210443,-0.2955850002503993,0.09583996016653594,-0.1777606171771222,-0.08237668002572705,0.16202237862038588,0.23105984095987686
3107,0.3782506695232841,-0.26311053306714594,-0.2886999384501277,-0.26255726382405403,0.15339192480824873,0.06290900304101738,-0.20938277402047092,-0.0012283745089989708,0.10141923114729383
3108,0.2507330948178526,-0.4988490151115902,-0.17204473334539375,-0.13184615305614286,0.05220896314280226,0.004108979056929343,0.017593703423534626,-0.2112354187372301,0.049761510338998685
3109,0.5833099737574391,-0.13542085976618023,-0.367590140910569,-0.20214601660336096,0.46926963572176744,0.046669355435556496,-0.29600324848004395,0.18184386508296657,-0.013323392432508796
3110,0.2657628520312616,-0.47077102979834246,0.3073012968618925,-0.41800327121940284,-0.11520609398695358,-0.05018660004256814,-0.1294773181446527,0.10001899082494925,0.16810374558457658
3111,0.366934453454469,-0.6902292157189017,0.250709633341558,-0.0023766440228821712,0.12528890708796214,-0.19368424633549997,0.04373388912316606,0.10186862844729236,0.20595770176794576
3112,0.6553681003830064,-0.15451867172997924,-0.34271259790891034,-0.15495769156543135,0.3539910849929653,0.03011495502995384,-0.00606642177950364,0.13908531626722168,0.011480873656538248
3113,0.5392252993258401,-0.6598140781886227,0.4605588013125063,0.019702265450456703,0.7173735118415904,0.40346701268791274,-0.16559628100375393,0.4343384174314963,0.08472787641443388
3114,0.9766050674329423,-0.017737553636662042,-0.04679722246129149,-0.013662209612689397,-0.04368596673408879,-0.24268310368394247,-0.3255248906942296,0.09785613182908731,-0.14572587146105132
3115,0.8385612166727239,-0.02750104759348336,-0.4109255612773238,0.06734109532428918,-0.09219669238218135,-0.0780552507217005,-0.04770465554828396,0.15662786773106535,0.13560343200399547
3116,0.8341015378263877,-0.4835965680103826,0.48983315602189503,0.4255728117011039,-0.37765200708080776,-0.3532079123131181,-0.44634511301627994,0.19967875331187787,0.06771042746795067
3117,0.9873862518231628,0.022881141145097764,-0.328315403284232,0.05765085458507959,-0.053177213774684366,-0.10450949129260197,-0.1964183317404282,-0.03642873717260755,-0.03678911372121598
3118,0.8042209710684974,-0.1361663503427876,0.06630334602092573,-0.3308076867835116,0.06118804680224155,-0.029137342843891842,-0.053723270880854414,-0.08929626463694343,-0.09187354960365773
3119,0.5595983626168662,0.021247997582967283,-1.0257774118551592,0.32367000482692837,-0.3251892528043171,0.17572100907228838,0.25723067052023035,-0.1711271089856246,0.12114610687101882
3120,0.7935034411397109,-0.6272710197121238,0.544387926316626,0.37073939132667777,-0.2014389954583121,0.046343723410274665,-0.16243050592827352,-0.10223252469248378,0.04644682348442089
3121,0.8463301052182957,-0.5743028687761488,0.5857364924343745,0.17115560784386938,-0.21357787993251515,-0.011885944228940402,-0.006140947392375216,-0.2150051047830747,0.03898924836884651
3122,1.0204726991465407,-0.0378374078307608,0.08716019981832772,-0.278398507322424,0.007555870519707457,0.099871739648475,0.18167226813290427,-0.09128405357807845,-0.16706821493672205
3123,1.2684607680032514,0.33213521898730636,-0.24962434909549677,-0.320810373568069,-0.015523785253588988,0.0572801790076473,0.06894049694901251,0.1283164233443552,-0.03679431395729057
3124,1.3051937561798397,0.29313059742120084,-0.40166235848750403,0.024650504583813463,-0.1518461549962639,0.06639516869468605,0.21337468049039351,0.2631723451387218,0.08954091167490941
3125,0.8021016216064841,-0.47132025626829027,0.5747180555532322,-0.11192372105160787,-0.03397789868557572,0.1389836195963504,-0.008389817422049578,-0.05440134297115477,0.10866685185309043
3126,1.5185800155061604,0.3407858554874785,-0.2938989569752095,0.24794677422872707,-0.3038219558599126,0.007096872000027687,0.09786448266792892,0.22166691407927297,-0.09857851246729306
3127,0.8151619490614966,-0.3749421133517286,0.6347514194314167,-0.38809355664375794,-0.08315146601298268,0.12764086441499256,0.15494228243135422,-0.12676730630413735,0.026842570450868054
3128,0.6977559501534151,0.05530343059086807,-1.0660705366800742,0.6574147783380675,-0.5742332044334583,0.20220332812410133,0.2220548198786612,-0.14366093130599403,0.11142991953597524
3129,0.7735316003574013,0.1263478647884306,-0.7746392469267743,0.06950898068475403,-0.21420174864607008,0.16726617096422672,0.3647565811408126,0.1967114244963448,0.24390690300527607
3130,1.0340368708203358,-0.493044691395148,0.6314064446902327,0.4009828641790058,-0.3886834461260046,-0.16284364725005043,-0.21406649561692725,-0.04237010459028348,0.047402426881353245
3131,1.3789004120585993,0.22412373103476865,-0.5037822233664894,0.6258751166542482,-0.4813957979416164,-0.028606588193916458,-0.004303422567224262,0.1603286479913078,-0.009224103481311263
3132,-1.1016252606796348,-0.31549188155360874,0.025539138179379944,-0.24819476320177294,-0.27216663471200014,0.07435896080255315,0.0301727520917979,-0.02176430781158896,-0.0044615995741781695
3133,-1.0691618621243881,-0.3696279384050122,-0.009092036156520593,-0.22859980594208662,-0.2739381911484318,0.05817879919613127,0.04098671385068573,0.03501156025157126,-0.08977572805647867
3134,-0.8524838256204029,-0.9932005535766676,-0.13894933479723964,0.9729618306043941,-0.03483887151979031,-0.3125027865150589,0.16028817462028208,0.045079691082013255,-0.12208288791258205
3135,-1.0443946211274011,-0.4147238466038989,-0.029049608136370066,-0.2505526888989081,-0.2816357149839955,0.07056262514031866,0.03406733002513708,0.018794230831404784,-0.05096447028795807
3136,-1.11542501952162,-0.3166409856331995,0.02754163164179299,-0.17667822516562964,-0.23022154201721987,0.06372080351999251,0.07712783768682344,0.013223461238622846,-0.15182566269698158
3137,-1.2041224429359048,-0.0451650829669485,0.10178795728256929,-0.18891416236145336,-0.31986282976547437,-0.0410198504462762,-0.008858875906819698,0.19897366229416122,-0.19890932189561739
3138,0.12497078657973656,0.5244072338297934,-0.7882387168970357,0.12929074109216862,-0.026274271564082866,0.05006016675283858,0.1329926863613509,-0.21279561252119109,-0.0654793108622497
3139,-0.04037240791796447,0.7685893032921675,-0.5922452515957605,0.04969297420087564,-0.08075764994661384,0.19888147988730898,0.3729429992568657,-0.09603738611618297,-0.06839471302089566
3140,0.31561691460976465,0.23663794748703623,0.9083957429934962,-0.1686694933793903,-0.04342130658676368,0.07380216195793521,0.2234423638020044,-0.06353301376207099,-0.32770120044244555
3141,-0.2797078225746483,0.052084884801091795,0.42218179196944,-0.22463885026763677,-0.010345682714568928,0.05589678779533856,-0.36078410329530547,0.3885017502057852,0.030604288541284812
3142,-1.2557601127142277,-0.19472422146721055,0.14004639478195352,0.11175166771242352,0.20366953053144213,0.515322889493296,-0.06934495948759446,0.17279002948382333,-0.13866586123964156
3143,0.17417183137117323,0.22348556279620388,0.9249304012099879,0.03558740655816023,0.2925529528035112,0.7691540730727998,-0.0962002641168435,-0.017082307769585917,-0.09458750347192611
3144,-1.2015308268352696,-0.12228406624477277,0.10757418337811037,-0.12232211616392959,-0.21903116570699369,0.018505579888605562,0.058360441144760605,-0.015511773587011,-0.009421198891817195
3145,-1.1004442371457201,-0.3407596901816692,0.021858124378683338,-0.1673819524724767,-0.21478674198682104,0.06938451738202457,0.07558251761032843,-0.06474374445621948,0.01538951134974373
3146,-1.1798684735853942,-0.23255709862521676,0.11058851530896174,0.12001943051690096,-0.1782520167003394,0.015351412297427893,0.11464336739013142,-0.13736026170116783,-0.08653190811983738
3147,-1.2581938056135038,-0.007494862615317499,0.1547932537295935,0.05275460380233869,-0.19730727770512949,-0.09771575618398648,0.07190600528243787,0.1249549964866747,-0.2085671905423444
3148,-1.2402544547100791,-0.08671285099321296,0.13729543679197315,-0.03825175202548889,-0.15784228970342834,0.003951108413484582,0.11434807875857328,-0.02665908223096118,-0.0750231865094949
3149,-0.5979617475855712,0.31502650562305634,-0.46744938322281315,-0.2269113531784076,-0.04566446220110051,-0.13350077167455301,-0.28755267198017503,-0.10775098754189062,-0.09232108893218831
3150,-0.8037679244745831,0.43621194611028763,-0.24013752187660595,-0.10602418857627165,0.02665904064087736,-0.062160944067427545,-0.12382426948408809,-0.20848473064878872,-0.11404353680380311
3151,0.11755247399680295,0.8205972121295265,0.09621132682979722,-0.10723116812272393,0.07081401513924783,-0.1986540150545246,-0.12717355989006998,0.23253054729055614,-0.028443381130605825
3152,0.24078175796222367,0.33574068924155215,0.7570850111251214,-0.23258683433875785,-0.01660370814350338,-0.1561761280296851,-0.08341577582850851,0.1075056461432345,0.12751388925828627
3153,0.5316158657811237,0.7185647948577215,0.10058441526498799,-0.10873287653094663,0.13375800154276052,-0.1537865009093193,-0.05729394424087808,0.12463319239996042,0.004840333921749163
3154,0.48304938397945524,0.4851841123067727,0.3879713955199441,0.17356912233579422,0.4715246539494861,0.8967246982583644,-0.12629151199430919,0.04630135481391232,-0.23441931394064672
3155,-1.343757114984456,0.0994221318950999,0.23189221063639837,0.03401792172923631,-0.10616422674651634,-0.009524279857656538,0.12514243771244823,-0.12055170308053083,0.09099375385753793
3156,-1.2528055076696403,-0.05897258314315969,0.14999604124595897,-0.04979035554887688,-0.1628745234220029,0.007813401971031256,0.10167356113831605,-0.032083125876916446,-0.02870057279509688
3157,-1.3263701653047952,0.1588449079309154,0.20900691753728926,-0.07452684020039041,-0.24117224396322912,-0.056387583643315746,0.026208298525845268,0.11438737194186221,-0.10050984955496389
3158,-1.3773374633909294,0.19211102893761917,0.2610218737218013,0.00811468658829158,-0.14182516147167692,-0.02418465353879076,0.08817302442545748,-0.07934149348437577,0.08356370075474802
3159,-1.3085766242571393,0.1723033847534098,0.19375542659877815,-0.07079437618241292,-0.27834530818021835,-0.11262702993638919,0.005123782484480558,0.21025722642066516,-0.15335866597575223
3160,0.7312134545514551,0.8367963650102244,0.23299223023181756,-0.057099443804236476,0.08389990446787264,0.05770832158008662,0.22305783514453675,-0.12499072194867288,-0.22251882204391712
3161,-1.3628159511541584,0.23233122851487822,0.2425466310961277,-0.044693969650195835,-0.22884678291057636,-0.07146229724861053,0.026513037689087027,0.104752392566353,-0.06653030053025011
3162,-1.369597029457518,0.2079728361217864,0.2590385294088998,-0.03294145966593061,-0.18430413575364593,-0.031591444845740196,0.051164499754276546,-0.04530592659720451,0.0790195311683625
3163,-1.3200853057259838,0.11865221667863553,0.20637355043381247,-0.05953080121856316,-0.20723221466439312,-0.02461771269344075,0.04698083397951465,0.0349878075124731,-0.03304576722439919
3164,-1.2795093240054605,-0.09134888253629203,0.18576346860119658,0.12262227067518364,0.1497190315887457,0.8305154855875944,-0.2861376864477198,0.21672541028843814,-0.09704392218895662
3165,0.19196800430734431,0.953274857375402,0.06394237143341192,-0.01055873472333741,0.19431197344558013,-0.16651172134980097,-0.09203319556530012,-0.0015913677658461844,0.10729599119500058
3166,0.16675724821594376,0.5690221689830034,0.9722437492311163,0.009307483274314556,0.13410300326141486,-0.17103040898906,0.11227254412950236,0.016428085256848537,0.0387922868954175
3167,0.21841787567977014,0.5187887319806854,0.9867723549009663,0.030682527111608373,0.31181567470137156,0.2678489431870207,-0.13107489750785395,0.1451290478182417,0.045446876640139175
3168,-1.3996037508349946,0.2553968623985454,0.2766998869864903,0.09560540000640871,-0.06434792248285418,0.018569154630709062,0.02407566014945822,0.07609963020527365,0.026245771962190245
3169,-1.4034936769483963,0.30374802116797645,0.2835703574155423,-0.006951930932102082,-0.19509650246224536,-0.06451178471507185,0.029068644708137522,0.01649431300412281,0.0918131343845175
3170,-1.4075630071813041,0.260192191063433,0.28733847361369425,0.0883300334274772,-0.11430492931674367,-0.06485255317674253,0.10431871565794848,-0.051438935348392494,0.06535996130074441
3171,-1.445066043363013,0.3789909657141462,0.3214084925068544,0.026636751653032687,-0.17419527171246638,-0.07410204287166505,0.03639853680473904,-0.017355587766437985,0.13891480321096855
3172,-1.4175582528335917,0.24724443681492914,0.29230253787131144,0.1186706586223756,0.04430419691879538,0.31967861514831253,-0.11825210671105074,0.16780298649967787,0.04843671399366994
3173,0.5591301718638848,1.3984561044260133,0.44107942994912475,0.2631887327042059,0.48164770212936886,0.5722802637052081,-0.20098750642060312,0.1591929039923073,0.09580796466306166
3174,-1.4514976879407129,0.4123367683815633,0.32985781820495175,0.017970977665067184,-0.19093453855860873,-0.08736200352219807,0.015567394725460957,-0.003113397805230248,0.18000499371692041
3175,0.6505218812349794,1.4890847386294803,0.354856978877489,0.09943708525400366,0.12571224204963366,-0.05754712260229082,0.19355304036288157,0.060099913130282415,0.11909916489493003
3176,-1.4270383279254184,0.23354706492063856,0.3167099496581187,0.18647850916142428,0.10427952454903998,0.5083087402466331,-0.16171155295587034,0.04684589015978433,0.16604769170126302
3177,-1.4643611955653293,0.4640753797667215,0.34969007589926215,0.12634503730221405,-0.22111639726864954,-0.13644698334725236,-0.009751470942120996,0.02701488155105606,0.16712279780115635
3178,-0.3407910761099655,-0.36776997063690975,-0.7059642870786486,-0.3634845230660575,-0.07138665357694496,0.0016360042050121786,-0.23767744208926453,-0.2129451707509151,-0.028563114221741636
3179,-0.4605010355222721,-0.8244908983642888,-0.5782278554859689,0.08179740959146806,0.5509646744756501,0.2817073237551155,0.07700903226350884,0.06464831805773673,-0.012394030224778614
3180,-0.38441545192721416,-0.8820902073365813,-0.6219028995573175,0.24996083282667858,0.8527367255886026,0.5451507706326891,0.06764359562370524,0.052490648454816415,-0.013965939199537153
3181,-0.2083210795355022,-0.765059507316608,0.022493293449805066,-0.27465997892902294,0.020704982118523885,-0.06400836480435645,-0.032616067929731075,0.019726981304758195,0.2250029400176392
3182,-0.14938725021717958,-0.4630871056977645,-0.9066485650608359,-0.05841727158255516,0.466120838535049,-0.20339775263888088,0.04115157206405586,-0.08811160603402526,-0.06616798043052188
3183,-0.10607296484436045,-0.08503229756767758,-0.9160242712230565,-0.4004917594160797,-0.05365378947677155,-0.06739169038733547,-0.36412184590644175,-0.165878725625144,-0.050767502339751594
3184,-0.08192360813929378,-0.1401432896810881,-0.8881970065298694,-0.2525950490187541,0.07476858411235165,0.19521988955890077,-0.3822439694726568,-0.07909419503576405,-0.03980555400586749
3185,-0.0927513378804061,-0.511493548777509,-0.8074857930996514,0.059643044214329144,0.20225061190655938,-0.08182135154464908,0.14320906569893438,-0.19902275369774458,0.015293230731552514
3186,-0.06081741505308591,-0.04421003968875378,-0.8712325044654347,-0.3914100158188812,-0.14279409813888982,-0.03982418066111377,-0.2655799574082357,-0.059287256722261955,-0.01995531166289443
3187,0.01791754588109236,-0.8534273591382477,0.10798905132072131,0.04163117281429408,0.6140802497406411,0.3353998370384053,-0.050469479612653356,0.2834462049953611,0.20239061111586537
3188,0.4035267910290746,-0.4696833659626142,-0.14939455096841486,0.1341101074997518,0.08976563511550546,-0.32619793461664226,-0.22967394029365854,0.15630363308619102,0.04667350765407764
3189,0.3801218104328038,-0.8396912479494979,0.21842511498756212,0.6203334202874251,-0.11253918971384241,-0.379744892786833,-0.25023366567638566,0.1309191457729683,0.12688013691329117
3190,0.026944020863298244,-0.07997034958823328,-0.8301327422771921,-0.31891195636551795,-0.17311642682507497,0.10848702674840115,-0.0145983986574679,-0.09721118971439997,0.05912573687181549
3191,0.49654828097327913,-0.06998619525306492,-0.32929387978592106,-0.3778082722674115,0.03848083361979882,-0.08995157189770739,-0.2404477432271584,-0.009522255843478938,-0.028118769390768617
3192,0.6150844654467023,-0.18455991630426333,-0.13324967853489178,-0.3089959754686747,0.1617900811600337,-0.18996579238789113,-0.19516653357248823,0.12172262063982835,0.11863586997030164
3193,0.38797140211718284,-0.1990861025855813,-0.19239073140597207,-0.3489117119805928,-0.02594748845400103,-0.052330648445597316,-0.1265617583832424,-0.011978480164369717,-0.03748565048199707
3194,1.0143968190858954,-0.023537779412690068,-0.26281027096280457,0.11885809806712716,0.0694422628168391,-0.2597631528833381,-0.2529046331203411,0.085991745447482,-0.10010235600576779
3195,0.49773523204973935,-0.4260255370826711,0.4705681964866409,-0.4244377321440298,-0.1247512108514003,0.06862623668378237,0.011621505166017811,-0.05071341345019158,0.08162063991372033
3196,0.7640069501555088,-0.028526783434585146,-0.1473055550222718,-0.3718105630916072,0.04538435639502129,0.004542121065203232,-0.12025872701550941,-0.04699453077533652,-0.007507631192082627
3197,0.9241489570461233,0.2702916197755894,-0.4705281397732551,-0.304144017678362,-0.12359966011747918,0.08079031001802159,0.10091889113030049,0.21214194454438995,0.07070208384790062
3198,0.5240021175428187,-0.7453479541870512,0.4455863239021956,0.49914790240603973,0.14037071846531424,0.7540317003177684,-0.36526379750668175,0.08115528425130727,0.044152027223542195
3199,0.7760697506998103,-0.6278519824550091,0.5120770721511655,0.5061044022774904,-0.43580216388211057,-0.15455382684609445,-0.18822842214914276,-0.07631358465254008,-0.0029243156679205477
3200,0.9320043817607827,-0.16279855348351868,-0.001963849246540341,0.019074081664135715,-0.07024937813683393,-0.018856286247398144,0.008535196634804917,-0.1169942305946245,-0.1522763698934393
3201,0.48106847207582965,-0.2584963371021069,-1.1059172002412052,0.34718246944476283,0.49965158143026606,0.046779407208186186,0.86462306452932,0.04121460363598902,0.0934584607064129
3202,0.6836218095470654,-0.5209585313513316,0.5984483542837562,-0.300057907844723,-0.04033331200070459,0.1805247472565882,0.27806860888573404,-0.2508585230456644,-0.025518666327329787
3203,1.1860905120738359,-0.018524560874452704,-0.35071287151089775,0.6694199827397919,-0.47391290786140355,0.00027884244763925743,0.08208842756005154,0.15945082464608165,0.05599121924318416
3204,0.812409688186667,-0.4602254525273022,0.6247252567711254,-0.3085755414775828,-0.013394776096519864,0.13231142531259493,0.23735301909432363,-0.21617272402284324,0.029385100721916996
3205,1.2775163111905015,-0.05156610694288872,-0.06531869900186735,0.5387742795042091,-0.34451376623570257,-0.13919330339194524,-0.2263146883949093,-0.046997542741819436,-0.20644779369752023
3206,0.852531656205509,-0.29772182323536384,0.6730177198953566,-0.4585290454262832,-0.12189867553899902,0.08340774191747646,0.04229082491743445,-0.0711153179200621,0.051926952136027237
3207,1.1816475058751301,0.09428473046584838,0.1570762963005335,-0.3994906974312489,0.03557173213883095,0.030027672812171467,-0.036454004486023706,-0.06699357675025622,-0.1120879821783424
3208,0.7721394122276103,0.13165284709796127,-1.1058647604956209,0.7205911061188637,-0.6231978356763443,0.10772484627068452,0.13705447464594878,-0.052466395491609356,0.0981005454929849
3209,1.1345192341306574,0.07648887189526779,-0.5731220967116288,0.6748412456234241,-0.5089383758304511,0.03856030228453308,0.08954373458802715,0.11466957193539727,0.02359332868243993
3210,0.8722950854277679,-0.5853055463598393,0.6180924616119488,0.22475274271723933,-0.2629790596201932,0.028531193508902736,0.057479256554269074,-0.2500286567251989,-0.02878591284536873
3211,1.3459220810135566,0.49476918393211716,-0.30561638092262505,-0.3245443266836294,-0.18683270695664878,0.13948377644242044,0.23350858401613175,0.28600180132221914,-0.08490573656909417
3212,1.38206249774454,0.24329385484815877,-0.24242341668774947,0.09398919384122861,-0.2070168702369079,0.10479531688099854,0.30520159150230625,0.19014402594163546,-0.06846880584554328
3213,0.9717796950473483,0.0623779607887172,0.14932496093134734,-0.4551974838081543,-0.07014422124609379,0.06298480033736348,-0.05758688518764124,-0.08110303474481377,-0.21563680857783124
3214,0.6314289015464214,-0.4870622507893108,0.5426689086625703,-0.21520523854253,0.16708250147471929,-0.07507402631354416,0.3386711334085749,0.1903120300838248,-0.16603498226340965
3215,1.2058179570594825,-0.1432993799804858,0.07953328572509089,0.2734336939601932,-0.0880715425094584,-0.10071111477155544,-0.05224065096691357,-0.13037192494068256,-0.2195128545897478
3216,0.8404732072431007,-0.6456628354648409,0.5911219140345906,0.450012534529898,-0.31078842778178956,0.1328191958971358,-0.12092518258494328,-0.23041052732668751,-0.009813613450249711
3217,1.183619109329291,0.14782884544993058,-0.10185282836455707,-0.31313072361950606,0.07275174370909862,0.06721741409998969,0.05150984943253796,-0.08428511105374599,-0.06062295379197041
3218,0.9038759027918446,-0.6462006153067386,0.6210454871607936,0.5139410402845906,-0.4131906397749949,-0.03523890507841493,-0.07246245697021965,-0.25678534789890023,-0.0608700730841415
3219,1.3550917106022966,0.179112378707254,-0.4756094885555174,0.6226295067764479,-0.44277905813058943,-0.04422365789066217,-0.05823793856551077,0.19609502591764505,0.05378575913402001
3220,0.7909881563450807,-0.49727637527494356,0.6048713082462556,-0.16653290286074326,-0.09030149784261575,0.0861079483649226,0.09905650417640532,-0.19548205594261714,0.05651503888646934
3221,-1.0285212594461095,-0.4512300182958771,-0.03752316709404453,-0.30532348609843546,-0.29786534688555544,0.09970263337868543,0.018084161250299755,-0.014093807986652055,0.005542205377096493
3222,-1.0807479192852576,-0.28709726430557686,-0.002759311168920007,-0.22995711977868924,-0.32355700970935813,-0.009618019092470162,0.0024611188678434455,0.16558961413941664,-0.13404614110442448
3223,-1.1196885346403074,-0.20457253926543115,0.028819680240878963,-0.22009243778068943,-0.3312558682711237,-0.02620237031485797,-0.005570740348444857,0.20300957153356886,-0.1891181553284679
3224,0.087490735752396,0.34897878932638055,0.03160766475549872,-0.046216504702622736,0.19006744216718321,-0.2903627263392748,-0.28823407449192373,0.10633565221458523,-0.14210641477143796
3225,0.5893870645247964,0.5175289690507756,1.0640910966050594,-0.09822452883062378,0.028831511719094104,-0.09547561920763063,0.04981942008434334,-0.048154811629616615,-0.04608253353087253
3226,-0.6300888804420455,0.05647534036248272,-0.44002897751057435,-0.17595437407056003,-0.011316038125890346,0.05677015218335859,-0.2413131056233129,-0.04372729401379054,-0.14380523147469354
3227,-1.1917842666693983,-0.2806983130681654,0.09240801892840782,0.04828276157373004,0.10440584266840763,0.5546429678217774,-0.10631863930732126,0.18885847405779863,-0.22043884490631535
3228,-1.1502609709255778,-0.2969298989401148,0.06891988351002334,-0.04435546188370475,-0.01717620924737803,0.591013464335541,-0.18170639828542404,0.1736028048125909,-0.15017800033983789
3229,-1.2134439958876457,-0.13941457722531042,0.14923603581501033,0.3043266350853774,-0.06426701882695383,0.45206582203852497,-0.2141331365101068,0.21010640738779685,-0.18249361669701536
3230,-1.1612993431066907,-0.17890089300835743,0.0743983703816887,-0.1770346122033371,-0.25742950857382685,0.024080361956858833,0.030769431746640846,0.0128268937627951,-0.00011886951062567274
3231,-1.3465826684787634,0.15704564339408444,0.22972578163277307,-0.015138123643625219,-0.1765455330522239,-0.04682857412900038,0.07461987948722967,0.00825565360858537,-0.008696508765362447
3232,-1.2474046025232832,-0.2622667134544847,0.09094110194793685,0.10592611686177017,0.24058154689256853,-0.125385259060617,0.306572032282053,0.11786215515633487,-0.15212180807073705
3233,-1.2389881680400756,-0.06740689855968272,0.1268748708036411,-0.050186215094673435,-0.163344088386483,-0.05226321748030477,0.1003651447589304,0.11449945939893039,-0.21698028287033883
3234,-0.7279253045884047,0.35117113223978264,-0.33371757419713216,-0.10188467428305403,0.052405244610793496,-0.08475776875285332,-0.15491849772837762,-0.26058742270014945,-0.0676227680223543
3235,0.12196821869143892,0.8476488582503303,-0.2816034796662577,-0.06724245741822096,0.011509134650465847,-0.08813504282622361,-0.012214154620894748,0.2137082013998759,-0.05071410269414467
3236,0.32693806557196453,0.5981531888064793,0.2644808002920811,-0.10774123758353861,0.12335331047017467,-0.04168466946632607,0.014581179340788949,-0.09253828495835334,-0.08257657540063505
3237,0.035509129189092235,-0.09645470780742686,0.7586566972078096,0.15853965433438202,0.4702552024072888,0.9092804124584687,-0.01061428727739954,-0.02217357177126452,-0.13005399922247843
3238,-1.1568496802566057,-0.23715127264375227,0.07113241287335158,-0.13010889555083494,-0.1720535900144753,0.18469214930125974,-0.0005751540047771584,0.019968661263235373,-0.041063206821142166
3239,-1.2263996461024413,-0.05926653959271197,0.12896606326915722,-0.04280233352795894,-0.148617718836814,0.22720588869456115,-0.08741950623905616,0.20109247763035473,-0.1692072451565075
3240,-1.3216546899359685,0.15598120831714615,0.20543369285537227,-0.06753084713204681,-0.2464753863383905,-0.06468567669476111,0.027090003628141714,0.1298893080053058,-0.15120317020226237
3241,-0.3782900020422458,0.22383390898254643,0.5237346463910172,-0.09737973807481735,0.06541132136321832,-0.17498886152887028,-0.11473567343306149,0.08350343275802573,0.14799078613797081
3242,0.03389947162047851,0.4745745340674381,0.04714528272578344,0.004633185672293573,0.23087005671414038,-0.11141768183273644,-0.020234472020702027,-0.1672872995933614,0.023269383854686326
3243,0.888169294912826,1.1585678832777997,0.18410474917887773,0.06235995180507584,0.0448853112262396,-0.04011420840464506,0.18387640698540325,0.124318827274958,-0.20535617501338824
3244,-1.341385105279712,0.0052116159455053625,0.20686370139345528,0.1306652626639884,0.09234072407538298,-0.07184692843334815,0.22687568444666018,-0.07513513478705859,0.11213505344107058
3245,-0.19040795602112576,0.9306680886246977,-0.5523426029496544,0.305690039232043,0.014209856854160485,-0.050857344344029665,0.024640038154957685,-0.2922811362876432,0.029610682493221668
3246,0.7553657459934149,1.157610910337856,0.549343719363483,-0.055038678251612086,0.23650419154389218,-0.1482843534441768,-0.030271121703625625,-0.08768546491811144,-0.11956778431067955
3247,-1.3314588943843542,0.14578932211015858,0.2429652851326871,0.20969818397093193,-0.22903991295970808,-0.09433835433948506,0.036532052985862526,-0.011768593444711815,-0.04666763225133267
3248,-0.6277836886501749,0.39119685190338105,0.5405000356998517,-0.0397522472069943,0.06555132141429668,-0.18900628153843285,-0.1279677970348245,0.014522756474673026,0.3533556906981016
3249,-0.4627835043646549,0.8894113444034885,-0.5127455250535763,-0.004039609632942667,0.07112424313932951,-0.11160763080013034,-0.1375578373586929,-0.17280033503262685,-0.006418265860655001
3250,-1.4459912526958485,0.44424898543370617,0.3325335992413661,0.1151326764229761,-0.22159365824417357,-0.020596683813633998,-0.10158288974680169,0.15022829600575596,0.06401250812283067
3251,-1.3727070351871673,0.19505882987830825,0.27225091700590925,0.20932533636376527,-0.10495378221814526,-0.10266169802606874,0.11246047196109406,-0.10247149886463311,0.20424700589395947
3252,-1.4462794344087258,0.3657024538203182,0.3238321469515117,0.03208765313269948,-0.1551209472790334,-0.05499140298562371,0.04450372779985129,-0.06080989297733858,0.19802215771113096
3253,0.42790253897625374,1.37546794083081,0.48551132979897627,0.09618081034650375,0.13823924106446334,-0.09234856676039817,0.12377069305828295,0.00051022200889125,0.11989755053494769
3254,-1.5011999111478511,0.3739145074666443,0.3684921257516154,0.2416438061818515,0.13939205670745244,0.30930352570730574,-0.07181583881840932,0.045148684120275416,0.24177013414961096
3255,0.15432623345601407,1.0964182792780994,0.6155379492208564,0.13778141135897198,0.2664446639689054,-0.15698114813646685,0.023381155073661005,-0.22045349138529355,0.25412714757710264
3256,-0.38367012892682006,-0.978266892345329,-0.11690992331064394,-0.026569441656580612,0.3599522179016539,-0.2559433995545499,0.19672211225518818,0.2038310403107822,0.13260759427486288
3257,-0.3707218325537156,-0.3751547442929995,-0.6700562745257066,-0.38632426955686483,-0.10891861349833995,0.011477769911103015,-0.23188637550368302,-0.17720384113080181,-0.01887942081476037
3258,-0.4080664296880009,-0.7624192485258834,-0.6692221812379718,-0.011028926925145876,0.46197707542475885,-0.17774752578896413,0.19560476509133992,-0.06126637929416782,-0.046914485600304964
3259,-0.44888631614291696,-0.4839851620663117,-0.5703201006674856,-0.3650210173847986,-0.1398533014127609,0.06300162658193462,-0.1360027304613816,-0.17499497109536366,0.004663876182146467
3260,-0.3444107033766318,-0.6105925388975055,-0.7213193712666468,-0.15008929948406,0.2807492039510103,-0.052148557501418766,0.012360449853561464,-0.2673435290277639,-0.024374680232991178
3261,-0.3253435329248455,-0.3811763494342084,-0.6333883341468733,-0.34218387284481644,-0.15092170221864792,0.06398456296914476,-0.10087963278755849,-0.14671705619098468,0.012169677956876346
3262,-0.30426087521953604,-0.31021482271157297,-0.6636634287193233,-0.3741084006126323,-0.17612522654947405,0.02707868340305786,-0.1612595696543034,-0.08589332944436427,-0.0011578331260415423
3263,0.2927984980067179,-0.431925971227232,-0.365638077157451,-0.13759113389679284,0.4061851759048729,-0.24395274056591257,-0.05872272509359752,0.01520002332904787,0.037131412367092366
3264,0.09401358422807822,-0.8565224079998872,0.12142255522188689,0.19748750738030127,0.10711275450874946,-0.2395889277766432,0.001296743478357402,0.09296777322681318,0.13978206296437545
3265,-0.047561918438996834,-0.5340002034180723,0.14600853687295123,-0.31446745248330926,-0.06411987119872102,0.18930336705297263,-0.20017530868461622,0.2698932860653772,0.12310209950594732
3266,0.18795790927789954,-0.11419997843982693,-0.9718543041356809,0.08735904175152298,-0.1936823230190512,-0.006170585829659586,-0.15952061356411604,-0.2361824794697816,-0.0017674807298451382
3267,0.5706203444138502,-0.15646988281291666,-0.2529393817401287,-0.35492178375167927,0.3261850006954184,-0.2715974020971259,-0.35721460946612554,0.12796695270117003,0.09020822556915518
3268,0.1465445930677634,-0.21089859744294492,-0.9114236018116733,0.013043877656834192,0.05479567969012078,-0.00881962874058636,0.20994290402543866,-0.04553519410528421,0.03997940428833459
3269,0.3277588943352201,-0.647496748584676,0.2489148647143299,-0.16234932015766704,0.15794057215406423,-0.14267673676144524,0.021246474201275213,0.07152060093984117,0.2290915598579348
3270,0.4227053311507034,-0.45358352999647367,0.37699341322043384,-0.34797586981595874,-0.01652684799565098,0.06696530285932618,-0.1619066844328617,0.13621249520111633,0.18935815910847026
3271,0.41820541625822893,-0.42884761206891625,0.4368574764137206,-0.4852729760364645,-0.1292963063533668,0.06231832708930965,-0.07439489503268738,-0.02696531100229462,0.14683047610693528
3272,0.6881447633399856,-0.09854482071767817,-0.1605630164804245,-0.3076103387257929,0.06581881016447048,-0.061174304943262876,-0.22875264350740176,-0.15876437504752278,-0.08653762550587442
3273,0.4457723522306015,-0.36878773646448754,0.4079203131572138,-0.46670410148885133,-0.1457202629413766,-0.04087951362424846,-0.15032361317579815,0.11826869199741413,0.17498205784291934
3274,0.2744166416959374,-0.1921846687096501,-0.9020474022244438,0.08507314824092159,-0.057541934168605466,0.1992034281349755,0.34271092575961953,-0.21956483530086604,0.12000319771444812
3275,0.8399675063897345,-0.22666285069859177,-0.3262005749566017,0.06740790509593485,0.5230141790038897,-0.18199432403029767,0.2584912779586519,0.1220176525406679,-0.1339311980366513
3276,1.2436685773094895,-0.02993341167036573,-0.1669886025627978,0.4984070128651652,-0.14664694656823468,-0.3361126743708553,-0.4659564568723032,-0.0014074714368239626,-0.15704346906688973
3277,0.6897316351708348,0.04645305725176291,-1.0732309561779416,0.7717835301726957,-0.33634646202059565,0.22837729838217585,-0.10889715468423572,0.029097266236558516,0.055886289541260445
3278,1.0584437925898242,0.15689233712210596,-0.4040308849937925,-0.06077931899488226,-0.03914102648995745,-0.049692109814207755,-0.08676178297771417,0.07724985310161017,0.05554273600981939
3279,0.9757482716372231,-0.1785988201398513,-0.03419291556715735,0.11080091011665633,-0.032553286822927754,-0.05307199599677694,-0.04727444109921858,-0.08537171188920384,-0.05488591875453321
3280,0.6826542134447825,-0.5609540987509873,0.5169015616415684,-0.16059947688356016,0.2343449593334867,0.07209013700748391,0.15145491011744824,0.050001356521493026,0.0692682942017277
3281,1.199742667741049,0.3875347749249012,-0.37055451626907315,-0.3268948151244323,-0.08442698392524843,0.0780662826477336,0.08500577954002453,0.21865248946261173,0.016076249544962184
3282,1.141599125446776,0.14073567815099697,-0.5915343304783802,0.5624815566174874,-0.4319682634056278,-0.06890689991814825,-0.05579040130959275,0.21244810077812207,0.06479137312963033
3283,1.3073510088196967,0.1742694468119163,-0.2045291224932455,0.02960856999948397,-0.07455935856645798,-0.018573366040365597,0.031728979427399426,0.057207714880295336,-0.09798114262146407
3284,1.300205599633006,0.48127576535420025,-0.31356746908724864,-0.36211891109271677,-0.1180464481767046,-0.014520786438889441,0.009223517413255654,0.401507201229427,0.044660477978144326
3285,0.999020289884769,-0.5601020475857049,0.6532556134360991,0.4696645443698819,-0.42175270090629957,-0.09490332403070455,-0.17444523392170871,-0.16559825585346552,-0.0226639869618601
3286,1.015594793786834,-0.6486984289391166,0.638854349920457,0.5496563469846643,-0.33972942066423384,-0.05907269411750277,-0.06488757060287727,-0.2910410470955477,-0.00909852215846077
3287,0.9307536726322254,-0.4364265485635479,0.65826421924526,-0.10282183599734994,-0.11600336619935585,-0.026023635989227467,0.02927132861604694,-0.07689329936152713,0.038577680945679746
3288,1.316547388939872,0.1575993902359222,-0.42145948169247355,0.5657511315384229,-0.34336161983237395,0.10480206107030852,-0.06884321467367986,0.08540339084488563,-0.07952586979904658
3289,0.7564018619439716,-0.39176595081356713,0.6468742199813801,-0.41921511845104686,-0.09508417296163046,0.14475402589043768,0.10668887463966811,-0.1457902417906957,0.0162528842815639
3290,1.0254158647828324,-0.22981456801923653,0.1762894445759196,0.1609516873082333,0.0664327620398946,0.44631115816599354,-0.17130009328885754,-0.10910935768507157,-0.09807100369671387
3291,0.734599595311917,-0.7392630048703098,0.5724842194548067,0.7325837945399072,-0.0839220007612765,0.7969320666094408,-0.4453108228092283,-0.05764744691009528,-0.019618040607568898
3292,0.7195132107722089,-0.648617546503203,0.5839521946687267,0.08468577590580746,-0.17136166031174482,0.14343234144730754,0.22609017568556802,-0.35141705968208403,-0.06113289203087952
3293,0.9477346449878943,-0.11055949790222551,0.1731079585952528,-0.30616546476388506,-0.01215695936717205,0.10819988756018215,0.16056728541867776,-0.10103896165729429,-0.09357540475454745
3294,1.2487597231365282,0.23712775066367098,-0.16711797310048654,-0.24449855675310345,-0.04135605033538755,0.1357103844422228,0.26380107694144955,0.07030860498386249,-0.11331503583334512
3295,-1.0500862874958614,-0.5871970467713411,0.017496661667027954,1.0327291021038922,-0.025244595637174332,-0.3739622236421248,0.12010908523956283,0.1471199851018252,-0.32560969789906763
3296,-1.1341351325614026,-0.3994855194733768,0.0205569822150782,0.21638011483450714,0.0556187326123752,-0.1618228723595162,0.21098933047491952,0.18522317361301968,-0.3002815372089016
3297,-1.2606063888681998,0.042307158327269764,0.1520479111611162,-0.118266885496866,-0.2667704500263499,-0.05278255742545649,0.02123273007006948,0.1321278949099393,-0.11317424260070785
3298,-1.0567436920981446,-0.3657516595988026,-0.018705426150401074,-0.26069380234090905,-0.30777965666666884,0.048190810850297146,0.01182765315324572,0.06674047724771258,-0.07370810629991516
3299,-0.6930612744085884,-0.11771216362663627,0.22335805096615316,-0.26900555387134795,-0.11606534851691319,-0.08562633090863249,-0.1613101860481325,0.10224206310651889,0.1241923562762243
3300,0.869949566964711,0.9097901322938402,0.3296168865515579,-0.04942273297902464,0.14267924758960665,-0.14566843389763673,-0.046618209668230944,0.061984236280872664,-0.3340958388463386
3301,-0.5482504395976161,0.5981715368273647,-0.523007887838511,-0.07425717112283756,0.11443737227025433,-0.06830928138836792,-0.30217726899784536,0.014768640527234003,-0.3000914298142549
3302,-1.1770258260049602,-0.18304023309299164,0.08372826584025718,-0.10560771684343585,-0.15907279324370022,0.2783385580939627,-0.08177644019108088,0.1914714502237171,-0.22867452366371635
3303,-1.2444422682349268,0.07774847572062929,0.13781295881500993,-0.1763203646600173,-0.34576541623707785,-0.08917964959110979,-0.043630024828698405,0.25226935846740894,-0.14944584966198318
3304,-0.7483697470482639,0.5177500465123523,-0.3408685535836512,-0.08357394012943929,0.04666109848259739,-0.14901431510881466,-0.20584727473019304,-0.1349054960001401,-0.22410204947093573
3305,-0.3497058209098466,0.2185717902611541,-0.5818017519069316,0.25044118078316524,0.18114780579832748,-0.09708874261049048,-0.010592524061128846,-0.3328837569374085,-0.08662626185937367
3306,0.06854591644458115,0.06117194618552726,0.6680335782847485,-0.16368498009756427,0.023588111524058982,-0.00919325493994943,0.07959987312184102,-0.08151623625559445,0.02846997023848068
3307,0.11314277407150485,0.2835421994035969,0.7787804914571204,-0.17241523730896552,-0.04209279747888774,-0.08049303033941571,0.03325890757760354,0.07924015853739003,-0.09978785456856896
3308,-1.234824668468192,-0.010861574316576904,0.13335403118532874,-0.11847009435895708,-0.23272843494661533,0.09024327879651173,-0.0577854630754335,0.18862346131768734,-0.1043456265636223
3309,0.3059642900012349,0.9855022009729327,-0.22912993717690902,-0.05854427239587569,0.13035673761427496,-0.04719561782203874,-0.20195704509321802,0.2607078620027799,-0.023637182818647885
3310,-1.2661192191875403,-0.007555454960922808,0.16952449376474826,0.16492047070607874,-0.07972667531980634,0.28378827521193156,-0.15811926807797183,0.30773698065810506,-0.2516786645248467
3311,-0.3357784362254148,0.793262521865598,-0.5850182952250638,0.12329019222760017,0.35297827278398214,0.24847341310521293,-0.2818173163744773,-0.04229486237892257,-0.15143260837410435
3312,-1.2507503469073746,-0.04846845106963429,0.14803886001590597,-0.055399356967880016,-0.18155261395791822,0.002522130544443002,0.08993922026326034,-0.007310478006399252,-0.09388816823997015
3313,-0.030844333412827094,0.2844054504359685,0.7613018732257106,0.14524218788018722,0.023189995156792542,-0.14479203282285105,-0.05343066656115284,-0.08794826778379536,0.10173477644819477
3314,0.26682649836506206,0.7116898702954783,0.35689212700283685,-0.04342191581912135,0.20007392259156456,-0.03853760939213571,0.03045631577011697,-0.21130912142370298,-0.011170854013695176
3315,0.3391126496145163,0.46008975305673383,1.005459495719927,-0.18746397771077492,-0.042977330960130615,-0.0199907555641358,0.08021920068451138,-0.031210452187108145,-0.045694663233595556
3316,-1.2221293800323823,-0.09063779269415582,0.12949902585802858,-0.09747973201493,-0.1923435891093677,0.027546479009638778,0.06213111277727564,-0.07802019024509829,0.11294645274141062
3317,-1.3468648087173791,0.04685594415277271,0.24621578384793394,0.16917068443912442,0.16718364805307032,0.8003639015219649,-0.28736421773856397,0.1960298360296495,-0.02784855244375664
3318,-1.296841501850593,-0.02856862796992221,0.18210445461263566,0.014712621795030396,-0.06330453543367816,0.004799635023069681,0.15109078540861365,-0.08191149009151068,0.008226716094729506
3319,-1.3864583832685982,0.2741918068097462,0.26597065456584446,-0.03270721431160831,-0.21508038510419553,-0.06639329912105214,0.026079750769642803,0.05260617576073878,0.015557831307633448
3320,-0.5356511528101972,0.6190627860733658,-0.4343737638514319,0.12999855944629257,-0.011448161920998965,-0.13306207109647258,-0.16044503496800339,-0.2267545968409726,-0.003455824796346446
3321,0.17643845469211564,0.7761424703806994,0.1666587700927216,0.04761373109687494,0.22493422280993025,-0.20553032058047294,-0.16283068864846914,-0.09360307891170297,-0.04358023835949446
3322,0.29851422795156385,1.0753670234179562,-0.18125675081162065,0.3033866887989348,0.2638430026812885,-0.21933101536188873,-0.0031870846790929123,0.010951469233646201,0.2271724878781021
3323,0.5194379240009331,1.167977559526961,0.432800322612581,-0.014428820637480357,0.18756461080920112,-0.2136248774237738,-0.061794971016231874,0.07095163729901777,-0.11303765144489508
3324,0.2505273055369206,0.6539661545522627,1.107177953764309,-0.048006486680448816,0.047192522937860665,-0.06956250953841465,0.1293176481166473,-0.07554449459829031,-0.01772590800320967
3325,0.4001450861976133,1.141018633141496,0.6811467545609592,-0.03915269867835058,0.16878026629124224,-0.1400037135593599,-0.03515760955047462,-0.15443082730377194,-0.20351641495472625
3326,-1.2725554257845997,0.009462272303285786,0.17139367590037244,-0.04376298018747507,-0.1715101986576724,-0.0019538547991414983,0.07049165853842115,-0.06208930359443663,0.11785542326909353
3327,-0.7660444001180869,0.5947052181890387,-0.2769003834995223,-0.029087369910315988,0.013373646492920619,-0.10558285269079565,-0.11859090714658292,-0.1461218022982628,0.001861483216291604
3328,-0.39441306804222037,0.8516206976214665,-0.35308351614213274,0.30009809428035367,0.00697296676409432,0.020723507650538993,0.17916826102004652,-0.329157715612886,0.22413805240048734
3329,0.1635184761160844,1.3344826229654978,-0.14803268854620152,0.11188708689701916,0.17953512625400372,-0.21302243235058038,-0.050119465631937636,0.09364342606331252,0.23172111711151913
3330,0.41100460996900706,1.3410410803247612,-0.14829895584509953,0.1720176820043624,0.029358434660254014,-0.003932599339773635,0.2885549553920708,0.2725598415914199,0.23948948855224883
3331,0.42124301381398566,0.45395750397924456,0.5125420209060708,0.16300321599977347,0.531546872209588,0.7355818160478913,-0.13763746203153174,-0.18064851049302907,-0.07123173064983725
3332,-1.3608367701512227,0.2164017964442214,0.24043333530777297,0.020930158874846158,-0.11664936359343846,0.02593127842967041,-0.02729342451262669,0.12882558393751678,0.11019650947431625
3333,-1.435797814323836,0.3677259037981347,0.3094520649518428,0.017627030254881347,-0.1872442054251098,-0.08199672015794295,0.03199118032865358,0.033487317786910734,0.08350023018909922
3334,-1.4401969806528758,0.359092964640348,0.3174715642773937,0.06495086478648807,-0.14394578401730035,-0.08160928522502126,0.05888703932541888,-0.03705534646337792,0.18653280436078973
3335,-1.4220565407255088,0.304996755174614,0.2901275133484557,0.051123299037873146,-0.11529957945367657,-0.0999425686156378,0.07331612765361649,0.05247406276344005,0.0867778301638493
3336,-1.4369758594368631,0.3925653982177028,0.3172780142409716,0.15585924202684756,-0.14554216104392956,-0.029680786501020535,-0.06524725093103455,0.1510843671210428,0.09402018685062638
3337,-0.885525148946474,0.552981813413328,-0.19899268338543122,0.2650943991228533,0.5003596796027179,0.2572741374561746,-0.18896967326384478,-0.23986629291037787,0.1797151578056125
3338,-1.4892352305467929,0.44703340141611264,0.35436344009498916,0.12933190487429486,-0.052916710867564276,0.0029668359427892574,-0.008175109936543128,0.06795453667860757,0.19931984493213
3339,-1.3954529877348356,0.09502782286300739,0.30198782385129835,0.2889212584514433,0.2571872672086548,0.6953422026895896,-0.15596771302081452,-0.11198123871658607,0.35604174153854035
3340,-1.5089081518953495,0.5118796685720415,0.3834577541623496,0.14039334248907726,-0.11608097534044985,-0.11056583810913337,0.048012273853594474,-0.07289434918890475,0.32223785674725536
3341,-0.3431895038966416,-0.34425265408813105,-0.6639775874023482,-0.3850328366115233,-0.13029233575161275,-0.016247116591668435,-0.22950699246912096,-0.12058135739532966,-0.01671140542018985
3342,-0.1621042514407105,-0.6323698086048387,0.05811351177210105,-0.3828655739827064,-0.0978256359790022,-0.07713469654655913,-0.19208095892039084,0.09622139380331761,0.2395006286014689
3343,-0.32570654958832995,-0.40044218308029395,-0.6344460963767333,-0.29100119158871496,-0.04717812174459834,0.19064429996004081,-0.1264864857559882,-0.07740563327734933,0.011286853514292853
3344,-0.06983219565985033,-0.591240565001764,0.09314803356218314,-0.4132719396815762,-0.09430760831347529,-0.05403136930788156,-0.19872933454767922,0.08813294520021686,0.2856173487447574
3345,0.11949288308478738,-0.13013872435504142,-0.9988130956573122,-0.14906004638513015,0.2917989573263195,-0.21164918495960694,-0.06392187561308008,-0.05688373550762291,-0.04029622221568133
3346,0.021470995484846277,-0.13634123634244755,-0.9136212421140071,-0.2670456167990832,-0.023753791095524862,0.05217870660277389,-0.09038029670720639,-0.2448194741797628,0.017354198775523712
3347,0.12221044180037216,0.11390986480678289,-0.9631484839687781,-0.4112064831529734,-0.13706351282945786,-0.023928297758458377,-0.269525296709447,-0.08322135161342303,0.015488087274858208
3348,0.3258189368420962,-0.14296965786370924,-0.3953295155527861,-0.38298433898018575,0.08332683374391336,-0.1890024532471336,-0.3801842598166903,0.043630211661776545,0.02227203169508748
3349,0.07974395851211327,-0.6624833793712944,0.17627882638979242,-0.26195559244241146,-0.0452918864264167,-0.049367486352153815,-0.09341281057468093,-0.017899411756175324,0.22933722216650426
3350,0.3114139070146395,-0.7181146613137784,0.1947064688736801,0.12172248878056367,0.08955908671054348,-0.2841803264533252,-0.11215128086877599,0.15687979310420727,0.23346812251332552
3351,0.37264670530699695,-0.3043187096906013,-0.2105513723599694,-0.2896079432997491,0.12422656708772672,-0.08412694703981397,-0.10827988737791495,-0.0061609338979214156,0.08996477215419674
3352,0.12844727198146777,-0.29871034336289143,-0.30132628763971325,-0.3676620588086355,-0.06113577955547122,0.01560652002107494,-0.13385447318384597,-0.00968310949510483,0.10467030540342342
3353,0.046519719782429025,-0.18170577305631957,-0.7972418261876928,-0.14242545605212936,-0.2000576234415183,0.1451480562351212,0.13842891449299333,-0.10599295640994313,0.07132742280486243
3354,0.4931509068499037,-0.7188410161277617,0.29042483753318593,0.47902218715157674,-0.0748574933078701,-0.43445338204843775,-0.25482939848155634,0.26242314045013443,0.1064092357735556
3355,0.4425204844512444,-0.03443253531968903,-0.5327583956895443,-0.2792372031430319,-0.04834032477170994,-0.01732418958675709,-0.04745370344297291,0.10519708873175698,0.1119797416310703
3356,0.79319792191556,-0.05739377302990107,-0.6871452006113907,0.5085530164918872,-0.1272025158999498,-0.30426160267051633,-0.2862233821376001,0.22976013070202955,0.07336262078156215
3357,0.1506793850155356,-0.03456263633055108,-0.8711291724229759,-0.25783645356482227,-0.18639721673748472,0.21044583682857812,0.14547192960723462,-0.13114162931724782,0.09754469159798418
3358,0.45623254573719785,-0.2278705855444221,-0.23003582182472604,-0.2916331365000072,0.08582863039180294,-0.08480309413284162,-0.12918088878368186,-0.07490167532629795,-0.02593391718587637
3359,0.37365893260025435,-0.05751492046176972,-1.0152582505956982,0.15338182565891373,-0.14661323132767187,0.12036495279569658,0.15382032107386318,-0.21377728529834172,0.07001649202614338
3360,0.45758687605940934,-0.7051159389098659,0.37936631991416797,0.16668337380978826,-0.2154413781167783,-0.012939877313652093,-0.010492104965377518,-0.19815824894580972,0.06830705313163295
3361,0.5871822633406141,-0.43139101891374526,0.4419308858069386,-0.3750852379823031,-0.022686640268900226,-0.03702789030176576,-0.039205040926159486,0.013959563354685366,0.19175424839581734
3362,0.7746633302119968,0.3038946691349961,-0.6978500628094597,-0.2986558929101271,-0.11798119525275304,0.0005542314439312155,-0.04270175580373318,0.21500221809087994,0.15126083619390157
3363,0.8840382586327938,-0.33245412611242603,0.030590739115270944,0.3611228894918915,-0.19421653508896708,-0.14673596521164736,-0.27531407409613406,-0.19279580775874233,-0.0950583224694528
3364,0.8464229040385268,-0.39906449857714194,0.06005976923662115,0.3826455997261615,-0.13981304883409593,-0.12598964870510904,-0.17044463146352856,-0.2150960749304465,-0.15186362553834035
3365,1.1062121247412129,0.06214646993368373,-0.15439757415285857,-0.052317370997487594,0.17439281202195098,0.22834108448298274,-0.07484020499267209,0.1410466870792101,-0.07603158227618821
3366,1.1426208203473671,-0.3705335678936533,0.6502224351946669,0.2831338413850748,-0.3655592968484559,-0.19953532250806197,-0.2669516303685635,-0.018748438581513028,0.0533202064564323
3367,0.9363993788031203,-0.3950546291884083,0.25855720924270525,-0.11576506795782607,0.4162617316611365,-0.1379818091255797,0.15464599439046342,-0.04326199839856627,-0.014625045804742309
3368,0.6649620958275985,-0.5000631690296031,0.5332926341516981,-0.3246800155485365,-0.012571729215422945,0.13119926212733515,0.17776358584604757,-0.19309246195979338,0.0958143708068699
3369,0.9624434872633857,-0.1491854710877622,-0.002925755558295014,-0.0440317831706201,-0.02830097323161091,0.07739693654389229,0.10804589111791411,-0.20449367747862812,-0.16095412808332052
3370,0.7332569139054435,-0.5183679414179727,0.5955012162615014,-0.07790806106205897,-0.17200910719963308,0.06357119338482241,0.17897281366489767,-0.16628098466846794,-0.0683210557651876
3371,1.2487096484929499,0.23879181079040085,-0.06932279165550752,-0.36444885169442737,0.05178631518246053,0.016914424967146083,-0.046594325608070496,-0.039783662760034234,-0.17261194168571609
3372,0.8526939106635092,-0.02251305376912637,0.19003095438017273,-0.4286935510376786,-0.12476614954310987,0.08947312191844196,0.03144260865606797,-0.10159213414512903,-0.2612157865521683
3373,0.7635369689935151,-0.5961546190200164,0.5741373965735447,0.08760022825615488,-0.19006118587510606,0.0777266944076012,0.1162496487513595,-0.26386309774701283,0.003698590711565238
3374,0.7357297851972211,0.08086263318795378,-1.0736556461272924,0.6549555606910681,-0.5696465211092363,0.201347300262528,0.22173375714790775,-0.15531409993220563,0.11812537985654119
3375,0.8756562423918405,-0.2405488077730684,0.6782838267562614,-0.4793468551582595,-0.15450326759564392,0.033512720356770005,-0.015372363474134199,0.033582030414705734,0.04621840712954869
3376,0.8821096831531716,-0.5879386440570241,0.5838071105576799,0.37100674873620143,-0.35191223694568097,-0.045634847871359165,-0.03681329536083774,-0.1785096720716657,-0.004091366488421166
3377,1.4218059534812544,0.4494114830641541,-0.24769535330897688,-0.27750005267183225,-0.08746737078049868,0.06364016424794691,0.1874560135146788,0.27480884332136024,-0.07250886669643099
3378,1.1438092281585552,0.02904789813944634,0.10631078702455878,-0.31916489249467705,0.10509376144073133,-0.020529480223213728,-0.009569899055522729,-0.11503496601378661,-0.18522686200582467
3379,1.4059866582432605,0.20240048859555365,-0.37072527554975404,0.43948052219696787,-0.34538416300323077,0.009306513365291608,0.11374652609463962,0.19197385129724226,0.021210666810345995
3380,0.9187969537122251,-0.558852906225026,0.6242292061076518,0.48228623674718596,-0.13127671184277231,0.4393874137209399,-0.39869035128103664,0.03338427444252948,0.04300477470171128
3381,0.9858098909810945,-0.504492036821884,0.6652577112421334,0.07979722135034924,-0.12363134627775962,-0.07742503306319079,-0.03578200602198119,-0.13466509147113465,0.05252915724013012
3382,0.6881051560522333,-0.49782786040323834,0.5746117604439192,-0.3057259980524193,-0.03904554932801058,0.1494173997674259,0.2292619888794101,-0.21189445435825208,0.025261397381984525
3383,0.6938774612549286,-0.5915363898070922,0.5672559175032881,0.01282855538681187,-0.11092698132323067,0.2571642988671783,0.10851460701475582,-0.23801067167835768,-0.003655577359403714
3384,1.3497228728386503,0.10545601291108972,-0.2877463047091005,0.5736014133473035,-0.40396412801686993,-0.07335891513729068,-0.11501455529266122,-0.03119629888989106,-0.20991779391947013
3385,1.0428416893181556,0.3128478936636495,-0.5758882114828406,-0.14778515262112582,-0.15136249578780003,0.10151542112761858,0.18465179221255154,0.2611666982616552,0.1798536555663708
3386,-0.9997400923287746,-0.4527863557349984,-0.05278766042319578,-0.17027320215037456,-0.3478540073391044,0.019233750966693768,-0.011277919762605235,0.04974992487870712,-0.042606106553520366
3387,-1.0746746847068585,-0.3714618732618748,-0.0052742590259553575,-0.21862104833127657,-0.26069650828846386,0.06694639158069014,0.051433513779945025,0.018586354228443118,-0.09562967769540573
3388,-1.109259614779523,-0.3507974901268402,0.02156458192361881,-0.08795926469298297,-0.17255425614329176,0.009833912550449067,0.14063335170408656,0.043222013018523776,-0.1638989890561553
3389,-1.0387962462714502,-0.42887702707920033,-0.03387102249452472,-0.1869354989214582,-0.2504659465629643,0.028536716059382128,0.06997008625446813,0.04195078360632722,-0.07064380153168212
3390,-1.1182975086043188,-0.3083512820926351,0.014115160880942439,-0.14843480840746665,-0.16552231832720787,-0.026317268031249078,0.09153689896808498,0.15080890590637008,-0.18256790777738532
3391,-0.49329475395948624,0.10037537587409727,-0.5241491582980372,-0.150314356826336,0.09641172117636279,-0.04743858588599895,-0.1474025609428182,-0.3035629248998998,-0.1385132729350799
3392,-0.25450548782908294,0.5115327696461769,-0.5559288822306004,-0.09737478979036604,-0.050765389037874836,0.04478764850480067,0.0648926125260006,-0.10060271254347111,-0.16025953855050223
3393,0.7568760691186339,0.47895495710310043,0.3851272123374743,-0.13309940326333636,0.17063772662619542,0.019515201325543716,0.11959793821088581,-0.22212059884225982,-0.20515166861297443
3394,-1.156426890025485,-0.5086964468977794,0.04999038637847195,0.6362767544711585,0.45500464582664846,0.2871765427828883,0.0706638815283468,0.2854852844159909,-0.2487934637453451
3395,-0.6581395422469271,0.1327455372442142,-0.4389384677231541,0.11432265864321907,0.4389184769441957,0.4063331584734015,-0.29024647528785014,0.019514798750850527,-0.26833190721340455
3396,-1.2767290913053313,0.014206388045303732,0.16942463188250909,-0.06708491174477296,-0.1963941097911596,-0.008617950301547422,0.0728687881741286,0.008376426543435492,-0.07476637106809728
3397,-1.2546655572219794,0.07604083831593225,0.15575155691704332,-0.04079820370767679,-0.34798671108648976,-0.10663546562687429,-0.0315479365841103,0.2423104433129903,-0.270306020656416
3398,-1.19182789231205,-0.10346326946342775,0.09782509651053553,-0.17290415053239824,-0.2734569250127849,0.002738401587086785,0.015869197799983904,0.06394597849370405,-0.048000420719003276
3399,-1.2856487737771614,0.045306909687182144,0.1762356666622697,-0.06676911260677702,-0.2050681307199041,-0.0277601872457193,0.06307891616034038,0.036880679012912775,-0.05052776099505569
3400,0.11683682828074737,0.7515728528698,0.042898063710924805,-0.10325464428981236,0.163901360527157,-0.19441672302334534,-0.18842305438046525,-0.0021003743878178997,0.08680644339853946
3401,0.5485918466105041,0.9338271301162507,0.3628479049855831,-0.0014974815657598725,0.32208220368440094,-0.2291328957748602,0.03836480730948415,0.1329468908203328,-0.2320392600803169
3402,0.5584306633509925,0.7921158646820667,0.481819185669024,-0.12508893221794756,0.18035985556464668,-0.13924161876855368,-0.06766512725931624,-0.0368188905958694,-0.4031405603475076
3403,1.0610438387782275,0.9197291019434086,0.11808953166399659,-0.03283413169820978,0.10066768438628831,0.025872263465530905,0.26591236816560654,0.13505529665757482,-0.14254188327657838
3404,-1.1314531911174284,-0.3264288793074779,0.052666820247682496,-0.11242353397270201,-0.1496509943148685,0.09489340623266596,0.11706696874794137,-0.1763969095025813,0.10315098511142234
3405,-0.8071931713731128,0.24729144117617002,-0.2691043112582529,-0.14330251488898235,-0.05111535765955473,-0.06203578810370138,-0.14091392799266295,-0.1435421246191313,-0.03359300635904226
3406,-0.8252665434121039,0.446879811582112,-0.2884260145275186,-0.02078008151624916,0.0955957363051795,-0.10767748333148318,-0.13650862640136224,-0.22897525777711436,-0.1379022978889385
3407,0.9015594277943277,1.0821739783045117,-0.07944557152673627,0.8915552175883907,-0.24015384663953723,-0.15779410286287054,0.052921717022010144,0.16259672964578475,0.020202269416776872
3408,-1.351374503494341,0.13305046321905095,0.23051132929725932,0.035770555236377045,-0.04545748355109291,0.19994417795057062,-0.05335427737509431,0.16793865733203814,-0.09184825258606508
3409,-1.2918407122580184,-0.16261798205769679,0.13653637272576552,0.15874526882869577,0.23148963297857392,-0.11829424763391524,0.3021074530651901,0.056654271898287575,-0.07089372991458029
3410,-1.3349630995214536,0.17614347992368654,0.23172562974745542,0.07399885792624139,-0.22697852278649142,-0.09544612815152903,0.035465573100512626,0.05273889271505168,-0.04125914606344611
3411,-1.3498701886325908,0.1691579501786977,0.23322486283581206,-0.02028273771910669,-0.18647167957971084,-0.038050677556613,0.06240632612714797,0.020968211804086423,-0.04619373344606565
3412,-1.3862489382996608,0.2657183996878569,0.26834263017626786,0.039286329992375774,-0.17426403873107768,-0.09935831592090096,0.06523048634374995,0.034149804295587456,0.026906956661846646
3413,-1.383943950846061,0.16604545657911945,0.25639231283593605,0.04830011595314291,-0.013119421672345139,0.060430722509481345,0.0460660350451955,0.05560776417069762,0.035146126926750176
3414,-0.7387650144133703,0.5340728992549236,-0.33228037512820874,0.15720357477139535,0.36817064517400616,-0.06988343293375107,-0.04779671800068484,-0.10633057753751995,-0.048119091226488074
3415,-1.3133425808638568,0.11953004479689762,0.2012844902643293,-0.046222968572703846,-0.2066155539950531,-0.04575879333474889,0.044064073902188264,0.053367843079035776,0.01773703534497677
3416,-0.2662308751757501,0.8574104359315494,0.2618843440877476,-0.03549407714392397,0.1064029681125426,-0.18859986436762385,-0.14793210465497875,-0.05397181227882791,0.05158850272782535
3417,0.7532894722068195,1.3825085249465765,0.46500723688552204,0.07398479464676794,0.21275166781980262,-0.10194990431070428,0.13864118795379335,-0.026161635264802974,0.029005759885685163
3418,0.8489824863181386,1.2267472796432526,0.30972912948708275,0.06350889125571234,0.21939700467387477,-0.048748474677340954,0.18439039735850601,-0.0315137296583963,0.037227600372050196
3419,-0.3658311444074767,0.1557659641155753,0.5764705544513109,0.5210468464574481,0.3260331633560198,0.04729411087155966,-0.3335464147802954,0.1685633704725388,0.2583389623963275
3420,-1.3893766824193003,0.28276542606675237,0.2687557078816874,-0.02177057635115862,-0.20827753567706087,-0.0652486914053713,0.022332459332967156,0.0486523593717383,0.06158038373446283
3421,-0.950690880049073,0.49658674956299964,-0.09091376658717755,0.5599652747895878,0.26703459211527086,0.355401369714529,-0.3317701480469306,-0.122342705418339,0.09724343017186601
3422,-1.466262910732106,0.4421353896483131,0.33944476807050716,0.03882395498619658,-0.18057824719401525,-0.09516948029294818,0.017087025512322815,0.008760140015949833,0.20484405571805966
3423,0.31189085558511315,1.3202416296256876,-0.03243587966517127,0.19028683323661946,0.1417940526625531,0.03626517643460235,0.2735990741366503,-0.11190701613185532,0.40095066755573655
3424,-0.23825857237077055,-0.9721196344032444,-0.06990242212967936,-0.010742195897981975,0.5432143051228664,-0.36925858515305854,0.125859690674272,0.2960984571466135,0.212262256836772
3425,-0.4370365282190684,-0.506029452379614,-0.5784723845071845,-0.31278787808348096,-0.11589824776141008,0.021401686013443017,-0.10580125224358916,-0.1543519652725283,-0.002610340551378507
3426,-0.12816572451516195,-0.10993217848736833,-0.9334763238404079,-0.37036786918786313,-0.0015862256364406837,-0.16693423948085295,-0.42829050799052243,-0.1476574161397154,-0.08625127087987434
3427,-0.32339985071949123,-0.3533359751293177,-0.6814524684665623,-0.34793081309057955,-0.10051354350978613,-0.035326889984142046,-0.21688862148234545,-0.15165029813974892,-0.026971873630484363
3428,-0.47403252661077583,-0.8302749444493738,-0.5291371299009044,0.02848267533894263,0.3822959743121312,0.4123379348596368,0.04705465198514258,-0.096297883166805,0.033915761499981024
3429,0.056564926224317594,-0.8910574282046582,0.023934771799154392,0.10381139802818883,0.5098434299286576,-0.4108508194030883,0.03951218052643897,0.2990990123621859,0.2580373329526565
3430,-0.004686520069961392,-0.38755499271396415,-0.9429045039943936,0.13964447384040335,0.31913103110146396,-0.21581497301925714,-0.005701188337974846,-0.09221106420634913,-0.07811714363019154
3431,0.1843721428670377,-0.02484161480455808,-0.9716706568364417,-0.2025619250098949,0.08526810382175505,-0.13277741044737637,-0.21415683003138541,-0.15092133068966104,0.012938305775287455
3432,0.045904375775838516,-0.06632952699493844,-0.9391073977343385,-0.24014709238574067,-0.03891062446326296,-0.08869117436548095,-0.25297834919445655,-0.153666842958255,-0.02660755133256886
3433,0.031612259883786284,-0.8541460798718735,0.03686462010519487,0.06988421545024236,0.3631980676345705,-0.36737559126942226,0.015159462162093214,0.302251309143231,0.24330437718720382
3434,0.157731913495011,-0.19695252471488198,-0.39362704343899024,-0.3921447617120347,-0.050054372778415845,-0.08484874407198964,-0.256139165863006,0.07245505052295982,0.06948948448243847
3435,0.175860949379741,-0.4894856210544896,-0.21708300819986837,-0.19886327392969455,0.2426802576779671,-0.18064641150650196,-0.04772666095284819,0.07228791903863707,0.08394575220887156
3436,0.25916183824656247,-0.205177330931225,-0.13908670855233973,-0.44768386512477926,-0.10197213247623801,-0.08108563937545156,-0.24985017212312038,0.09867106861119262,0.04899558769021196
3437,0.31121445571949913,-0.06373587238859173,-0.5956637210364675,-0.3485674303262766,-0.0008783375783389933,-0.04438952024760398,-0.21511229136718513,0.02873351894701548,0.12737803871523332
3438,0.5622312689696263,-0.04666847758893504,-0.16260129026621675,-0.41919518712770293,-0.0015171370255558426,-0.14985644833688352,-0.3097929488766003,0.08887127373188271,-0.06177090550383824
3439,0.6073524904817271,-0.7172631138120276,0.3549735259716108,0.4784959324086813,-0.057495023160521214,-0.3471349582579635,-0.2023265838728721,0.13016403571590446,0.11128826579607616
3440,0.5462325292568575,-0.8265709520504331,0.35805708716631457,0.6670933959196312,-0.06614247222884341,-0.1524084190553828,-0.18092617242385137,0.060221243672009,0.0301993260868826
3441,0.47704282878654125,-0.41231015434807866,0.4386327952154923,-0.45082085222462204,-0.10961078346884967,0.019831690920082506,-0.07014539329195126,-0.0032261149479054173,0.15193012419277074
3442,0.36406309022841027,-0.6941937510142038,0.3498891535035908,-0.11371793361162401,0.06265046289095305,0.0037974460733423785,0.2081214331430879,-0.10904411394968042,0.061869382068363676
3443,0.46324193190527946,-0.5370832115528639,0.3742141919953021,-0.23114320275180902,-0.02773154515453831,-0.059033247113182245,0.1321786434262729,-0.005062671549207212,0.08656085216403088
3444,0.6539015472496541,-0.07564112517761928,-0.36925850914425584,-0.21923101667773826,0.0476341510926006,-0.01848538021469591,0.04843406378522236,0.040073631403486104,0.051353412541314924
3445,0.731662115656282,-0.027404663528950168,-0.34210459159858225,-0.28560907654186113,0.08501652363148776,0.0007325810654143277,-0.053367153724609505,0.001460690311062674,0.09121671508604809
3446,0.624264744877522,-0.2654657236048905,0.08859732611091832,-0.348721455177971,0.03329934015524637,0.06600224534477339,0.001061303401412095,-0.1730193202453098,-0.021764051023086307
3447,0.6404772126162137,-0.6996963302746079,0.3426598665778806,0.5620105517872435,-0.297460805240075,-0.21409952681942013,-0.19129724877393958,-0.02926023965699317,0.15310044583463892
3448,0.9571767430192059,0.09368546909871382,-0.2674514730542057,-0.3245522645550701,0.13045641409690878,-0.0517702075823625,-0.12885278952445053,-0.04226919556535442,-0.05145987617213434
3449,0.5927098059153333,-0.40527981236027333,0.45610370056146793,-0.39192342560749677,-0.06349407017812073,0.004051463867257247,-0.027401844501199504,-0.009770895510043414,0.17112025891153562
3450,0.545249279674603,0.19230440876354304,-1.069622502064918,0.0527263373573769,-0.29538202298020505,0.16449217939728406,0.1730483196884085,-0.07441585305081724,0.11370723549832586
3451,0.8571716858720294,-0.4414613174007,0.5679625646433283,0.16764635180068987,-0.3069396912628274,-0.23196392391822804,-0.31169933037855246,0.0923434165982178,0.08592557122469623
3452,0.8825261699618425,-0.013782563171589518,-0.011743860179209366,-0.37298902153672103,0.060284874507876784,-0.04347803385544683,-0.14005163591786685,-0.026999171418643615,-0.09131431398017922
3453,0.9728716928052626,-0.12228904761316707,-0.3225326390623145,0.43688175119271444,-0.22850416886812425,-0.06576218867615019,0.00043485436087134635,0.011719056495929747,-0.03236500537825151
3454,0.6392703233375083,-0.5502374851529449,0.5548407551745328,-0.2445994741587308,0.09477246267211868,0.23101476708428403,0.16711077527385293,-0.13450218698645727,0.02401125584161341
3455,0.9617273355850661,0.15607109619557447,-0.6385578478925612,0.10436693445096398,-0.033849196913043215,0.17554376554530685,0.11838320647834226,0.2516172778348021,0.17671613383495102
3456,0.575473571981705,-0.7292144643312731,0.47354848311501485,0.17617506751383133,-0.05045999715234404,0.23452333227240113,0.16900516564934429,-0.27497239493230297,-0.003972646819072769
3457,0.7933749925753089,-0.6497829067977203,0.530433788699984,0.5033789782594539,-0.4257132742705245,-0.07463792628348663,-0.14010586088323546,-0.185822325066474,0.005773014609372435
3458,0.9317581789896234,0.22026529688915197,-0.4542380906913119,-0.27940815867499075,-0.09813777880485329,0.11336239562711496,0.13776541105158446,0.2043349162305052,0.2002572572453586
3459,0.7538716730964007,0.13090577079560864,-1.0873752116402022,0.6820387959838585,-0.608268948085576,0.0756084400628627,0.06473429389930449,-0.07593152669411177,0.09276011338147894
3460,1.2133590394190987,0.37590802805813667,-0.1202602268588146,-0.4231144002188193,-0.1105200158067583,-0.031245250416445183,-0.08086531263532737,0.273380657217842,-0.09946933117296795
3461,1.2360672707143807,0.09419837956369206,0.16343300974747987,-0.3380600910318237,0.0335995471098182,-0.0029226431170621707,0.026586806002229374,0.030098864716470324,-0.06873864537128281
3462,1.3739513411549502,-0.05757005116524866,-0.21139378657302244,0.16347147914421475,0.5872832936682829,-0.07930465964485545,0.7065087889773329,0.38048977160013303,-0.03567611282635415
3463,0.8939356761364186,-0.09466069768625189,0.24440865036987341,-0.4062762964935203,-0.030486466080641848,0.09013966493202183,0.0074563731521122886,-0.15023810259550702,-0.20443300256741692
3464,0.8638939413700413,-0.24505239020264333,0.6809399984519157,-0.4775498657082535,-0.15016143407549484,0.006161148392612137,-0.04651111154954781,0.0855944397649192,0.04340444818187858
3465,1.5624285050402884,0.27699239017641336,-0.28054163974628216,0.46709614048708264,-0.3821575319673649,-0.038943436680247974,0.04226337192603525,0.21937094040708074,-0.10521124289471136
3466,0.6769528760690284,-0.6299837345259793,0.5484360753869998,-0.008549509590268359,-0.12567361900692398,0.1545881858150003,0.2465644607454483,-0.3296320434561797,-0.01192758394759395
3467,1.0936759625850132,0.24616870206363778,-0.2245303561733988,-0.32438166895255593,-0.11135128215936331,0.19718574202555528,0.2095514483869007,-0.030067136226305167,-0.19598492928565034
3468,0.7915863491246513,-0.3133129305178069,0.6559199034531659,-0.4534973933873245,-0.14616375729163017,0.09716182161153768,0.05567717035571905,-0.058501291137979694,0.015327736239222232
3469,0.866531769160555,-0.12151526988131736,0.32893195584621565,-0.44823663358351545,-0.07082090363002029,0.10713107698246188,0.0032858971598607274,-0.14778966787911682,-0.1498597750003942
3470,1.3609555782462277,0.3196567585144984,-0.07992330889645985,-0.33800152621693,-0.00231796073454347,0.021107955783310237,0.050642600985522576,0.12464926205638284,-0.0994184450281687
3471,1.3058729445609094,0.24280489398737784,0.004553440043087979,-0.37608606459415816,0.0947211855464458,-0.08343279573850215,-0.14261618762178332,-0.00880593244903563,-0.18696856934532233
3472,1.1309854563814496,-0.5043693782679157,0.662199287981667,0.48871784273126423,-0.39817795259351224,-0.14841581384837216,-0.1615121629824432,-0.12393562705435068,0.0235835849889926
3473,1.0203651541348726,-0.1869174263342762,0.05600253905674627,0.14719889610487122,-0.10519933324069218,-0.06929890915026385,-0.08060205950726798,-0.1500302704717612,-0.15981023782426115
3474,0.8765110146768988,-0.31219280359931906,0.6806450108808664,-0.42044144293171887,-0.07850915455965678,0.010023784737687436,-0.008542270711789878,0.021682493064680133,0.055587843218701284
3475,1.1862418455230583,0.23064056091068857,-0.42605847478879927,-0.04190568381534001,-0.09324001969754901,0.08848337615873053,0.22197062952495078,0.19947873571148678,0.10761024871229076
3476,0.7045078037229171,-0.5024973996668015,0.6038815379695868,-0.30250186683455377,-0.041508164187963714,0.1522240968371177,0.2545672347842072,-0.20899349188049604,-0.01911272344262907
3477,0.9960825987365679,-0.5812831608173418,0.6285259281388406,0.502017797150692,-0.42136604243287706,-0.05741115847817477,-0.07561997035733002,-0.22908253806142156,-0.032422913764567046
3478,0.757402557647174,-0.8384901984022596,0.5397028212561554,0.20350324933378647,0.4752476024463414,-0.07274351398320869,0.5370571489596532,-0.15336339782578154,-0.07696264764648321
3479,0.7171745442453026,0.12821217129137225,-1.0910752147671925,0.5751222650926862,-0.5510978487339169,0.16344775745863335,0.21835588353147964,-0.05783381922814923,0.10620940613572166
3480,0.6317375119114728,-0.3920707050188952,0.6043659853442147,-0.4287188308083658,-0.18795279524883712,0.1960178720105409,0.17096730897702006,-0.14955258438764035,-0.06500363592252446
3481,0.6467034936490087,-0.679204876490588,0.5452183399689339,0.007202063027487941,-0.07622031884117463,0.1624803045549845,0.38110449115867256,-0.327626025311323,-0.08619730983561003
3482,0.819286235820917,-0.5653088785508252,0.5759277610887129,0.2076914968299481,-0.10372598483972315,0.25369019255844993,-0.17018007927344372,-0.09962728366208179,0.09535069373546841
3483,-1.2676452771423115,-0.007033714471509297,0.16884347873961472,-0.08967380062679235,-0.20317863742723213,-0.0018018214155210933,0.07201650342624824,-0.02532569909788312,-0.06071681785361865
3484,-1.081096390590936,-0.5193253613840424,0.045607545227942047,1.0949700953269332,0.0054359318508593055,-0.4226279734083538,0.13689813270389903,0.1434539544650161,-0.2150418555585168
3485,-1.1285737009875987,-0.2987280013409709,0.041251736790229275,-0.12094383693930955,-0.20255175833944197,0.03547226271906588,0.10672391723345034,0.012573157626327148,-0.19038945821207073
3486,-1.0755549696217614,-0.3877352288674284,-0.0037849866811921315,-0.18191043994938413,-0.23091932983130725,0.06424523742889635,0.0797657563279054,-0.0061696414831122,-0.10559017103829371
3487,-0.601602374879438,-0.17095126005432335,0.22369771091115054,-0.19556357754571216,-0.038632865644972,-0.14729677485595707,-0.15289680258336932,0.13115658257475157,0.05783155448873373
3488,-0.431503590023839,0.11766664179772152,-0.561136791528592,-0.21458994054360955,-0.01648960206227746,-0.020441596521784462,-0.15003925511179259,-0.20290508192671614,-0.07874032383571837
3489,0.06781385255376741,0.12257323359858076,0.6471315649686259,-0.10101858083394563,-0.018749908895905075,0.0516396936726077,0.23247323476750495,-0.08192703941857327,-0.07614575608065678
3490,0.37122892640955957,-0.008365244339006624,0.6416834045179031,-0.30017964146580506,-0.02407552596030662,-0.032165722119807026,-0.025971541359830895,-0.004928620841452089,0.11123166802811937
3491,0.5180730983138789,0.5146895604366194,0.19880998252622928,-0.06221729543134547,0.1918451164014133,-0.1231406075303748,0.0254151518816896,-0.054153132068680346,-0.3799490990655646
3492,1.0360758217752302,0.7237437374450914,0.06079066354135918,0.012867781460179953,0.07873125318314436,0.037779948518171,0.24283392890103064,0.07647576667354454,-0.2709114404456569
3493,0.8313153612741224,0.643434648655017,-0.20846286248082463,0.8020157867737455,-0.29589002012044463,-0.04523412378839054,0.23536729660412567,0.19700913416295562,-0.22247674060690767
3494,-1.339961733761687,0.10867578116744338,0.21753988802925714,0.008451642874722316,-0.08963731536346552,0.07522205168682189,0.028994978814938135,0.09802915028348624,-0.11010981153744102
3495,-1.0978612794787874,-0.3186353742042849,0.020427257692858084,-0.17297621565888419,-0.2382467987529474,0.04427095821817837,0.05742243917348686,-0.02383231864001663,0.006356026940242515
3496,-1.1094015375647284,-0.3152360082493293,0.028629522670969455,-0.170929072714032,-0.22419177315387992,0.06199869910052573,0.06696812565610177,-0.04402012876738815,0.00210228656707451
3497,-1.3418225365168803,0.22995030448664566,0.22463980295870276,-0.09434711071183519,-0.2862696184646079,-0.0925415343165203,-0.00810496300549587,0.1744088400007864,-0.1465600376548874
3498,-0.10718901347671846,0.5549385082297895,-0.30963431058006097,-0.009294054358620168,0.22478013565583205,-0.12471434634609883,-0.09057044542013486,-0.14226813003470612,0.07809649081211113
3499,0.7909698392007896,1.0661758555492378,-0.14678100539950675,0.26831480921384543,-0.12164859846498706,-0.07322919564135445,0.10404848934368101,0.22935137427844615,-0.16572083021420614
3500,0.21400887421452863,0.6403659213802568,0.25452745692646267,-0.05166349692039642,0.2692976260767499,-0.04324104787511253,-0.15538017754315425,0.03374244341412085,0.0014517427360269865
3501,-1.3341522514935726,0.18830601968966995,0.215837544538741,-0.08908315061502466,-0.2601614427386766,-0.06163154053056702,0.00851437689858009,0.13424506166238936,-0.11124662456118033
3502,-1.2988238236661416,-0.03192350127989795,0.19791688295476703,0.09125751125381938,0.06091182516750982,0.5497237034458984,-0.14757754950892552,0.11418666707103786,-0.06910105386713428
3503,-1.1198711489247812,-0.24765038720108326,0.05228760702531803,-0.08450895593217124,-0.273724094446469,0.008226051624829448,0.01848686989968758,-0.03370291168545299,0.06632847537919799
3504,-1.3349132295451458,0.1884062699297895,0.24147877486503208,0.12747722303156386,-0.28698974595980764,-0.10060188365206367,-0.007401730729492367,0.060211908503512275,-0.1084364244015175
3505,-0.5577967142382902,0.457502103650422,-0.4236094450032987,-0.032797371260201186,0.05747770131417517,-0.022525555158791472,-0.03255232392929326,-0.24842152010982407,0.007922284122057123
3506,0.020481412727769585,0.3789092778918568,0.8396695578770369,-0.09915629395633435,0.013619926711576002,-0.05217994652772412,0.08443390302008268,-0.02414002427624158,-0.08729203045679686
3507,0.45385324780214087,0.6786276011277882,0.3194927790298991,-0.10485068438141111,0.17609559565675897,-0.11382065655424806,-0.06706563720381473,-0.07693621856216369,-0.16275033254783083
3508,-1.2396157051435923,-0.028719993638192318,0.1475013738159965,-0.05612262626387079,-0.11647412771334795,0.37888806772482253,-0.19188769159131353,0.20346903462516164,-0.0038992399662599315
3509,-0.7743657847640626,0.23643773356628073,0.4023134175392624,-0.09479857168467253,0.00696576443688089,-0.21555733807365993,-0.1989231879548927,0.09402274177718188,0.2877138682488435
3510,-0.7846834587301449,0.47370153297061013,-0.32409342894104926,-0.10593528040930111,0.009398186565635899,-0.14369097213466053,-0.22915028814757762,-0.13928747852337148,-0.04602724246771147
3511,-1.2407417902893274,-0.045047500846894184,0.1445871720930559,-0.07967240494449737,-0.19070325120886852,0.013873589537817123,0.05645822829598768,-0.06320946235800151,0.12960093994991087
3512,0.3927950485456189,0.48746214248665637,1.009548643965503,-0.12062384195180556,0.010631923061257164,0.014847128601213929,0.17517978365182324,-0.1965760124607874,0.16666533085128055
3513,-1.2637076130251899,-0.14083682642223527,0.2520187720875141,1.2678386903516137,0.1513193190675821,0.45142217560683723,-0.3797401362979463,0.20890340951005892,-0.012637942235299482
3514,-0.6230206941634608,0.5878676400178389,-0.2991261295958897,0.33587739071966366,0.5320871970209755,0.7790607891881903,-0.22943416281624748,-0.03719932153325371,0.11170111462467844
3515,-0.23885323135875122,0.8473187455170964,0.31214139550945774,0.022366148139677102,0.20155747706148838,-0.2863874049832993,-0.20579225752698424,0.009465041629877111,0.12120381299293258
3516,-1.4553983527367411,0.3487426000865296,0.3250755446248874,0.125868234400105,-0.061711963012629704,-0.10368885071218348,0.10866069501072562,-0.04781622248163418,0.14928395261516994
3517,-0.7678978255804021,0.9233213838396562,-0.16510377150263544,0.06347986494624118,-0.059792368687048354,-0.07013674848200895,0.019320600839093743,-0.0843828931281254,0.17170940659965836
3518,0.3969157447351054,1.2476155655265655,0.44913555721856413,0.0808398379630491,0.1687734147499835,-0.06894419290197897,0.12249442170133237,-0.04588396689201099,0.19017709821134907
3519,-1.4781524584267776,0.5104678342978478,0.34998092649355217,0.03917394318315792,-0.2182891561922206,-0.14224033004897868,-0.012658932052131902,0.08640231236642677,0.16449621093445962
3520,-1.4709891382151052,0.4551878015661204,0.34250328428460863,0.03868495292655603,-0.18574554394691137,-0.10049059069898889,0.013959792945794318,0.026618340132473266,0.18160140032352662
3521,-0.7477264954546384,0.6692478182078689,-0.19031441121698253,0.1353489151588749,0.11883319911185469,-0.019417639192760534,0.07214980159922312,-0.3819184629434084,0.38935798252848036
3522,-0.8294543527353242,0.6695329595368286,-0.1843065728924148,0.13231451556018445,0.16570397582031413,0.1795438217503669,-0.18363703797206973,-0.19956410802084307,0.37651249846683776
3523,-0.5164836652134398,-0.7625286340598455,-0.5362857960240208,-0.08536751623921769,0.26029036381099263,-0.11774763530675326,0.18742770267766262,0.05201161867629099,-0.04945202158400851
3524,-0.25472321444986756,-0.30747001378710875,-0.6603174932271576,-0.22558630102474922,0.14546690489450448,0.4800581861476566,-0.4167662081147525,0.05390741433730117,0.00024332147350016874
3525,0.008524635117196,-0.40979733572073634,-1.0158674189825518,0.03439214321976898,0.657902529967398,-0.29353479702446905,0.07258536792510493,-0.11453614007623204,-0.09313686801591725
3526,-0.15327056693456215,-0.7980561558905676,0.02359022792244078,-0.20995769814156293,0.09699797353768268,-0.07087606923376889,0.07027656773377515,0.013681317664454778,0.22921133327676194
3527,0.03792144218932491,-0.8720433135349633,0.06117506797268749,0.15743781029143245,0.21597752262129707,-0.28192175974921146,0.039059115551079805,0.13848405187157536,0.1813745482716185
3528,-0.09296142266887696,-0.18379861728614513,-0.7738820361359858,-0.3376870715386084,-0.15164273966103217,0.11039965681818559,-0.053688925315804485,-0.16084364029260784,0.047544208102411514
3529,0.09955988627274456,-0.7852832081613638,0.1607052426652981,-0.10158276102730822,0.4006546467288758,-0.08597331705903759,0.06082326288011095,0.1946213743048004,0.1716511844133615
3530,0.5771695704476227,-0.34460468456306553,-0.4046212681138822,0.3089609988504952,0.12749247396626442,-0.31468073703648813,-0.2482097283830261,0.08178200785009183,0.0619675663019648
3531,0.2467182473070836,-0.2671251309232932,-0.16635156205946972,-0.37139240189521255,0.013119372186108121,0.08254295745930317,-0.277092069809622,0.07003372917876723,0.08501131454476019
3532,0.48170334158693384,-0.45790537780653934,-0.33205625476861683,0.1260678105982367,0.38862850861047304,-0.2673444753807832,-0.024803508763902818,-0.05810882529358524,-0.023005764970552622
3533,0.19518560478303829,-0.7311519210866634,0.24157263010160904,-0.1887201535209843,0.21506198546994082,-0.0651661747499971,0.17986611869475183,-0.011396411522137424,0.1216886372518
3534,0.22310729542907048,-0.007014009628642567,-0.980949942086096,-0.08589937335500843,-0.1597042365659406,0.023048482443921197,-0.031719647904267276,-0.10454628206482167,0.030155653750641134
3535,0.5383973673113571,0.07246121804532718,-1.0552201405462314,0.32761227450516883,-0.3046501889190967,-0.016504900659047576,-0.014254337630574293,-0.09233388570816291,0.05922581824588194
3536,0.711526934999185,-0.11988652766032111,-0.22806527705794677,-0.26099711753582056,0.15127591559700979,-0.07111216804314989,-0.05717247124005397,0.07581914875058311,0.11408320335133916
3537,0.7245290883411699,-0.2435614120186805,-0.1362486845937686,0.12008245043130453,0.2357714343663977,0.20011467236833283,-0.5244069211357212,0.059784382618815496,0.00790796801781619
3538,0.7690311452347264,-0.4001689332636542,-0.024626462360238067,0.7180106711038373,0.031126580353468478,0.34357497673446824,-0.7169712784531616,0.2707786572849198,0.020395364035202826
3539,0.7135286535004041,-0.5926051729800949,0.44745993451690996,0.23048724321661784,-0.1378567448877979,-0.18598639764722402,-0.14842309086877328,0.010396875842304238,0.1332351432631894
3540,0.8326989667116855,-0.3521640360726006,0.06713298514788237,0.21399100030663262,0.14664011840836869,0.1561382164415146,-0.2264729193546178,-0.07357758577447684,-0.07158162942963765
3541,0.9998599208128666,0.09861119381733251,-0.6903800783242847,0.3880948548035511,-0.2357203857721067,-0.09385493269927528,-0.08642708836223478,0.10658163629659971,0.17892337795463575
3542,0.4242667096415749,-0.7345257788316288,0.42971363944555363,0.006047853199579128,0.4322218704809234,0.585644897594528,0.1529677351683817,0.01740786439304919,0.0008109060552579655
3543,0.9081661333655571,0.04204305170486328,-0.11555222734282952,-0.3183816660029707,0.07565238674547742,0.2123016831972527,-0.06328918611993506,-0.1223712402593169,-0.16337760278790317
3544,0.6341282052433147,-0.5710956962912661,0.506734116315152,-0.11535862275974336,-0.08896391742766815,0.0651574739642089,0.1773907203386062,-0.16610266977797702,0.039507749378380363
3545,0.7211316541737262,0.0071897300030705205,-1.0947348151827594,0.5860814507995666,-0.3190077473050727,0.17042255090625527,0.2673770393264319,-0.278668052569285,0.13458414570112476
3546,1.124410096564575,-0.17845201200029023,-0.04476757916667807,0.4696158067044104,-0.2684393966890139,-0.08913976980884634,-0.1659236281607582,-0.1570432551678332,-0.14837713988353657
3547,0.41138668826119285,0.17671650877925385,-0.9474624997741686,-0.13319285316428137,-0.3719378719571254,0.29380526479298164,0.3469911501545645,0.0380373909266363,0.1432313809676038
3548,0.9263313340046897,-0.03818727274877765,-0.11407972624318788,-0.2154709361964434,-0.0024441453604227394,0.08834353429685536,0.22743640714975152,0.025362337435669756,0.0417551616845473
3549,1.0364128834902961,0.28654095713462646,-0.49507394989556963,-0.26387812725966914,-0.066797490565343,0.11444999791957891,0.15248009088742473,0.1854620578594453,0.1105748898184167
3550,0.7136608497139427,0.06006465417502677,-0.7811262631500435,0.14478989060379058,-0.26436056745665765,0.22618418172607,0.39252624364168187,0.09260958849198751,0.22634231731660653
3551,1.399123467642858,0.47671873659562813,-0.33291204772464444,-0.26288877042194697,-0.10659691276533778,0.05685554136524791,0.19039278416074656,0.36305161982607337,0.03058648148302575
3552,0.7050233388264903,0.32599324653003403,-1.0921372908805067,-0.11377297208674629,-0.21763647670105832,0.29483804126965846,0.44602657555755454,-0.04664268607901416,0.20193558937476455
3553,1.1061292069481377,0.15376734806011785,0.008171885202694578,-0.4204010789375107,0.03793423256057977,0.014269893289426917,-0.1171446409973965,-0.13528066882657094,-0.2502133086322942
3554,1.2505296617580561,-0.04659637425510997,0.185338374537331,-0.05040041349071812,0.0018352439082520403,-0.09228150214532371,-0.13831648771365415,-0.13537108639074524,-0.13026737802861163
3555,1.4161166702878867,0.32485811579572227,-0.24437777979034525,-0.040498197102888565,-0.1287601025676208,0.03985295381479516,0.14364651569783352,0.14856527900828115,-0.11301299198759379
3556,1.4511553792025775,0.11308029480850657,-0.202601053495095,0.5368517464083502,-0.38650647562565876,-0.008311472212125831,0.04192459561741211,0.1284548363663198,-0.049793564507891935
3557,1.1097682837736658,0.03358169414501326,0.02491470854719037,-0.2903461190113026,0.03349128901802623,0.13791066295352689,0.176261950228686,-0.13929560927247894,-0.1425723900415401
3558,0.5598084666161429,0.2705741072689421,-1.0379963349027264,-0.16047005523769942,-0.2867562746047543,0.3440279618591835,0.430710351000465,-0.012329947904970892,0.17426288833449163
3559,1.372310555461674,0.4097101231657953,-0.3640732931704504,-0.20900046706878728,-0.06327149428728875,0.09479200008071598,0.2690460108876306,0.2650058308496395,0.02115707948052871
3560,1.4445467130441922,0.5362730896747506,-0.21201337278190613,-0.3562323089784078,-0.15208352885470786,0.02960598120428223,0.09297929572173957,0.3929108888536931,-0.06198194034734737
3561,1.2914296787882094,0.4230768901185991,-0.4059909873167188,-0.23423514416350893,-0.11884287460196619,0.12215934179742201,0.2684672468110784,0.2595483712414265,-0.018767631361249607
3562,1.185864758574887,0.3174612234185219,-0.3868433498886578,-0.23195541740550235,-0.11037704066573303,0.22364806300688553,0.33467972800890106,0.11160680915269873,-0.02074506204577124
3563,0.53702690765991,-0.6611824916003537,0.5394786761561595,0.13723094112021422,0.18359025997286224,0.9723067099523769,-0.14284594668625522,-0.06520114209399695,-0.01432870269086677
3564,1.0918286763923273,0.17634751333335108,-0.0022470823025921875,-0.39045669458192384,-0.05227605306301886,0.017311834660379954,-0.02717828464450765,0.0527990027653594,-0.15401905009034156
3565,0.9672342988507697,-0.47079113041957543,0.2609133595572018,0.6088090284925538,-0.20618660844868672,0.2388645408207801,-0.25200357228909037,-0.26401157461972546,-0.1671546177487237
3566,-1.2394471669273346,-0.16472323594535282,0.11201967235454707,-0.01822768316094478,-0.015433458824827807,-0.03816869328639548,0.1787168799032077,0.061631324326976,-0.17254334891943848
3567,-1.1965102183479805,-0.10382900551605564,0.09144687951527389,-0.15805724657888573,-0.27910779811315767,-0.019361471540210763,0.03632766324522172,0.18066874947290773,-0.2848263005937677
3568,-1.2295518532508205,0.007453298946785385,0.1242439126340096,-0.17262079678997713,-0.31988862181164557,-0.052974288968959435,-0.00908682104398188,0.2097662780020521,-0.24092676509645253
3569,-1.1312272107894514,-0.4943349216480826,-0.004088268683536306,0.07247815480625383,0.20427172465517876,-0.07689793514126969,0.3278091739737432,0.08876238910199093,-0.21630148177307262
3570,-1.0517196330494891,-0.5044323026938342,-0.009130883948125425,0.023921594404032406,-0.1398291394693691,0.01931544336519924,0.18171160674271825,-0.07987696552887544,-0.10422781682102111
3571,-1.1083639312369795,-0.3742090048320634,0.027048492165099636,0.02146316771385053,-0.15100405443390646,-0.009036659702958156,0.13969863028694188,0.015639126212978898,-0.1969651594230927
3572,-1.1750027039247648,-0.21962759990112435,0.0775531570650395,0.036848720017076994,-0.1475548964136056,-0.0595358145726699,0.105302871983243,0.08494136661138108,-0.2055221887303794
3573,-1.0792616889182358,-0.36014292115143437,-0.0005624312846833166,-0.21380310769598837,-0.2613367681885,0.060694405139524406,0.05159883395690151,0.02317757179634887,-0.10453939038286199
3574,-1.0936338773272531,-0.31952741673134333,0.011025225430854683,-0.2092570200235124,-0.27178110825313156,0.042465591084368766,0.043220285430682945,0.0565076837302942,-0.13049496829842572
3575,-1.1504308655776723,-0.18740727689994224,0.05568208518155793,-0.20817764083334153,-0.29788611476256366,0.012529779919252812,0.01812480154494841,0.1362006867328498,-0.20994583172742143
3576,0.08470456656450022,0.06281016920030691,-0.24705862242582793,0.23394293222931653,0.0932573935737009,-0.16376125667591895,-0.018229439441561,-0.04251724738162597,-0.044464740714275156
3577,0.22144736728717168,0.5397837458466717,-0.03129837637052224,-0.1087190651027695,0.05485035329484651,-0.12039032986927753,-0.021402931431730207,0.1704207642259142,-0.24236698564634795
3578,-0.09781780125989753,0.7174143621377224,-0.6134373540830266,-0.007605730002716596,-0.015786440140128366,0.09426428132877383,0.18057344782946189,-0.21079307917506668,0.03897191544249333
3579,0.2640430768706602,0.24032036317810884,-0.8768357062293165,0.879522606916054,-0.2149687561289583,-0.21514750066885072,-0.07196285255802752,-0.10599708175526239,-0.10383746210547404
3580,0.22879525848780383,0.42968350410276396,0.1587072149020996,-0.1405503226427377,0.13260894509730564,-0.06446675013637135,-0.04736385403043933,-0.0727451851254863,-0.13777260612605416
3581,0.8608761571221529,0.7570133646975624,-0.008044397788108363,-0.14645949599740288,0.08065961803296051,-0.03452941540258245,0.06962447159291997,0.17712230712792112,-0.14876899214883646
3582,1.251460063061216,0.6902292104490177,0.0030599882431857094,0.022766771380243626,0.031102151461830707,-0.04641861572588013,0.12925790279718993,0.14877065659719035,-0.1570136086518395
3583,-1.189149711395398,-0.3952943054994559,0.04173927347274742,0.11869497981239369,0.26562068956065343,-0.11664685057837136,0.3407209450281131,0.09499816162116319,-0.14915023694729973
3584,-1.1681572684079713,-0.20695548544065193,0.07814326622759332,0.004000546845318156,-0.18997871832295737,-0.03407336926303753,0.08329205599401213,0.0478115003499733,-0.13974049061991922
3585,-1.0874885128296294,-0.3346064906603706,0.010464608428237815,-0.20422860708713753,-0.253114856225708,0.058446732667357976,0.04209419377887373,-0.022460127947163008,0.03273926869930204
3586,-1.2147189502539428,-0.12574887878339558,0.12735565059411902,0.039545737247554294,-0.1913997707970063,-0.01805626906506462,0.09882602253786349,-0.02552555561026553,-0.12779755186469785
3587,-1.2256503108208727,-0.006997788272805421,0.11990674034647723,-0.1605537499911778,-0.3038231324845067,-0.04871773033120321,-0.001839991371322233,0.19514816921640277,-0.18308633909893107
3588,-1.1871195695119157,-0.22758289441381271,0.09656192102870273,-0.08618341635529644,-0.14472965470207522,0.07344964385980471,0.12763808861548415,-0.12638022481466285,-0.023214199542942023
3589,-1.2689033075699416,0.041187194950907745,0.1657184747553466,-0.09835117595407963,-0.23737480832528068,-0.02730907780677202,0.030896317767738598,0.04340068199079254,-0.01836783254707499
3590,-1.2256537084608594,-0.11185656143543622,0.14715569066430426,0.1849963454199492,-0.16923244649613814,-0.060796092590169874,0.1128819155566167,-0.06174231593483244,-0.02714159125259954
3591,-1.2602261675680906,-0.052301147082838,0.1338625111059381,0.18318790672048932,-0.04108617183895064,-0.21797813404950608,0.1144945013347013,0.26516271702208055,-0.20519005941851237
3592,0.40585686190569353,0.8826764997941853,0.10444911509837942,-0.10382061571982865,0.038077484559317094,-0.027949191686878455,0.04578524454489864,-0.02529250305116673,-0.11279515818923472
3593,0.6800714339425885,1.1194006740598565,0.5414807882421343,-0.029266085257931243,0.22869933268663556,-0.14496792862662422,-5.6549685824345757e-05,-0.0881482181014158,-0.09101468591449322
3594,0.44406570227887615,0.81473736780186,0.70857992908907,0.04137475616120533,0.2618254710288942,-0.07633699192261278,0.1320846786095328,-0.2452385834266163,-0.16749314709841145
3595,0.41269364987758156,0.5589478433043293,1.0541640429518482,-0.16218930239704912,0.0024091551715542097,-0.06026570829847031,0.07029885664411599,-0.006738870697748501,-0.045983095421951725
3596,-0.6343923090712256,0.45240022701285615,-0.33903877157229045,0.3811396178650534,0.6177923153924929,0.07395284893701277,0.18059901155790994,-0.07568511442462154,0.04661718739961914
3597,-1.3719178135014383,0.2924595431603033,0.25228354668770697,-0.0739245682710298,-0.2712390248282527,-0.09484486429790909,-0.016610649197188552,0.14239930414225857,-0.022058239215050974
3598,-0.6266634328667279,0.6413977487872741,-0.3564310276186281,0.3979829326654706,0.2630078939796643,-0.21983261747550825,0.03948486911623826,-0.23128003090959962,-0.049791748326359075
3599,0.20782827048403518,0.4511193548298191,0.915268566888297,-0.17178321796799131,-0.04155414340709526,-0.0427566845900197,0.04548164876838076,-0.010468134293647414,0.05345651364216144
3600,0.16096220753549403,0.5666640764643662,1.0511682380347669,-0.08130439473673153,-0.013165313778602047,0.024945568470516617,0.18943890729904705,-0.18015639136565853,0.020971599798411213
3601,-0.3653063046375405,0.9687223700578768,-0.39241891857474315,0.1657849208470354,-0.007067405425525319,0.20285438357325503,0.19770581269581491,-0.05291886835868146,0.07149299216320294
3602,-0.9818908891021747,0.5101005631982365,-0.09903082196191902,0.12544820869210407,0.029063388442478327,-0.11616364681397041,-0.08299512642968375,-0.2568651769383724,0.04318315006653613
3603,-0.39332831705785204,0.6124369383780301,0.6814070076352251,0.08921605290659256,0.32710906371899134,-0.4016263963962251,-0.09027197268635526,0.15630824907799915,0.40069424111838986
3604,-0.4654291390069268,0.9851326179871358,-0.4213877869165412,0.12312206400159349,0.134630025136923,-0.13955692706978848,-0.025467048911237678,-0.2305754210411486,0.041013723857381314
3605,0.17617534701461132,0.8070868700520928,0.395822098521902,0.046608780129372106,0.17902567650656903,-0.016494763761095745,0.12802335537563503,-0.22188045393769984,0.05707515572757185
3606,-1.4043492397245585,0.2239836421059111,0.3009728719897378,0.26566885580956934,-0.028983557885205288,0.034446156052622925,0.03569793664409744,-0.07639924446884368,0.2018329386662789
3607,0.16164426065501292,0.8755160120857802,1.1948828161328762,0.06422759099691937,0.15215563941147742,-0.12671132068490415,0.08317362459878971,-0.13458104915485675,0.3236482996704917
3608,-1.4946556902532437,0.4981930495550703,0.3674902862402179,0.06815066611002736,-0.16000596965709546,-0.09189046027618261,0.012189511838446037,-0.035678985582312306,0.3161700466798674
3609,-0.20681642213409157,-0.12458469319869922,-0.8809286020867846,-0.4384730552087816,-0.0633788016894561,-0.11282444881535557,-0.4502076451506066,-0.14421681600589495,-0.07770037293670927
3610,-0.4295557721349107,-0.4051714626468941,-0.5975926820068592,-0.400408824670589,-0.17504814864508147,0.02214666779491906,-0.20264967288124383,-0.10740252895624972,-0.01324614836383329
3611,-0.3422550834822546,-0.4432169612763146,-0.7230692217595199,-0.23057497682029005,0.0965440297779985,-0.14295864034145425,-0.1270169927005379,-0.045209612774309474,-0.06737724054192458
3612,-0.4728255643908816,-0.6965513540183766,-0.06902511728481839,-0.38921709961956324,-0.2191514501178853,0.012108125065973276,-0.10588986835974193,0.07119524005339593,0.13980915899786725
3613,0.015923907028326297,-0.3968287877496867,0.16155594711833757,-0.519249858529804,-0.22368362916355305,-0.199422956754371,-0.37802204837803205,0.36745758772957077,0.24226753341756754
3614,0.1379239421152695,-0.46858591009695066,-0.9058126912638906,0.7481135718834456,-0.10375833581523256,-0.27724337637047003,-0.14132713897319937,-0.07375833429503721,-0.09205830876937217
3615,0.4579683988515411,-0.09924567392257637,-0.25317290443731505,-0.35200721790696693,0.14014378805877573,0.16485374234332664,-0.4279744722621727,0.061223960977603034,-0.019468518149374475
3616,0.6042239753664563,-0.03688758749185318,-0.35553606069088245,-0.33525332899992216,0.0480489017863355,-0.03968889135919054,-0.13487290191101098,-0.0008579531393113375,0.04563119514911543
3617,0.4189672490064078,-0.13910388440142174,-0.11239098056679074,-0.45476082444837657,-0.03747555029384141,-0.1154485961097092,-0.31552788834346923,0.09417494252279858,0.024961934214168063
3618,0.6190315451248615,-0.14258398139449904,-0.41405554904059866,-0.041426944423533174,0.10256922416434032,-0.19659630789709046,-0.1426573183873262,0.2305978552228994,0.18529429990165103
3619,0.6144572868080347,-0.5142352670890549,-0.09284528146697006,0.44648159083327316,0.018535643499684677,-0.25844342597539954,-0.22378418854968712,-0.07500131968048082,-0.06389535606122591
3620,0.505764446053412,0.12007123331538666,-0.7185931240980191,-0.3294048681223119,-0.02610535771194968,-0.027396503013593893,-0.173619882264436,0.060552352332107075,0.14158417520761893
3621,0.3956897931497442,0.09116814556458175,-1.0231382322406708,-0.11838574467040022,-0.13483943079838367,0.16725105226959874,0.15284741174834215,-0.18647912447832987,0.09906155844867587
3622,0.8381576114331494,-0.3121076531560931,-0.08011406498576536,0.3403209692097439,-0.03286824720495461,-0.2788126527019476,-0.27110027366381273,-0.021315701969956028,-0.09579833929867933
3623,0.7954655809059787,0.1457269480972758,-0.6541406604742906,-0.1378695363498346,-0.022467333045444564,-0.0023048045120356523,0.024681282911698174,0.09919331486683337,0.12555874742206222
3624,0.6955195791336258,-0.056334893851535256,-0.16532602561272045,-0.34729489640365613,-0.016618077261091237,0.06964915898199261,-0.010565258016337762,-0.039076261265904966,-0.009379991232428208
3625,0.8767297472404199,-0.02897229136409874,-0.06809837125280614,-0.171776753773329,0.1468565462486514,-0.23310205373594195,-0.17643701352900934,0.10032666119661751,-0.28217317925897595
3626,0.6864046031856809,0.10118156498493082,-1.0765151424245838,0.5052595203719432,-0.4121409214187903,0.07650064448196206,0.09214070533169696,-0.14168615217653946,0.09844137520701979
3627,0.48166788275615374,-0.6591820262127602,0.40290398662851534,0.3097250282211775,0.10871682896699382,0.7854716523053044,-0.4444911395710046,0.09778443507796006,0.16408892402984612
3628,0.8759384087603476,-0.0316570227580397,-0.152389340170972,-0.15256103630743525,0.36888964047948264,0.5560769259395351,-0.22574628405368907,0.0019144667521556213,-0.14960167890045853
3629,0.44853333440464094,0.16906126146346018,-0.987353116372081,-0.17481048181669787,-0.259385909144176,0.34249192382048904,0.39402517497180284,-0.07047541540199888,0.16383519689891352
3630,0.7716725693390127,-0.6310146517567291,0.5209770858598178,0.37239173781025836,-0.3348458380572473,-0.06160841675575853,-0.04798560387177266,-0.1631535819501962,0.015717768333370786
3631,0.8053487893702518,-0.32086552696243803,0.6754913927586699,-0.46784107942907177,-0.12309955878819769,0.08879737469969654,0.018145602396181307,-0.06695628795396265,0.041815122505776396
3632,1.3519771009035735,0.4970194531309462,-0.2301336658250841,-0.38389230387531975,-0.12859270198630898,-0.022249081847508505,-0.010319420952065351,0.3657722039313851,-0.016245080739977377
3633,1.2729809529696137,0.1846407753213546,0.13516986963744249,-0.4744979951818713,0.10028409368880141,-0.049924632077544745,-0.21025945932491039,-0.13253841977855027,-0.13916038751621732
3634,1.1518686115919976,0.06913405200830505,0.27845138026275734,-0.4616623627292361,0.020060861657220347,-0.04289356579179178,-0.1519549868195892,-0.029041958405303693,-0.10241245696632022
3635,0.9339792977688803,-0.6079787123691853,0.6276394038889646,0.43449226498120747,-0.3778288037902909,-0.02348618770536534,-0.053701072882928136,-0.24994505483656418,-0.03548602385600366
3636,1.4033982519444637,0.0023858978464234943,-0.04140796110737983,0.31208735879534283,-0.003780022658030421,-0.15110775827870468,-0.060722171564516085,-0.04406731348503872,-0.18689332967944294
3637,0.8515323803203694,-0.39248408285882735,0.6421160198080517,-0.37097358694110066,-0.045375058391706836,0.13412665426794984,0.1724394445752206,-0.175946317408773,0.05036769430848614
3638,0.8181170640657935,-0.31320918929858854,0.655251861362471,-0.44699915125666384,-0.1356836268009467,0.11119060582072321,0.0852868742954951,-0.09635370482217184,0.028314229620333534
3639,0.8128453151169348,-0.6334261111450042,0.6062953644205056,0.4896126801189449,-0.13206732987286673,0.515800768120113,-0.3451529469529214,-0.06836016660931055,0.009702193800551774
3640,0.6906788125636056,-0.495185240956881,0.6110795865311563,-0.2119314440933407,0.1941629510267034,0.663265122583762,-0.11105373218752956,-0.023887683571262686,0.07690157848569683
3641,1.2829888567346988,-0.19630441360637374,0.21789935026986929,0.5020768557208063,-0.3246333015585054,-0.13878971646128624,-0.24085964724053824,-0.11709519459875875,-0.15016984378821124
3642,-1.1696750632152046,-0.2413728390691549,0.09178653466768565,0.10860331644144576,-0.13533907222885794,-0.06742016761478814,0.17201242142984055,-0.010199763720979667,-0.1286351946787242
3643,-1.1195962209479169,-0.3081653793788235,0.031765370014149114,-0.15430286563272402,-0.22175699027953422,0.052406009027503885,0.08625030713592084,0.013521958386066554,-0.16990776746853567
3644,-0.6797982820669972,0.05728249936807392,-0.38706665585613614,-0.24038379930892784,-0.12239438924761123,-0.062202716367983024,-0.17841193204538422,-0.037760967791690914,-0.14923480648960688
3645,-0.5780333711580268,-0.5385626672112782,-0.4472616163410857,0.349812461806909,0.25810183874695347,-0.13438486592355114,0.13872205105227442,-0.2573513150107293,-0.05509203089017861
3646,0.10648084556916697,0.2044142688012911,0.2998364016907157,-0.15156767520845096,0.04601028611730066,-0.042550204844581795,0.0274871604262553,-0.004533847154603797,-0.16364971260105057
3647,0.6931318288913222,0.6813405266497979,-0.3143201550632019,0.10206562022477621,0.17992778738759793,-0.20192702804444876,0.029468549661174393,0.2518091144818394,-0.08414994661378135
3648,0.9996610002133185,0.23871482657622584,0.2153898767431276,0.6086433528050196,-0.18735952541768444,-0.195017863566405,-0.21029689565786058,-0.12457954193167607,-0.22014012129043728
3649,0.5390149499310938,0.47213132675827435,1.0005030907410983,-0.22285506695343693,-0.03435378993117003,-0.06219870998771027,0.0649946028567224,0.025117445351617296,-0.08731699045446392
3650,-1.1267910254882882,-0.4064242463922505,0.02024168526303136,0.02316542003264604,0.05606171293197151,0.08271608051153272,0.16059680583351385,0.11966534903556203,-0.19580197247523112
3651,-0.6100198187350104,0.01631684438225694,-0.432853767797219,0.02506925032887871,0.2092605967386013,0.0725484131662161,-0.06972514286028303,-0.2610805555438006,-0.19452142608466655
3652,-1.2631966147221143,-0.16680640343845485,0.12280353110958558,0.11787554254145101,0.2162047964462331,0.2776242156677602,0.014749225550927387,0.3257910210784276,-0.26732803624287943
3653,-1.263877063496812,-0.09305190032013981,0.13360673502874257,-0.009921774276567182,-0.030558862541629178,-0.06411587082639246,0.15914317322342875,0.09841182479261673,-0.16493297370705887
3654,-1.1480399511461608,-0.20749250822662801,0.06257473574211472,-0.18012420447201466,-0.25429534308198953,0.031482501260811084,0.033374879867864006,0.001441972790057472,0.017889205809448385
3655,-0.19365572077882376,0.20889228560975542,0.6428166215982285,0.007179549680015684,0.04321782334513081,-0.06616906165774013,0.06887692633608349,-0.09765873153474484,0.03345048413710182
3656,0.8384324525454678,0.4328429616751579,0.5168396855751505,0.3592101667602847,0.03244960083123437,-0.14657939604632245,-0.01710756534876944,-0.1779503578166718,-0.2537351076043688
3657,0.5562470709998092,0.8906003774352113,0.376094036351573,-0.08816305970461953,0.1632373684830273,-0.07285449103912908,-0.00365800527879095,-0.08042006103811825,-0.14637709872641214
3658,0.5761589915725785,0.3312971860631313,0.963503271385748,-0.20235827356985675,0.024459798840143248,-0.0022633720268852215,0.11997658159794065,-0.0807460200668377,-0.03820932460573213
3659,0.6881831482394168,1.1406029627570045,0.49440456689155243,0.10756549112491183,0.17500874327891988,-0.13231118231307842,0.07035628846783208,-0.03307454402258126,-0.16924651509354577
3660,0.7956274256146553,1.197989417156017,0.48216779529836407,-0.005797021313419493,0.3069154646394529,-0.1780742090831132,-0.03227858525925934,-0.13713476909548816,-0.19195666582600188
3661,-1.2973046696449955,0.048032237661832115,0.19484573472012934,0.016874936412896595,-0.10978173707207926,0.10046694472948733,0.018992583177031234,-0.00819234627713239,0.10076521280717032
3662,-0.28748433950352115,0.1849851197346204,0.5443145839807318,-0.008507377556896244,0.24979259694674344,0.5079058370563572,-0.44608927323498304,0.3415310328353521,0.1487132470766863
3663,0.058416275620046185,0.41456778959519547,0.9281385847603149,0.10406462532812057,0.4125784369731819,0.5837695776469843,-0.2060595318203425,0.15646582731206585,0.05074112290022999
3664,-0.6562867563149272,0.1395542857643615,-0.31739262614352376,-0.0364330371514085,0.058945590159430995,0.301791409188231,-0.11822133446734649,-0.14048185453957976,0.11561288058499193
3665,-1.233550220618601,-0.07517286737785987,0.13734957310153376,-0.07863505287544223,-0.18469030310165935,0.019857106065409035,0.07372970676135743,-0.05683183357553511,0.046668478069536515
3666,-1.2717102312435447,0.07890881646510318,0.16932701954791732,0.018271922851445493,-0.24804518031548264,-0.12568250914484247,0.00748609842804166,0.16677073055119976,-0.0744018651439971
3667,-1.3200170660660124,-0.09128828295067193,0.21118709033996147,0.22657484380255655,0.3146622508871496,0.7987167631722888,-0.2003341487260118,0.14893332038722695,0.009917892174776432
3668,-0.23841773982267825,0.5270785237784736,-0.2364313348132733,0.026370197720026915,0.16428889329391902,-0.22277121369377823,-0.2384590974241667,-0.13384308908060283,0.14072852026400706
3669,-0.03764027660816848,0.8455360637127741,0.06678981195636279,0.0036385244064518563,0.1717113463406793,-0.17127647383291447,-0.08916950532634887,0.03747776108575812,0.12775657594470052
3670,-0.11568955534165734,0.6599965800830009,0.16194043763006846,-0.07920247816644119,0.12933852499810597,-0.15030362479758097,-0.1365980263942677,0.008331795601009854,0.061838791108038596
3671,0.27619659609095615,0.9128910916722309,0.05210738954443465,0.1773295063328198,0.2517368831110033,0.21688757581040521,0.28455261787634517,-0.15210687028946182,0.24582500759375153
3672,-0.2059593997600749,0.8859662642436555,-0.0048563630706962724,0.18753612022422672,0.4321437513848306,0.31881483570114266,-0.33450009559549376,0.2927947429171059,0.10000510313899569
3673,-0.6583762849053013,0.8397615641590441,-0.27862284329720194,0.03844135521281527,-0.04384820232027741,-0.08831603997257581,-0.007048301988436363,-0.07379750609612715,0.04921905391104795
3674,0.6342434684877911,0.9219471536038206,0.5497506544764992,0.0429606680061676,0.283977647678006,-0.11786409517361947,-0.05374025992241331,-0.2986578776452428,-0.1844089367854326
3675,-1.4506764860237062,0.4079932860597596,0.3267023751230449,0.020115948211785188,-0.18765851102602632,-0.08310985879408712,0.017312214034019426,-0.0015818833259832663,0.17974408755985363
3676,0.41583590616713895,1.4671589266660086,0.24537103208048305,0.26609690760452803,0.056371978458568776,0.045347840735806194,0.14539259725531306,0.29385165002987257,0.25643944998059387
3677,-0.7120654460909418,1.0177623106754419,-0.31849189624308405,0.06476233934388405,0.15093813135015566,-0.20732411534115291,-0.2243871126634024,-0.2771906715703833,0.1370489531646646
3678,-0.8734033173215975,0.8896611940071545,-0.18689402913842762,0.255545644669658,0.42548894111765856,0.6371784063744803,-0.549705559713012,-0.0017449278182144032,0.1362545276971884
3679,-0.04167798098123679,1.2000532120475769,0.17354306406910508,0.10919230693490109,0.2673154225621246,-0.2750621250779419,-0.15945858682633368,-0.007714779769703211,0.2679128080516626
3680,-1.422041570885572,0.280820570444632,0.3580792915804261,0.5622068791868742,-0.07076879041130085,0.14611476842534085,-0.10621280171812204,-0.1520397395242595,0.36392896093820853
3681,-0.38827042924757044,-0.77737772377232,-0.6624361112582773,0.01968754034956721,0.35727019238961555,-0.07547216549946578,0.13495338156208522,-0.24376698102900418,-0.021346349329428093
3682,-0.4387468994284689,-0.9355194980368592,-0.11048103632689749,-0.13249633947761835,0.005990871476971002,-0.02797321297486869,0.13627153600985326,-0.061756355111568025,0.16437946724565478
3683,-0.12407275854386503,-0.9215203532959577,-0.031363150244521354,0.0512629972241459,0.36788840232055686,-0.3115533788342981,0.034799603265049044,0.22652403610769103,0.2566093277148188
3684,-0.3365057573790326,-0.7637950604615733,-0.6329980121510902,-0.004402189469384818,0.2889345287449174,-0.00750740452838065,0.28636595534769854,-0.21033516311310363,0.03850459222404674
3685,-0.4546059923796637,-0.8557270935127393,-0.5319939104247944,0.18179480792321998,0.6311673884616772,0.8089037988130346,-0.05254009669584977,0.04707356338415033,0.02222534447097313
3686,-0.1291724849482028,-0.29002626737022114,-0.8183287939118505,-0.1402864272874563,-0.08786990991442911,-0.08925526986852524,-0.22197325443478774,-0.16527630915983266,-0.02812778546893705
3687,-0.07083217004810051,-1.0053075791902386,-0.022047061896205578,0.4929011416447677,0.21667152095383696,-0.45166540840229125,-0.04945035381043176,0.2930956707134532,0.12493349763080827
3688,-0.16579909150711342,-0.2408619918414837,-0.7341451245166749,-0.34293046328656757,-0.14025116119377926,0.07032777676620468,-0.0983372567993588,-0.14735025365453933,0.02769825703736125
3689,0.27891580352413825,-0.8971995807815485,0.12338862634591766,0.7764819464987052,0.13242632839969462,-0.06452788608598671,-0.44457789471276865,0.338900541175136,0.20517428925595904
3690,0.2503780396609679,-0.4280163056408527,-0.5474618169794572,0.29605912485802316,0.009844887735681557,-0.25515199035897057,-0.2203023497811582,0.05294369438367827,0.051921276934555415
3691,-0.07986344418923036,-0.693296086516778,0.12564227245288312,-0.3271985882085851,-0.08233457319502575,0.05783135807251889,0.04080055599561818,-0.08150529745333371,0.15783969933231398
3692,0.1958257207969831,-0.8841416071597668,0.16694512023370703,0.2178023184632003,0.2804255152385659,-0.2637855560802984,0.11896373866326732,0.11685671338905661,0.117280171171918
3693,0.2552958104695772,-0.23627985258125267,-0.36115814637539,-0.32495008924203245,0.02781739325507921,-0.08766294812752697,-0.20389529439621085,0.03048636058625336,0.0979819209128105
3694,-0.0652060175811434,-0.19446231529683208,-0.7268757479340854,-0.30371254041044393,-0.20771567076868658,0.17062595329659277,0.07629939330765441,-0.106084551420318,0.07922405538568324
3695,0.2827108303920752,-0.7730630891715536,0.18054520556334278,0.05953233508721173,0.2939773165117395,-0.2714664857627964,0.015172287568226512,0.15291918302117927,0.2401230664540595
3696,0.07425704117751744,-0.8973266116599843,0.10947224182565456,0.17447284174282437,0.19962149400044146,-0.17408617200676854,0.16461660039054377,0.03019490205610564,0.12461996005033449
3697,0.536641776558232,-0.007084728660708643,-0.5723351473578264,-0.25691358616561705,0.02112226778222092,-0.02197630368045011,-0.040368948837239044,0.059544054899007916,0.10706127538545725
3698,-0.07115667604504522,-0.2172236484260877,-0.6323450542360374,-0.292157634955569,-0.307716554261577,0.23880252694522383,0.21833650150845685,-0.023872639527620226,0.12359565305301433
3699,0.2693974848975004,-0.6124602368566824,0.2959476295397097,-0.3094727669815933,-0.01979259610315737,0.04292820013616356,0.07196361600303885,-0.10663778753684267,0.18196858222444548
3700,0.9280428355667664,0.31634669583682407,-0.5466729493612106,-0.33564980763753627,-0.03878358965110427,-0.08269091147408501,-0.1297845431376827,0.29266021690717764,0.16151924375803817
3701,0.7699267411763918,0.22993366036772098,-0.38177761638118474,-0.40185946394984257,-0.15222090402217514,0.0034660113807303537,-0.07856976330341217,0.21761750485543457,-0.02689232723087796
3702,0.6251142558316745,-0.24789785469599035,-0.23054308874568452,-0.12789357907423185,0.18253742900994246,-0.08695974363249716,0.003489729468573613,-0.009478772754470566,0.05096589563911778
3703,0.7927599348552635,-0.04464054158237745,-0.04122598624155631,-0.34542991151094854,0.031098736063263185,-0.09939816625112033,-0.13410192980081453,0.07168593187355861,-0.058690295899697036
3704,0.5201885647696913,-0.5578991952691019,0.42733017568976434,-0.2032926640413105,-0.0343078395285459,0.05719149993336132,0.17586761933225104,-0.14259782506685037,0.05972734011594836
3705,0.29672208538225836,0.09963074224857296,-0.9070263432245912,-0.15898130983063785,-0.21670392569618765,0.36550431326275945,0.2701546414549817,0.14625444062125964,0.11663934777209531
3706,0.5326065623143228,0.29253715797814356,-1.0605834423859724,-0.207107922103096,-0.2278105035493052,0.19891643899607658,0.23208271997562596,-0.007029654453931796,0.13863008708957839
3707,0.7272433903171539,-0.19799981553622978,0.016837706589058674,-0.2977327521344566,0.02930095018700743,0.09496193714146066,0.12198274519846022,-0.18133230815284007,-0.08452706357880709
3708,0.4764069165451212,-0.5825354856201009,0.48353358444311584,-0.1316560667868186,0.2476511764227176,0.7718871736382017,-0.1589000057644966,0.034769892222673404,0.09263803286757212
3709,0.6130017571217239,-0.6669203018510304,0.4800337688998258,0.1390774670185252,0.22867722501467252,0.5614530954481338,-0.038600048592016496,-0.04492075974899277,0.0763730433012394
3710,1.1192044739323856,0.19706424545180595,-0.1218448244138166,-0.3475205477977134,0.01973541766351584,-0.02086860468435778,-0.05559858930388709,0.0651597138010753,-0.09860507170765488
3711,0.9072551215580794,-0.5941563193261603,0.5894804998502648,0.2768948170450617,-0.1675712453953586,-0.08620374112572464,-0.026556383240190332,-0.1635152775776049,0.04272879181164946
3712,0.7669474507360527,-0.6427122521149063,0.5348236419914995,0.3327997215180174,-0.3080540421413363,-0.013202459901961429,-0.05690718765871318,-0.2398634975539488,0.03201156761840074
3713,0.754460398460408,-0.7759617847043434,0.5430640369607059,0.045444315381344066,0.6268558278955123,-0.12600839038796632,0.5689072926022289,-0.009262313987003949,-0.07816851835569325
3714,0.8651020837712767,-0.40281746073285923,0.661342960038707,-0.2844930283668097,-0.06369185363813723,0.017887154093300803,0.05679808085620602,-0.062411613382882994,0.039597414849536834
3715,1.371553719735024,0.3208842972972672,-0.042328010412551145,-0.3258464806321035,-0.00938694945626958,-0.05517151308071556,-0.10874623722557282,0.09047862584769668,-0.1423166370309493
3716,0.7402909040767726,-0.5697004424520343,0.6014280850812833,-0.13031526939626475,-0.07696893218107985,0.1576450400738724,0.24828615251681596,-0.30371682991048105,-0.019635389486410935
3717,0.6262793209756999,-0.06352927191024668,-1.0094326179147557,0.7471899807773873,-0.6067325371662621,0.2346661502079021,0.2605287279525148,-0.17951037151061738,0.11533216138098072
3718,1.3390195193492453,-0.016483141515994417,0.013119156575867682,0.2755923496566784,-0.17985990404284624,-0.029466748078249567,-0.03694555069335019,-0.14653818546191327,-0.15801243679751031
3719,1.4285021558024473,-0.00123177010701322,0.0897929842650341,0.42669110556995604,-0.2911964137827954,-0.17152772727832677,-0.2569087052778157,-0.04756725086988823,-0.15534220208647764
3720,0.7137614570800804,-0.662953958052722,0.5744408267134398,0.12500537624208155,-0.18135005831263099,0.13343562797109004,0.2367677759959764,-0.3414402578356662,-0.07389719203426749
3721,1.0553775405474934,-0.011116213408271831,0.2959613731084873,-0.4406361910743872,-0.010043178093492335,0.034235656190498856,-0.05256565415607454,-0.11298325145753108,-0.12164194577131568
3722,1.2263263056975162,0.3029615513852667,-0.20683762493604615,-0.32110990072886164,-0.05336290561366705,0.12426099617362261,0.13954421590461719,0.010490342274178121,-0.16441706024534414
3723,1.1613753450536342,-0.2642844595535546,0.2771100669800742,0.29773622034807323,-0.18102869404347946,-0.10602081198251367,-0.11759242522275679,-0.13032744503346028,-0.13881501558304232
3724,0.896444970681545,-0.6419651646465035,0.6221285217109009,0.5036461524847413,-0.4201583413227713,-0.030557971020126404,-0.08247095221300187,-0.2525133004447409,-0.06252256273770382
3725,0.7941096380821132,-0.5514884554159306,0.6092351668927765,-0.051088330836892966,-0.09576789452468518,0.052590113405852144,0.17732789577436833,-0.18452694471604233,-0.0213484594726729
3726,1.4536047475222122,0.4768941279913159,-0.21876180448643462,-0.3010896276877773,-0.09391057549089367,0.04188788576285912,0.14658846791805424,0.3269239715309801,-0.05640106767867949
3727,0.9123787284726784,-0.4320864896894668,0.6483512132943039,-0.23841300188942505,-0.02338125349820044,0.05115929801993996,0.1584399320418088,-0.15935401330665835,0.059130582444858686
3728,0.5342168787996818,0.2736453816169247,-1.0372989067270353,-0.1646109413610423,-0.3055581422725282,0.32584070842961427,0.414385059214044,0.03546746348601692,0.1615083466632404
3729,-1.266544469558622,0.04376644720809941,0.14438708156431534,-0.13250253584238253,-0.2530523398135186,-0.07704795639875885,0.024181719447777944,0.2502334399943694,-0.29189361487182486
3730,-1.026089595504072,-0.48809945034156244,-0.0374584921715591,-0.29362885064080524,-0.26709197753610386,0.1254064804981785,0.044180794013378266,-0.07399327720781282,0.02126684754667334
3731,-1.1195282611381687,-0.16800160319605437,0.03007139108668332,-0.2732585729707979,-0.38325315500225254,-0.03443544001901821,-0.052679594626885075,0.24843193712962763,-0.18144373652179843
3732,-1.2191468515519748,-0.11720643016200172,0.12824978279524718,0.00444385123439863,-0.21165774487150635,-0.0036172329959833697,0.08429890708100424,-0.007654517998366777,-0.16971603785892847
3733,-0.42043065425209714,0.16158474728100258,-0.64257351477146,-0.13257886825370674,0.2034034288903188,-0.07036594497224263,-0.20669483675309183,-0.3930921707169996,-0.15884519076258757
3734,0.16115938029739835,-0.12143416546606992,0.5044998348505652,-0.3272892837026903,-0.013578512028198186,-0.11348242073234152,-0.1703157863801351,0.06646254038823869,0.19778121092141443
3735,0.8407926680446636,0.5285994121161003,0.08081885955403767,-0.18852211621166717,0.0865190332713708,0.05145935822406859,0.1058475141623004,-0.022330172384356115,-0.14418401580861018
3736,0.12363407390808841,0.5015684905097032,-0.31092561256484713,-0.15549801168218594,0.060142365086436736,0.04184520046974498,-0.19982889171229531,0.09720206679512663,0.01728463224768425
3737,-0.5938532621892805,-0.04851009545900981,-0.40748726770523325,0.3506589293637561,0.31606407960358973,0.43471120416797177,-0.26750043675004426,-0.09456169172135025,-0.1965006753562419
3738,-1.2542345293126762,-0.23555926768101546,0.13735740169212182,0.18658075799736631,0.3082597269368006,0.6402555641361952,-0.09699118073564772,0.19805533437226952,-0.13234131143545447
3739,-1.2103538509251524,-0.18146889359055157,0.09390960708361369,-0.03994131147359633,-0.08009675396629215,-0.03395044156510609,0.14886192365538722,0.07816236427834616,-0.15908804202075452
3740,-1.2037286632166606,-0.1380840406791654,0.10627890820611204,-0.06258529895112766,-0.18859204259083015,-0.006246423299100065,0.10252568179107825,0.027498950824188743,-0.16086581264606764
3741,-1.2447747527898092,-0.15055640397216974,0.1180552662043975,0.07144126571396484,0.03284927698633959,-0.09477422250191382,0.21470584458081202,0.05967552405168485,-0.06274873902322116
3742,-1.2144377256699355,-0.12718164930084225,0.11497574146620831,0.11251708102477305,-0.1487452180054399,-0.10324933353813967,0.12892041949250857,0.11645779183385484,-0.23429287970024948
3743,0.563186954189484,0.6949275427661017,-0.18627337248982873,0.3278920785183443,0.17325989581003262,-0.052262532168015456,0.11649930337326195,-0.1948441089814617,0.0689167547880921
3744,0.8215799916726799,0.7022144675570252,0.0008387022218870102,0.048612316292749,0.0684504759265066,0.030004323897681994,0.10222624260519592,-0.16382352975072723,-0.19394177040285826
3745,0.7594739512360055,0.8618769483260347,0.5968808915774204,-0.17340719638873642,0.19252600708510056,-0.14324745411243586,-0.11115274101166468,-0.1031374013786493,-0.2160632970898743
3746,0.6925710691165226,0.6058403133086037,0.7265248448909951,-0.16146180129046647,0.151500723769793,-0.061527893467798835,0.024812250227200745,-0.10202910231970586,-0.20612295460380634
3747,-1.2099579294358545,-0.19438602776612554,0.10184448635860183,0.04471131758251497,-0.02376184932988108,-0.059929473676879945,0.19232943064416316,0.0041873101448928725,-0.06721538778763896
3748,-1.3031849247159448,0.10780563760425674,0.20779367295721973,0.12641660226638463,-0.2072049677673498,-0.12576364596559664,0.06689995172275348,0.05328156740958506,-0.04064466312756201
3749,-1.270665863441749,-0.03516064402022176,0.15456074686752722,-0.030568066667292487,-0.12627227917802802,-0.027153872772823745,0.11499444636756652,0.045422547164812435,-0.11932650790453629
3750,-0.4911858239717664,0.6635524437258574,-0.44991428708623854,-0.0686173608511226,0.030472874099437112,-0.0868137473470497,-0.12059799504738439,-0.19135138081152997,0.00330898083512778
3751,-0.5998379544430709,0.9649725098334837,-0.23516454951802804,0.09257333566874833,-0.09748451272559797,0.006564827239348401,0.17261421876882582,-0.0646770367240298,0.09930863422481158
3752,-0.20371700065748946,0.5604705717709603,0.1510132405202618,0.03381661453479109,0.33443749089906966,-0.014368591685668569,-0.14029846470061044,-0.1269665644375289,0.05611229660687175
3753,-0.36893615606585356,0.8280868710102431,-0.07486941066273692,-0.039767183839122464,0.106414682610316,-0.21084427361659627,-0.21498829144897325,0.04569609842342545,0.07383353359712129
3754,-0.5730357272296055,0.42126654179775025,0.5824464658931267,-0.08626690555776736,-0.05659400749610727,-0.16366653287617375,-0.06589238850102563,0.11379035110935617,0.08523682109498953
3755,-1.283109216318239,0.02239124479899118,0.18349061787445334,-0.04615618809806438,-0.1656863691736185,0.00957253773896135,0.0709072672236786,-0.0978978336475406,0.14461762986775062
3756,-1.357051719341072,0.17805607462005266,0.2431029897250887,-0.008471806280579114,-0.16654201321220338,-0.028410300175257246,0.06361229139267707,-0.04164905794574985,0.08765364508040224
3757,-0.8339748678666089,0.3067934654457554,-0.2487646121029646,-0.04537163374119243,0.047831804865114076,-0.05855892715369457,-0.10491193931158856,-0.2803565679488827,0.09149350923007181
3758,-1.3911320282730533,0.24821200842556732,0.2829343551226344,0.027620363505483355,-0.13988564928759384,-0.03601986207973087,0.06144299835499234,-0.12981823816199414,0.27158428065926915
3759,-0.3552971851196485,1.1274412181987552,-0.4365991582103218,0.1028956840362383,0.05913097252450471,-0.026173992571739333,0.06435200482597661,-0.22604495158187843,0.2089988742735925
3760,-1.4195069082968634,0.31561358292508185,0.2989798454377131,0.033191096976449425,-0.15832250878381599,-0.055934877561547205,0.04903559171802411,-0.029663879170084832,0.14612902546775833
3761,-0.45194949553993524,-0.9015060294594048,-0.6203416506101449,0.10266028328121575,0.5787824570133027,-0.2363698398947022,0.34687587643056345,0.01056017640996245,-0.04673259260625215
3762,-0.26859531266628073,-0.6265683129027169,-0.8114313898892936,-0.0009181297689523519,0.571670154050218,-0.25904133046627587,0.10717553013226025,-0.08085929158567184,-0.08794344008627336
3763,-0.40288605832820934,-0.7377148194912242,-0.677016704786692,0.03088227636991951,0.4736249040179358,-0.303066870905958,0.20210552660179879,0.10828150361000957,-0.07524600618440429
3764,-0.2895121031683989,-0.38959953757801496,-0.7674347524668977,-0.31337093937208677,0.021285874429700195,-0.014816412184512158,-0.2165664300434465,-0.27450244446882727,-0.017968261631943042
3765,-0.2995145023261641,-0.6893407592334706,-0.8053350488681319,0.04845781783151384,0.5987148437040101,-0.2877125091226577,0.14773332537940184,-0.07203493615876504,-0.08785102381264116
3766,-0.24680406822377252,-0.35550734377725707,-0.7924152819647412,-0.1785767490658269,0.25193442560307455,0.5426011109644567,-0.4696807337797457,-0.16836572780194076,-0.025196144604131523
3767,-0.27448845597401733,-0.27405148146841946,-0.6984254492421981,-0.4101341603648731,-0.15414654303575298,0.04017576778216228,-0.2015557585396353,-0.15070453314902088,0.012020421226488125
3768,-0.027864508374671342,-0.30463726586173434,-0.9711219870819839,-0.07571359074367817,0.3732146531169043,-0.19744086410980927,0.013326340658388836,-0.0548875534832794,-0.06950104216770686
3769,0.1077076654325587,-0.47123364227537756,-0.335530359662797,-0.12153978510986284,0.1867847078911278,-0.23623280601679356,-0.224562577827848,0.09327848411032649,0.12008057575980322
3770,-0.171589044655805,-0.583047983424471,0.08919561251919025,-0.4366625596563947,-0.19701478079953147,0.001155128370860273,-0.1276550853694688,0.07693812649712505,0.1665976781717607
3771,-0.05883453758353603,-0.1847648778271691,-0.8155622498019414,-0.28606394901706134,-0.1056602769416003,0.08088007532375428,-0.046507293766120096,-0.17213199799764065,0.0268800876074201
3772,0.12184648986115042,-0.25467166531350854,-0.9343505948972614,0.11282846182995852,0.04487857726772133,-0.06769037225712467,0.06734359053226203,-0.1032802362294107,-0.0017895568540715384
3773,0.40628865602930564,-0.8657830877022414,0.2627817521998471,0.6218720826739956,-0.11267331731587057,-0.2841606628351856,-0.16638574217465057,0.002173937893678568,0.08137004496738823
3774,0.5607604258671494,-0.43790671846251,-0.20728082618840324,0.2343448896541077,0.19028554660188293,-0.31032543580995375,-0.21109942144265553,0.010751142657305385,-0.034608859350767525
3775,0.5028335266035079,-0.4146783761391899,0.34796812288121554,-0.20110227845234238,-0.0797080824368099,-0.3173116242317252,-0.37000489558401256,0.2961846553086467,0.23945856923035652
3776,0.5545722380832949,-0.035440682720797985,-0.36523761733919524,-0.3565849952500127,0.030513839970412952,-0.07893012837516039,-0.2080790639980166,0.06392422423189845,0.1083324887970084
3777,0.8277735979873381,0.03268215824191391,-0.15259874310976868,-0.4065291896331439,0.11420492093462868,-0.12637046120998674,-0.28569761093011414,-0.05270885375521443,-0.10580318698167612
3778,0.8026625063240749,0.13468133209748576,-0.40924319480145527,-0.34212840007296375,-0.026043747798163614,0.04567202875624327,-0.030772241059551255,0.0548055994495048,0.08475236775131557
3779,0.6094750352259143,-0.4154888059642249,0.4500665742305674,-0.3631387688689773,-0.04341499222399801,-0.036881747511828225,-0.015364950487952495,0.0494330233332077,0.1796457045375386
3780,0.7535909956177206,0.12114353114684574,-0.3608301824997552,-0.3532751396699608,-0.058227451838585804,-0.00911221237627086,-0.07440261443451203,0.11980645699949358,0.05087356972608885
3781,0.7014918515093111,-0.5427782254963391,0.48694724414068813,0.023855107062255222,-0.16583833976814397,-0.04669899079807588,-0.013755685851334187,-0.09092048030897591,0.10422989932626404
3782,0.9705880645242606,0.09593298577963902,-0.14788106193300077,-0.36777540877004755,0.11433162401716154,-0.0887167202879237,-0.2121506994164729,-0.06717462138880537,-0.14507907503942571
3783,0.6205602819944402,-0.6048821838817663,0.5345374726321284,-0.12827265308485547,-0.07697831061649832,0.13372899375625316,0.23806309570461348,-0.2698787496313305,-0.008962348267874889
3784,0.754291177530345,-0.3366478034427693,0.6519454725423359,-0.44939380210292595,-0.14745899377206884,0.10813294969211028,0.06239230470534415,-0.07476944687119681,0.002452345363720263
3785,1.185518023743005,0.15206530861092893,-0.5954101468946764,0.5809586926161028,-0.44200072700519855,-0.026115216850297225,0.0029845669489349264,0.15405120575796052,0.06585878831315843
3786,1.0494217224255211,-0.30845531858928815,0.23668375742630732,0.0853513222593715,0.17051138453710096,-0.13284736337091443,0.0479174439709757,-0.10580491592007839,-0.197787331951267
3787,1.3199624619729162,0.3012144555836716,-0.05861093661904427,-0.34635222178960107,-0.029872101620441963,0.026521476954958847,0.05878195048107568,0.14997331297301858,-0.09864356432313802
3788,1.2780775096321486,0.33913690600052143,-0.06079889190020214,-0.3886055511833959,-0.10267745292771396,0.052504035674675785,0.04067485416754138,0.2204772559085954,-0.091106673646139
3789,1.251717478585316,0.23841365579871535,-0.5024384156845828,0.16648364546743719,-0.1715286885362037,0.048893916611062335,0.21488780946750174,0.21086980734798386,0.08493930315206322
3790,0.7685799019022788,-0.2653232229517304,0.6325953274865088,-0.41727651491039675,-0.08740705559511368,-0.07864771003508436,0.047144712200569,0.2338278003787656,-0.05763628506324383
3791,0.7113573060309953,0.08427656336341713,-1.0593716076668434,0.6635027991186804,-0.6050374111676887,0.15376440280949924,0.22144300111367476,-0.04228911992311633,0.10791778606454411
3792,1.0901903964079847,0.09920215319456936,-0.5820555246691833,0.4618225016801437,-0.37033109543685616,0.02906526618023184,0.11271383626724785,0.24005163003552243,0.22364179445598867
3793,1.1908148690112328,-0.17999688962986674,0.14095366321111907,0.3509691658754324,-0.19389669657853267,-0.1379813650627823,-0.2875406655195923,-0.2438177854304299,-0.2657879171655043
3794,1.0487565354644228,-0.43355188789078974,0.6577022383053144,0.08106076697323095,-0.20274649703067837,-0.041317348496149695,0.012114482203286486,-0.13870629212143226,0.053907448065988066
3795,1.3373804568713816,0.1216052839372139,-0.08767463925678132,0.10475608332877924,-0.14725997532263738,0.0014474509183941217,0.08367648953429789,0.07260358277051293,-0.11970916385756064
3796,1.2431800540804934,0.05347496719208564,0.16101320693228158,-0.270335281828212,0.08092384931852553,-0.08066956535952469,-0.09282769111451014,-0.06758761882572922,-0.1317101737273294
3797,-1.132502870038237,-0.29569688343650785,0.04161383563201975,-0.16125681830891178,-0.21674372445169537,0.06459408940842253,0.08842482840403822,0.0076914940728556045,-0.17244779887002648
3798,-1.1486217490733215,-0.1949597237596381,0.05576632374681668,-0.167701989473701,-0.27725359773886327,-0.003107957288141647,0.03977199089149258,0.12470589853530507,-0.2284016252802946
3799,-1.130092172654246,-0.22067581352987173,0.04013911463983371,-0.22155134070192373,-0.3052205109513832,0.015650850712712897,0.012685642740344066,0.12744910348505104,-0.18229526345140468
3800,-1.1645792013305283,-0.14534741192334424,0.07779524274425072,-0.09334845492072151,-0.3205768147591344,-0.03455346378016741,0.007209802210722307,0.15656507100051606,-0.2748024404002741
3801,-1.1537864717674284,-0.2343307090249631,0.05890620710844145,-0.11935138382642813,-0.21794211965978527,0.011833306900859712,0.0931892991783981,0.0739703760612559,-0.22761432626215314
3802,-1.171398340050612,-0.25333763836383444,0.06073127333063712,-0.030195817668408287,-0.08564737893649536,-0.05367347693553109,0.16690373153323448,0.12000560402937668,-0.2774557636537408
3803,0.9674080450490209,0.9430334497762841,0.06387452812499857,0.2736126802470849,-0.006048611380420624,0.004324269583386238,0.27732898030951647,0.1714861403883374,-0.20482697436293654
3804,0.5075386564673169,0.20139086684288984,0.8669809907231565,-0.22931354672904758,-0.018435248771063985,0.024493648920512926,0.12680916493118283,-0.03972285678455581,-0.1208136983603894
3805,1.1110983969263037,0.43507185961805517,0.28356454688542426,0.719761782155443,-0.20693534345868378,-0.17151588273771456,-0.14778846792554426,-0.09886508629744721,-0.34177821845086004
3806,-1.204363430732291,-0.13648810363521935,0.10780673503390854,-0.09648404083619375,-0.19757234413392324,0.02192320169893009,0.0828168462293677,-0.016211816001289233,-0.07316962665212078
3807,-1.2762610573330957,-0.007611568065890869,0.16028153981790347,0.13299418564608473,-0.11453953470910158,-0.14608197916561128,0.09321998768093599,0.16199086601359428,-0.19809759821606607
3808,-1.1529234343215575,-0.5400237805441926,0.014841795400915087,0.3586796040637256,0.39793436809081445,-0.1762566053552733,0.4519849795094338,0.036754573373005396,-0.17055566447454656
3809,-1.1516463106461359,-0.15609789827872625,0.061765431262602886,-0.21102704560453495,-0.30919246451920557,-0.0023534307919731087,-0.007179212911338024,0.11370395540101878,-0.06855458104357354
3810,-0.6711397077212339,0.2502337639485058,-0.4277369701046856,-0.150368068249033,0.03581271433388115,-0.08130684544809745,-0.20382044146520517,-0.21724101743332924,-0.12551957072350053
3811,-0.7595993694240911,0.24150802659938314,-0.32612127520561757,-0.11121255146450394,0.02211729552808529,-0.061442128804344374,-0.13838318003298086,-0.2355108316550028,-0.032722778373876577
3812,0.16337140517867313,0.7191441067105406,-0.2653461597253598,-0.018376391746013493,0.0739577738949167,-0.09762277917377002,0.02557932582190913,0.1998755320913391,0.06836077982786425
3813,-1.2251282117139224,-0.05112234761219088,0.12229168078624737,-0.10382036628951732,-0.18689570087542687,0.069594583262896,-0.03222864766884387,0.20869583508440379,-0.16936352335079313
3814,-1.2239378093619535,-0.021403675495722824,0.12996225302207956,-0.11254050335184332,-0.26357011371655703,-0.0660023180200777,0.027217107571627566,0.12063251025223884,-0.06443272233027929
3815,-1.3090681868926473,0.06776373196049197,0.20453401866686177,-0.031006825850588837,-0.1662309802725457,-0.00812579101698691,0.08265310834783694,-0.06952955401853417,0.030744525485598584
3816,-1.1640632881670288,-0.19683440738771021,0.07826138331300177,-0.15600950349293846,-0.2259480017742344,0.04353369826432358,0.050229524685228434,-0.04263930857705462,0.05249938246787274
3817,-0.7168658289954485,0.3189702280524888,-0.2944715481869756,-0.07129237250473056,-0.00930421557345922,-0.023592175811861505,-0.046169691512584876,-0.22308229977855315,0.06078310821997566
3818,0.2875239486224384,0.5497754983846331,0.29316109530629497,0.12153062264530265,0.6012737001297155,0.39889814983147937,-0.2076200879493278,-0.010175315432709749,-0.0985834583340342
3819,-1.2110469777403101,-0.042313635840531175,0.11796240543902217,-0.16674535463153084,-0.27906802028390787,-0.010707937009487736,-0.008584202692316934,0.05130626213405077,0.0783117455849161
3820,-0.8623081838332846,0.7323907853518719,-0.2748802649083898,0.027302829973766967,0.17432671413985176,-0.15916835804078994,-0.21427198457041133,-0.36276043805646035,0.056593141773094366
3821,-0.9030510910724857,0.743409177156763,-0.2274023404463338,-0.03814164939618513,0.0355041083694653,-0.19375632590660258,-0.24371813781058702,-0.13032779322366236,-0.0647743621731684
3822,0.030744666780025704,0.2431442443030442,0.6543696565151782,-0.17598630891038106,0.025154300863784826,-0.10317682988733659,-0.05193613816112741,-0.036982825603311884,0.30655645372376805
3823,-0.30642268357642893,0.4621691792904908,0.7559699012166377,0.4784417866787103,0.02155047148463426,-0.318689609407209,-0.1782854346456799,-0.049962415647861275,0.29320233823430136
3824,0.10276802485594998,0.7737591687082681,0.5647615547941335,0.27616412207662155,0.08552706862022842,-0.06574101904019955,0.2079217869349314,-0.19756866818047228,0.056798348961917655
3825,-0.7723389853003776,0.5593338360475971,-0.3439337393475836,0.14644794809083989,0.18487697966691746,-0.09249177198681022,-0.28321604830617314,-0.16375696812086704,-0.054707818527351695
3826,-1.3646156130024465,0.20547530531981592,0.24750374606276251,0.07300130887887579,-0.13997948890687195,-0.09732395394859718,0.09296684538157837,0.028748000832925332,0.06324716183534582
3827,0.2393448815618548,0.9133075860820284,1.1238108520453465,-0.03939030852109914,0.11016329677952053,-0.22731912468344884,-0.04345507234644798,0.01877778228767916,0.2772410873472589
3828,-1.4149730759319494,0.18910211551228678,0.292957251948559,0.20933231159024057,0.19698000472307875,0.5928124273106767,-0.21448761845826902,0.21190691652183394,0.06895658903686025
3829,-1.4477006425706775,0.3844300972350582,0.3361345563856407,0.16740534037675361,-0.17969063554173106,-0.10256361568907685,0.033168913159091554,-0.04982459053771847,0.1381314314787182
3830,0.06660633467319838,0.6155239671033982,1.0317228837127903,0.01074067307885961,0.14337681054526558,-0.0795364052249903,0.08489845510885674,-0.18258028706127014,0.24696450499940054
3831,-0.1483184786595476,0.9235119030267416,1.0844445866156192,0.045748115702421495,0.06654309641446278,-0.12689506999179634,0.03463409413581782,-0.11107193851523676,0.4026357467156583
3832,-0.17108574799273266,-0.3144997325406612,-0.9151965735738095,-0.18613284605551944,0.302784133253893,-0.2655284724343995,-0.19983626004998237,-0.04666694129848739,-0.11149207966009142
3833,-0.14010050832663348,-1.0466415675505585,-0.0706495667482055,0.7145366988221616,0.000296704149886388,-0.49344577510437304,-0.23592594739252915,0.28042429121675816,0.12054918037332131
3834,-0.4501791009995612,-0.4644990068783829,-0.5691054082112458,-0.3765737459428092,-0.1584265535701959,0.05108059664422143,-0.1517596966586032,-0.1473467312529592,8.597062549696399e-05
3835,-0.2539360934390539,-1.0195797993217373,-0.07050121061659434,-0.020449088994830618,0.5431580173986207,-0.21983972866501456,0.25293291399153744,0.11073085340235396,0.2213976042685353
3836,-0.15842913251103413,-0.6583744290369914,-0.8656863509976336,0.1576949505725358,0.6431920160463338,-0.28855761436626187,0.2710302554417484,-0.037913211490919384,-0.07711261916619966
3837,-0.16555868248155062,-0.9410735204784689,-0.03235642035246409,-0.07597776798354626,0.46158267026558425,-0.2387100459155952,0.12682390761703785,0.14428646096059458,0.27940503130397665
3838,-0.19785474299632075,-0.4516203374384977,-0.8315348590368065,-0.07901757223086849,0.32764216961244985,-0.22805362848474905,0.03669528275134919,0.01845204562236544,-0.06473626120245365
3839,0.18908974296742884,-0.23997466709432588,-0.4359402934141606,-0.36547845392262013,0.09831548399412182,-0.136900258831784,-0.34657573284039905,-0.05548855561302304,0.05615884633735214
3840,0.014749873897889405,-0.24323056750330246,-0.9818806950329888,-0.0952536270643059,0.35223822249721415,-0.22030261322175163,-0.015261865273624125,-0.03152702759984124,-0.07108564883186891
3841,-0.020452202116250456,-0.919341843914105,0.08198367841993469,0.08160537233606886,0.30344939856287373,-0.1788229371723231,0.2098172094507153,0.05668244249148233,0.10577146981046592
3842,0.3391871921837167,-0.5784492736664992,-0.3517479696693276,0.01579826381703391,0.6661981947523267,-0.2757050914959031,0.17393851426863718,0.06705168687630518,0.07606433118056095
3843,0.21429270570684114,-0.7914017817916419,0.2186624680180199,0.01140520671216455,0.2084460728580691,-0.14722844243366257,0.199344366688787,0.042682726304915174,0.09046607072829037
3844,0.3113751233631061,-0.43474875051182243,0.3059057806202927,-0.4372747594305697,-0.13228890890446776,-0.0173671145466355,-0.0914362755425973,0.05180227282940149,0.18618699653751208
3845,0.44003209447348035,-0.6412371903936467,0.3083844786557584,0.058991893231003276,0.015076717512349472,-0.22521732512248405,-0.08056811284241079,0.13455431323429237,0.16491350441838679
3846,0.5328449678305449,-0.6936168843259685,0.2962217302972473,0.5125782056823471,-0.34046626483011855,-0.26720492761524284,-0.35088706305150785,0.03053608337035985,0.1967369047434141
3847,0.8070990820688406,-0.2599071969759697,0.05970922571408789,-0.20605966021409894,0.3340340992432941,-0.252678161334277,-0.08879656725466305,0.10208464273475888,-0.000574450402907611
3848,0.2714644896240782,-0.07687332627943205,-0.9122482843359211,0.07691807270904416,0.24733651136747808,1.020413295702363,-0.08516948721066016,0.01621220807745546,0.11671904445576495
3849,0.396101472541747,-0.5753760380583528,0.39093261377536304,-0.31235214522296123,-0.022335313750701465,0.05939252544583308,0.09862005333305018,-0.12242503331313752,0.11096492114396034
3850,0.6235659744314982,-0.08708452620649702,-0.29934174121631635,-0.24562100773386691,-0.04383025616673465,0.05157425836318182,-0.0025794454665829278,-0.023449413208199377,0.08251991859917757
3851,0.7013688879915144,-0.08983974763351846,-0.065342534707443,-0.3999084922119003,0.040551721849622815,0.016943080447768412,-0.12849209510243384,-0.16446671783849356,-0.09889493642277697
3852,1.0930045035658014,0.27368271670464384,-0.2863786537940419,-0.3738763464729684,0.035111432866484715,-0.08147359380936785,-0.15305189104276648,0.1641133012165936,0.013774589963137879
3853,0.7738666054021356,-0.041858639587138445,-0.27539722891563834,-0.0006073706430838073,-0.18682099330140273,-0.036300327366162184,-0.04627359088109405,0.07457511615873377,-0.026218277463620737
3854,0.528488467042887,0.33552076096368727,-1.0581143959865493,-0.25553872999099986,-0.26340896006533343,0.19488803273108854,0.183402180290988,0.028613439037839,0.14504483154716188
3855,1.1385304693259992,0.0678737254159629,-0.13639655653241356,-0.11512729555099648,-0.002763055756243539,0.02890898736878279,0.05198939505227177,-0.03720001035350419,-0.069458233774594
3856,1.0147748472097315,-0.0690058058275186,0.029093551379361843,-0.121705643053714,0.03497959675231531,-0.12583183981497123,-0.20585690438508328,-0.10795094911878454,-0.17385605498828124
3857,0.8253030166278336,-0.6134488848507719,0.5666621475130068,0.345813359974867,-0.33310570197080475,-0.030260497558563988,-0.043134311041477885,-0.21325673162551242,-0.005522975366063278
3858,0.8867697123426392,-0.6671550445228784,0.6155815028545171,0.5237234410180748,-0.40603729055709215,-0.02251697952097591,-0.05258718067321463,-0.2772385811707942,-0.0652157677060703
3859,0.8760955252296949,-0.6690332614796398,0.6002988140919473,0.4735487695850713,-0.30738549567739254,-0.03210764489500867,0.03423127674645225,-0.24252005305182425,-0.07100464803530988
3860,0.9517909845535205,-0.44634965527084774,0.6958642774948792,0.017179308500807768,-0.25764624689206894,-0.01805670440823142,-0.13820203422728802,-0.15623128222493252,0.049785135302433045
3861,0.7703234353877175,-0.508432567592255,0.6217813681534012,-0.18261256488855326,-0.0937798012374145,0.10919303817734907,0.16256239403137054,-0.20469281932499717,-0.00561344095166495
3862,1.179934307735281,0.00862261598190255,0.16795122362140086,-0.3173483498527894,0.12033978922654885,-0.034548343075702787,-0.017451793036869515,-0.09441647822375185,-0.13691359824193294
3863,0.5645488375100824,0.2070116717072432,-1.0827095850985073,-0.07429394824923738,-0.20054637145709006,0.31174725756370114,0.46780287703781087,-0.06456770604000961,0.15815851525925093
3864,0.9046495056934963,-0.2934783127314523,0.0992735408992435,0.23295456141439094,0.06307987440905367,0.4443734900811335,-0.21300878683194283,-0.2379102608910831,-0.22608766556206242
3865,1.3763563176191569,-0.0709812505030014,0.05958268046326018,0.5096947861085696,-0.2797410588099557,-0.17358527359345802,-0.2761545113630375,-0.1483474576004163,-0.2231784054511068
3866,1.1057887774435002,-0.3998564122952751,0.6692144633869875,0.18183849812388514,-0.2828022104696808,-0.13078760516569915,-0.14857363273250176,-0.05075654427524514,0.05451580789558959
3867,0.9213148372693044,-0.39053131481731856,0.6776440349853188,-0.22371622837702215,-0.09411584528876522,-0.015410519911098633,-0.022038561826173503,-0.04556825232674543,0.054619194317995695
3868,1.2226074702604122,0.31774404379594334,-0.32802645897752986,-0.274434327636825,-0.037570830077611674,0.10363299176439288,0.16176567487323135,0.12006854741965785,-0.002231143340060401
3869,0.8620318990850175,-0.3275318522335418,0.6480504496131211,-0.4009835349248838,-0.09699140621831545,0.10140416233307821,0.11930984656067907,-0.10833923738341815,0.03256943555520946
3870,1.2777495224316326,0.10784469265166882,0.1614431703310296,-0.32834812713641787,0.08677135283261095,-0.08572529864187525,-0.17211055837914904,-0.11952282647258258,-0.15111769054926186
3871,1.2367565122696798,0.4973577718552407,-0.5005181780622647,-0.29157997006457137,-0.17296313157829524,0.09609716390413871,0.1702192155923342,0.34947763079961586,0.11354727973503154
3872,1.007596297833951,-0.45846185364431624,0.6927363503620977,0.23194147226398393,-0.3863716428734546,-0.07835610824549216,-0.25989040011312714,-0.1506568426364469,0.033933368516526986
3873,0.9689753506993457,-0.20857984199906912,0.22536551963711773,-0.20005905759524842,0.029839346040817897,0.08973956675881875,0.16883592766685626,-0.2202456068886986,-0.14958689809787953
3874,-1.1330770937571415,-0.24089341916572898,0.04253880713421843,-0.20557462115354108,-0.27826437791199005,0.03253879946980109,0.03542743245256231,0.09007853397990574,-0.17916758043700676
3875,-1.234031172606931,-0.344691381496638,0.07251471076177674,0.15009331400879444,0.30251438243071477,-0.10579332242536915,0.3691529572370167,0.08535288302660916,-0.1779174350214747
3876,-1.1111728154571123,-0.3405590891137291,0.02445011864325868,-0.15042817093141436,-0.20592166272085763,0.06597333930030608,0.09990782747058434,-0.012752983867063071,-0.15206646860431683
3877,-1.0951616777115498,-0.33989600836627426,0.010030619168889835,-0.18724149000638382,-0.2438971696424674,0.05090758167899239,0.06772475572985501,0.03784997996434124,-0.12923832444650482
3878,-1.087938641306045,-0.3858306954309955,0.01143569068457343,-0.16746286415833378,-0.20088210475279503,0.08473378676094986,0.09495677663375529,-0.09107618279621166,-0.011780743905785688
3879,-0.7404175379367413,0.04023133501783213,0.2644773878206293,-0.21413158539305924,-0.14327749535663617,-0.17860435703306093,-0.18121446878624864,0.28880870403779574,-0.09921719038224402
3880,-0.6929896269875113,-0.02883257952032868,-0.3668072668536579,-0.20674672515378853,-0.06720212531365238,-0.004806491158299032,-0.10826032636271496,-0.14740701557610966,-0.12343027309132322
3881,-0.474639331274661,0.05165645913800336,0.4436420373607845,0.05229187008863876,0.3960849459271444,-0.294096101816871,0.13445944927119266,0.26797185521846034,-0.043982685740699815
3882,0.6075952802386291,0.30448628896931645,0.39820753509240353,-0.1424956011105654,0.07242927410046687,-0.1502699406154089,-0.10842906618298039,0.03149514451396645,-0.21088521122396872
3883,1.0066487109584712,0.5462842947001996,-0.17816648886871958,0.15771942600837782,0.24976508885955298,0.024861526295202278,0.5078042515588009,0.05477367013384296,-0.18872308235692226
3884,0.5435272156576418,0.36461573172160283,1.0009351912496878,-0.20324514136328142,0.036368846556683924,-0.05173287006495999,0.058041122720580575,-0.01200841545588291,-0.11278447238546173
3885,0.7631705267281748,0.6455644652512488,0.5904616247110549,-0.19432675020932136,0.20073608379132976,-0.02639722416465659,-0.003427337419681588,-0.24897542131837577,-0.15270142827806774
3886,-1.0976240697308521,-0.6698787471797231,-0.047613555474762675,0.2802881303577408,0.5558437836829526,0.0459727576439181,0.3409468266692659,0.26189562340739253,-0.19549144051715125
3887,-1.33038042727798,-0.024054721199469307,0.16954687711399616,0.11137918139710129,0.15245396881666293,-0.17423037075739828,0.2398627535151734,0.17762532791304356,-0.14693443931197103
3888,-1.31214336878384,0.03686447701351498,0.20255442973442125,-0.033424720671641775,-0.142905701335659,0.0225823240410222,0.10661736610694046,-0.09389574431051434,-0.004286132621213295
3889,-0.8688173234366507,0.07586850307164336,-0.17641947211162723,-0.1822924290071192,-0.16266024216878025,-0.017034599258958873,-0.06227680201215123,-0.0339177211693087,-0.07439774300968462
3890,-0.010448559866287859,0.25779900637911846,0.7633170204325174,-0.10757408467078268,0.056378278664029446,-0.04848284632846115,0.06803010672510829,-0.08247731936563472,0.023534586550279242
3891,0.41721452988997576,0.3468010649996478,0.9659419650081008,-0.14151610965428965,0.06733771031462603,0.01659389992104924,0.14282222770861772,-0.15190109861748602,-0.021183142182437987
3892,-1.2431257320280984,0.03937179374954017,0.14343911301420456,-0.1661131449905776,-0.30011192822788696,-0.03887671408647034,-0.02427076974608144,0.10547750904499884,0.02187982450412011
3893,-1.292570872367803,0.04057842990062675,0.17624773604894015,0.1298856926882657,-0.10761222874974716,-0.15961469367804668,0.08437451455631455,0.1448192767815459,-0.08845802401378636
3894,-0.6801964244080225,0.12286631964300598,-0.395697865024578,-0.14382855475860482,0.03355923988490882,-0.03485840908994683,-0.15040528863917066,-0.29690981264986677,0.059345260976075905
3895,-0.025568501646112105,0.7212837445599638,0.1084651411685038,-0.05105629722932949,0.16669169009800566,-0.13114971313907126,-0.11005637956071049,-0.11409531127992022,0.03250214740090559
3896,0.7059854803543117,0.988495501817258,0.14437656623966688,0.11837976784737589,0.2764947871431255,0.14384190672190422,-0.14105318652056806,0.056233216825283115,0.11761079624671412
3897,-0.8460811921960115,0.6013882853721517,-0.2793550260402097,-0.01253611648815895,0.1132986679869487,-0.13631489760098958,-0.1911277135337343,-0.2662563155284377,-0.049928030730721065
3898,0.21389784958502336,0.45752313295768354,0.9634490612079378,-0.05821566410041396,0.03779520617627346,0.006304738576567645,0.20676377605154025,-0.1755054621745602,-0.006586694704271172
3899,0.3191299384234705,0.7051130076353116,1.1225903715724745,0.04057609071820094,0.2635196566997287,-0.22927362897997883,0.1872113765976036,0.04880623150488153,0.10808700349552985
3900,-1.3410317672189744,0.15356580414410764,0.2233514722192674,0.004028990691736904,-0.11947414421358483,0.04992928359945337,-0.008511477547394945,0.1362186119922893,-0.059634918378593575
3901,-1.4126704504397662,0.3783776193125359,0.289462849458626,-0.02772916896726255,-0.2548518001130291,-0.1229777182391495,-0.01226899812277118,0.14079797477457814,0.007698357652636068
3902,0.8662784975312692,1.377666267742549,0.3089854850924675,0.029871694007943466,0.16050525407228342,-0.0664943054943442,0.14768829980593356,0.09452405375756692,-0.03125860093203072
3903,-1.3216454522273289,0.01593325159674248,0.2243320696643522,0.12710931709380563,0.10985139414922608,0.6747797762092254,-0.23035571605449526,0.14406439396362192,0.014749489984361683
3904,-1.391497389538986,0.15178522071089437,0.2848986383394255,0.1702479148415799,0.1289229863862167,0.653750408439103,-0.22939786294008818,0.12639855710196948,0.05891831440350318
3905,-1.453479736701896,0.4114822556508501,0.3277762036884257,0.05685168210895025,-0.17545105220059606,-0.10746548612088434,0.038806086784152136,0.020858604036755705,0.10310966817172153
3906,-1.3443714040222106,0.07048991443375854,0.2177443729730668,0.1505098504471994,0.02441107180819905,-0.10215090405664869,0.19366224346348118,-0.02305297846663506,0.053566176952611406
3907,-1.4504320074615362,0.3239557798226917,0.3256688736542958,0.09823835385283072,-0.08787383734295297,-0.044116579236111744,0.10539667401642314,-0.11690741933755129,0.18773013146623455
3908,-1.4246892641519726,0.30557853109295074,0.3077447565124126,0.07293272741052971,-0.11976294365280611,-0.056238870397528576,0.07966677505495964,-0.10398833391363427,0.2118248726632598
3909,0.19971882833234192,1.0146666318159951,0.5384161376719715,0.18504356408444575,0.22761076220719956,-0.14858110474915467,0.03582936117560851,-0.227707711511443,0.07267091108629185
3910,-0.33565002233501356,0.6335984273150458,0.6301747639463039,-0.06001788124753987,0.11215823061920666,-0.3223469567960804,-0.24686989903601206,0.11340817086417093,0.60281573771716
3911,-1.4491775058787797,0.39003398506644466,0.33018108414830316,0.14401597556564835,-0.06048314509437568,0.1394131272674371,-0.08764276733979076,0.11731160703247276,0.16350047445966676
3912,-0.13255043397371918,1.0706133594588156,0.19633209674408883,0.34239686533742647,0.35704413320568285,-0.17257739102024172,-0.14623674856716828,-0.010820926955713581,0.19708005307161272
3913,0.24433648806639638,0.9919690009107326,1.2497438891792259,0.08403268751376579,0.051851638908137744,-0.16710540197167445,0.030031625205207402,-0.09097282099622529,0.2957835374999688
3914,-0.45317221420366494,-0.4688037808643213,-0.566779745805645,-0.36943420101229363,-0.16013431602584582,0.04817778614785462,-0.14652719389939686,-0.13437416814783112,-0.0035793783314684836
3915,-0.3963701743854101,-1.1569461816321904,-0.16296401510507205,0.45247952631332045,0.3052451343248105,-0.3454261934322809,0.19857749125295585,0.20465487659491768,0.04854301173215771
3916,-0.22186732223241393,-0.3717806939304594,-0.8828852678871136,-0.2192810659623248,0.2749608137538785,-0.15484303578623607,-0.19676596680682976,-0.20423040374261112,-0.08833747200220994
3917,-0.20171754744524883,-0.4170541302868219,-0.9024054745381218,0.014515974004284803,0.6477532771465268,0.2978123457956413,-0.34408523718922396,0.05570799325493063,-0.12201857604757814
3918,-0.2578167355186407,-0.3898716405928412,-0.766971399753345,-0.13084564002298002,0.304284587888949,0.7017210694691463,-0.48580743931672365,-0.13573683519916288,-0.012121093992664035
3919,-0.14936039167807358,-0.6534219410104777,0.034211929007681406,-0.32965310349362986,-0.08355286724437189,-0.10389252980910052,-0.1115074268363449,0.1255165326737223,0.23874157012965974
3920,-0.0953517478179951,-0.31143417010977226,-0.8125993862305118,-0.25757801858758067,0.08905916811216161,-0.009525147716022149,-0.08945434530706987,-0.2694421697440798,0.03284065780178097
3921,0.05403542785824095,-0.5833233729132534,0.1557631771676371,-0.39411352622367346,-0.029893125400056196,-0.1260257982663724,-0.2317155847653382,0.13779432002259914,0.3028049316144214
3922,0.07516671793913629,-0.10117536789365367,-0.9063886166955802,-0.2794850294110694,-0.03043651066462928,0.04467877102757861,-0.0800933114192321,-0.24514077699140874,0.04328892385921512
3923,-0.08268817719873253,-0.38743387485349323,-0.808745407870273,-0.053069293143277525,0.354462713183071,0.46773635515363876,-0.04648148115190215,-0.11925063299487572,0.03812625183404188
3924,0.02419985935914344,-0.35463624237374664,-0.8511479512372625,0.09617220510764397,0.6506069962658598,0.7862232059852544,-0.19611826213786535,0.04920198890440349,0.03865168566269181
3925,0.5063458436067106,-0.13784053021199352,-0.5767214818907895,-0.20058277365168944,0.4135149822209487,-0.3166373619849571,-0.23364875271831287,0.15982095087172504,0.09294774696872912
3926,0.3767175171177162,-0.6587304095699607,-0.15773596370167586,0.650238870737233,-0.06571203219526126,-0.45339267092087887,-0.33011816401725297,0.18177527058922927,0.054884209467451886
3927,0.21141819050903052,-0.6265582065573043,0.20645115309163461,-0.27576194391455666,0.03856320215043088,-0.09868468076026143,-0.05245254045783562,0.030813400255161754,0.277370743438707
3928,0.2942036805245971,-0.8221797210385753,0.2101715220703853,0.310742413176629,0.15307660673594467,-0.11403075917987596,-0.016990840521204607,0.11789692016182317,0.1169352029751319
3929,0.5715732712449461,-0.7605992891603587,0.31640236105873953,0.5729552468167604,-0.1604435699503314,-0.28321761591863576,-0.22709692063704962,0.006500080016276907,0.15058279980351036
3930,0.6660225802746346,-0.5360362128038989,0.016929328924542315,0.5862247908780169,-0.11361238326398755,-0.3609564344924422,-0.3317591487295308,0.08534322589185281,-0.012768347036566641
3931,0.7308052679875053,-0.26532429069448693,-0.19664242609518512,0.048825892550165804,0.15318419092624927,-0.20981164534798596,-0.032102804619104426,0.06755673553725626,0.024031601611805415
3932,0.16255358290941976,0.0204870483312413,-0.896407354005792,-0.25332237791601986,-0.21343872928217902,0.13654092490620662,0.10202862463977862,-0.03324535813647975,0.06929385170458363
3933,0.5306357144576119,0.05134668797611848,-1.0558599642019693,0.31368509007023887,-0.34057514184954546,0.11408849029058944,0.0708943957566132,-0.19507178583845403,0.07993124075433881
3934,0.560731223873904,-0.5188236428759806,0.4988115202901773,-0.3078212136825979,-0.043578714792770416,0.07659643816296555,0.16052803854305794,-0.12189495550711228,0.043195854523048735
3935,0.8415608592537964,-0.4888237193696931,0.0005201896816745469,0.07938895975317192,0.7812219232807939,-0.32603879235040006,0.34526771026119574,0.08014240181072202,-0.13118922089580962
3936,1.2923253287031744,0.048849244940343255,-0.2444036193581025,0.5487290834983464,-0.2678672441205042,-0.28350764585614097,-0.3461021890197769,0.14610917479134017,-0.12262658234506747
3937,0.7086650887506762,-0.5019759188819157,0.4891243734144037,-0.02988346834972212,-0.15555580648576325,-0.08502139198211897,-0.020453842824797133,-0.012344021521733167,0.10569021206890478
3938,0.6615136869253818,-0.7276252973631709,0.48217991556499296,0.7404764102109032,0.015394116863634401,0.6154440730686541,-0.5841096789070258,0.1755094334454997,0.059105595754430744
3939,1.257136920390337,-0.024131883328910315,0.0020363157749521132,0.30163575223641137,-0.23045866920316865,-0.15932859096820873,-0.2901628498782753,-0.03236489895523453,-0.07978764830611032
3940,0.8745741000529665,0.09777620593195528,-0.23715335487898648,-0.3358879730037933,-0.07181876667548402,0.16905377626111015,0.1254189979920325,-0.08528837880890432,-0.09598704135706071
3941,0.761450835120123,-0.1010512555099591,0.22100350651794873,-0.44399183468589015,-0.10063519658859268,0.06784552863226116,-0.03231867153816207,-0.0976319998040419,-0.17643859345092347
3942,1.2566279094903898,0.08241711221229239,-0.1680506753386081,0.1701957341781454,-0.1081062487386982,-0.15629293271297837,-0.19584537009979316,0.03000234056464436,-0.07238539459616322
3943,0.6964395775264657,-0.37760677655318897,0.5624033989030345,-0.4222550758830533,-0.09310069669057103,0.08779708031332088,0.036571236925045054,-0.06765520105956313,0.1004098103204033
3944,0.7159247963665001,-0.4882098147560231,0.5697873053460908,-0.2626878380573815,-0.061827364487223306,0.10728496175555961,0.1576917566547917,-0.18768834684477165,0.04474218071563477
3945,0.9175096258701672,-0.19437308687713903,-0.04571766461761925,0.20147807931384606,-0.15473520554641398,-0.12661200056257343,-0.1815005495382937,-0.07610819191055716,-0.10825673794064401
3946,0.9796426120057043,0.31389878135762217,-0.47907543491858295,-0.2703426913186853,-0.1863656262005288,0.15191006436198506,0.22787293405684303,0.25148976972870274,0.045936454733415545
3947,1.3067759554901601,0.47552039285195147,-0.4158171097322045,-0.217958852231015,-0.19171195221522871,0.07310881228380632,0.1563822228064518,0.34331094151610425,0.02864902099225231
3948,0.6238212001623598,-0.7889610276362011,0.50916312779372,0.1805900509141781,0.7655499744223678,0.5837355765270424,0.19500107675040643,0.16754041324592772,-0.031322869419115655
3949,1.3424368027201334,0.09950708272948658,-0.020935130243125925,0.14161449351471142,-0.17582545460829932,-0.06264575299302823,-0.030587383654611968,0.1015151326121041,-0.12730187294503648
3950,0.9993676992881767,-0.4999940492292624,0.6236889292315347,0.2482343851402397,-0.28972378326761006,-0.04097693051956966,0.04284797002914507,-0.16341637756545946,0.0008275338038550416
3951,1.4581283705527712,0.5710736735326531,-0.23900686414562086,-0.35241743320340785,-0.18374716109057068,0.03751077223012879,0.12202013792048061,0.4499769672807409,-0.0464747551443876
3952,1.2628648022788183,0.04138279971785375,-0.23805997491615416,0.4691302113765405,-0.39576506550123325,0.08841999068753056,0.25676008042753756,0.1473240571684461,-0.07070421443324208
3953,0.5768847797249991,0.40292266904392504,-1.0868305899437565,-0.23662918390448248,-0.34589761826367754,0.2686286822314669,0.2830712883530683,0.111344980407568,0.1555200798140054
3954,1.0569668932887095,-0.5486995124291353,0.6679452299968688,0.4671668862568955,-0.3946532648099358,-0.0965945708617502,-0.18453206318480683,-0.19134478155632775,0.0087679128072651
3955,0.731273588751,-0.8175666947394348,0.5287384249652927,0.07864289148305226,0.6424763738093172,-0.13572381844018516,0.6275250586075047,-0.008166554933861817,-0.07573780401049193
3956,0.8708956483258338,-0.3301233598567685,0.6537608345698482,-0.40745416402258444,-0.08391737146921158,0.08694969238851838,0.10022051239531,-0.07528634832679156,0.05021252990618123
3957,1.297289093341163,0.4329757533696077,-0.18524962658615754,-0.41450826138657726,-0.09626169629851754,0.010885913557766573,-0.03399645186918536,0.17553963326633137,-0.10329676012265226
3958,0.9732721630035378,-0.06566683371885576,0.29209783995266275,-0.4352950041201249,-0.013595015386462895,0.06775092117608018,-0.035157223100619195,-0.15096334101347914,-0.14408945445492052
3959,0.9818252417784592,-0.43828854896264763,0.6522246663940507,0.052579080028069575,-0.20407825268706864,-0.0721865259625925,-0.008894079968011327,-0.06375580933279978,0.021868113185029254
3960,0.8434816206469802,-0.6445913085330293,0.5846015609342761,0.42516912914688043,-0.3733476888089643,0.007747994410940507,-0.048768567742533256,-0.2800865994174012,-0.01556095268209405
3961,0.8365608701744867,-0.47341615883017707,0.6216414080193499,-0.23353753501534147,-0.040671205414335415,0.11512138527554026,0.22502218339715097,-0.21344114905780784,0.02910739296936328
3962,0.7411192767870675,-0.35393715419872107,0.6324767628600574,-0.40476992126343125,-0.14241681123420602,0.09589507237235637,0.09584251381456013,-0.05789131586588517,-0.028605781562464672
3963,1.2711545139711125,0.12023288239578658,-0.0543902980142031,0.032931097698574184,-0.149375058209582,-0.030323991638952344,-0.03913921998417763,-0.046029907585361,-0.2090853178978191
3964,-1.240192347600483,-0.19749367654976235,0.06826208719381871,0.17398532758204327,0.22638074801591784,-0.30324688498339275,0.302304590725986,0.4210419627446472,-0.35137240995560215
3965,-1.1905477450293644,-0.1118399465519493,0.08860787063993997,-0.18912318920897897,-0.2944395204587196,-0.002846921077534641,0.020591343832714073,0.1643941693241224,-0.26431376318963984
3966,-1.0141432032750852,-0.5349429070239144,-0.050989900412953974,-0.222247842025873,-0.21603653534334682,0.12189677581172742,0.09143525147243624,-0.10990095419917492,0.0043732208063262945
3967,-1.0884049308735424,-0.3203996323130875,0.00643714160428286,-0.23077157814704186,-0.287422621092068,0.044783137591405175,0.02868732454703912,0.06740687934373862,-0.11780157945774573
3968,-0.7662111659831015,-0.3891657400544714,0.20249789872895704,-0.25725037828332525,-0.18312163840715986,-0.015490539406008091,-0.0191116117958909,0.1376421526261312,-0.01668917641804632
3969,-1.1698892079890986,-0.24480292875773188,0.07830993410194957,-0.20157610880143334,-0.2229983494560786,0.09535932516212138,0.07796834229524281,-0.022569079790071504,-0.1763349595391026
3970,0.35281383265560784,-0.39816287542590567,0.6557491616005157,0.25400433379960724,0.7041133578337812,-0.18237737397800943,0.5731861881872463,-0.054723410039203634,-0.1257347790904337
3971,0.8021308516019245,0.012209989733409362,0.37588695041654185,0.2771641863357115,0.8396750139581545,-0.28887488389535787,0.49030320602067995,0.03295285030024899,-0.26290112156468487
3972,1.0848022018441268,0.864401739444976,-0.07086252100930787,-0.05598247767212859,0.01213882211756716,-0.010178187970827923,0.13469089455386132,0.23004129682926114,-0.09384015287911084
3973,0.5648691285451136,0.18422866606667865,0.9134389473904698,-0.223036818788275,0.015295035983386817,0.025209678816020785,0.1285633737891665,-0.08155488976728166,-0.13804770568546842
3974,-1.221227471188301,-0.06794583184651082,0.11500493306104234,-0.12798762645576606,-0.22995283119677343,0.11494201939541801,-0.03369070474919921,0.22477913401159136,-0.304820708262619
3975,-1.3086030972891138,-0.05085268163835303,0.18223341924495792,0.13576689100453723,0.2150091205371638,0.5770072900426809,-0.17934378651236302,0.3591143011751032,-0.2116727175740156
3976,-1.2058738585511994,-0.33658712003671565,0.0623483520532715,0.09517566075986698,0.20440091740548472,-0.09520159025569178,0.3079516892888264,0.08280891501732025,-0.16672935596099658
3977,-1.2787604836568636,0.026879158418907836,0.15629774937434177,0.12088713094652556,-0.13709399853131896,-0.20386020180789907,0.05800640094990515,0.29555335677962474,-0.2653734576372813
3978,0.20431333200314913,0.5593509379319987,0.1543328875992142,-0.21403740578833325,0.20293471965339865,-0.23505535695678903,-0.3390356969565387,0.03963774393590653,-0.07118774102706574
3979,0.040661685210984434,0.6184258660738317,-0.6747795464601302,-0.038193915321903166,-0.020331878368968107,0.11100735950357121,0.20011912093267412,-0.19795250307950116,0.08474725690819596
3980,0.7117733320840175,0.8856876518774012,0.28833994408040486,-0.07657373650968691,0.23788019319400303,-0.10877761336243903,-0.018064505135769304,-0.04888571358869904,-0.09031785005806528
3981,0.7187740809767676,0.8816081748844397,0.7638303077305993,-0.06142623469282459,0.11670484241194352,-0.1897900390464834,-0.07472069493235249,-0.026432005381243833,-0.16365599778259116
3982,-1.3785805117690775,0.230382380461167,0.2579034711457045,0.0028722465983402603,-0.1554453071222738,0.06235067320685418,-0.014757404983494229,0.1221445903841341,-0.08309079978458847
3983,-1.2080055716259843,-0.10394501060990555,0.11173972518271694,-0.0943298654696413,-0.21261342368273656,-0.00515799156496535,0.06534455749142483,0.021777279401662616,-0.03556325813564499
3984,-1.0056178850563364,0.38985436193437406,-0.08222675097885192,0.10880164556891582,0.005249821604707508,-0.22673246553946275,-0.03768891390249254,0.10414960720751601,-0.13488404836237824
3985,-0.7913512954672651,0.2725547235023466,0.45954350098627583,0.06163099006150461,0.21385963143468542,-0.21459611547829688,-0.011846520944652317,0.025088455796460955,0.26250359872037454
3986,-0.21890035638123637,0.5132896807382378,0.8055871967067344,-0.03898100001993207,0.0469901760181726,-0.15110221143093278,0.007895045232349112,0.028326795269774815,0.05081054411866411
3987,-0.9535458048018435,0.4729537308169129,-0.15490865360953296,0.08111060468687287,0.1708795953417268,-0.04341808433033862,-0.1072199970148379,-0.03176298335820788,-0.12926882215445498
3988,-0.8299714832280353,0.6729503753963121,-0.29405813519544366,-0.006328883227720316,0.07957997566104096,-0.09001062100874758,-0.31344478363466655,-0.03648771895978899,-0.1449218371388343
3989,-1.2736398324555749,0.024918215336578182,0.17053518548876334,-0.08828678990612149,-0.20914328509283098,-0.0001657822593903452,0.046026423351462564,-0.012969640506681411,0.03919423053406825
3990,-0.5002177625934239,0.35099029673525606,0.6127738900920082,-0.05994600708381929,0.05574397649578375,-0.1376876179713103,-0.05472713265948824,-0.07654924371108375,0.2740966385988619
3991,-0.5792635800060971,0.6046621974589291,-0.40909989289959003,-0.01611481993129994,0.03955291883473867,-0.08795899350716874,-0.09151919887535585,-0.2009439395254149,0.11372789678182933
3992,-1.4392022413022245,0.2568023769277734,0.3119702027377154,0.19226884866550975,0.1362569123605333,0.4458961565194847,-0.15398437203108667,0.1771187742022882,0.05953156382550533
3993,-0.7535148289566972,0.9230225335377125,-0.30084296137432004,0.0545485898085967,0.10481524878323227,-0.20682377154908504,-0.19888202406266953,-0.20156759436847382,0.03775368200791189
3994,-1.4508443961213986,0.24036693244998147,0.3172083841972017,0.23366681652846866,0.19388867655470174,0.2997250382028452,-0.03173216672499128,0.06030580977012161,0.1717477168715076
3995,-1.3695823773380316,0.2144186809106925,0.2578031118397649,0.011712097149231828,-0.1605581946112929,-0.038697123879223735,0.055659170708912076,-0.05930553370030558,0.16326146059910684
3996,-1.0163422999538758,0.7878079716032175,-0.10146122469205279,0.02018867782066602,0.024849150009476437,-0.17954412477471796,-0.18974227304223332,-0.1516732641610824,0.10260659011251415
3997,-1.012239391438207,0.895928778631662,-0.11732632590056209,0.048115635069422,0.07764323645338715,-0.19493140140756482,-0.22697819016644577,-0.22596670992633863,0.19433840102067435
3998,-1.469076608325912,0.487109205476094,0.36320068808275985,0.23294899783312026,-0.23579009720687502,-0.16672911229100856,-0.029603613691373522,0.02052969236779493,0.22790577933434117
3999,-0.12923840309500226,1.2566885733025968,0.1806556995619147,0.28329141772980154,0.4219672672587842,0.28689275861414365,-0.358848137159342,0.17085347171062243,0.36187058405528333
4000,-0.3816490711168139,-0.3945763426272216,-0.6546432254717763,-0.375396593733933,-0.11156857440048668,0.01626810625659278,-0.21366020103083908,-0.18058625797190717,-0.018853441372064624
4001,-0.5061158987543442,-0.5038087588942941,-0.49986744837617597,-0.382796275933605,-0.2126918153614177,0.06469782013592425,-0.11454337318768558,-0.09017901822267421,0.008042416571845705
4002,-0.448032829158322,-0.9436011288972489,-0.6339018381358656,0.13007083006032577,0.6251392863787719,-0.20802919754154642,0.38052381494796117,-0.018413025752125934,-0.03883452839910917
4003,-0.330702042124116,-0.7518192352806969,-0.7644059933685712,0.05369718599022285,0.565042173758476,-0.21813100221460605,0.19126138986752778,-0.11667268842182264,-0.06125133765170637
4004,-0.33700306290061016,-0.6705213179726703,-0.763258257622188,-0.007765375397284952,0.49293832804379784,-0.24221343953428245,0.11978119394293238,-0.023833341774246935,-0.07725399349268676
4005,-0.2858634511996185,-0.6169964045347317,-0.6670693610441205,-0.12043502248460718,0.22741025887375313,-0.05938149794986772,0.08710644556297167,-0.24201141098600892,0.025317302721728854
4006,-0.18003275260447804,-0.5298756870873227,-0.981816406316376,-0.0172513526310498,0.8350107733532927,0.05220537285759098,-0.14004287778165594,-0.129684150315689,-0.07709013503672002
4007,-0.3780802883448667,-0.46756286234218986,-0.5686246351359331,-0.32923772679309043,-0.15730561784099362,0.11646052620479501,-0.02820502329675017,-0.16654504424841327,0.03667047102560134
4008,0.1942868201002977,-0.9368106211506788,0.09251117358169292,0.6863421864407898,0.052219841679956726,-0.5105596939638359,-0.27029427567253894,0.27715899711942943,0.15134375510480197
4009,0.06638994007772409,-0.8681552877951848,0.03585493389959248,0.01902845020861091,0.49535764035840674,-0.34173316414593286,0.10196015940385111,0.26201846093342196,0.2752031942727386
4010,-0.11735775692825524,-0.27648044167807634,-0.8145475171773182,-0.19987873437420417,0.07125422920470385,-0.0942677746621633,-0.023211146397792596,-0.011958843012026935,-0.02506158450956148
4011,0.08819946335276738,-0.896070822241272,0.1430349388207131,0.16679837600424052,0.19056895674408172,-0.15587873339943334,0.1812634799915027,0.0051568921082918336,0.0767180162989959
4012,0.7822141223927788,-0.2700829108266727,-0.3789492927886521,0.563334639977109,0.0008078269207755128,-0.4669512453836232,-0.5557842744251821,0.038903532081249984,-0.07354204684368428
4013,0.04106187917560748,-0.2850199949420834,-0.811877135976925,0.05138252574902,0.29775735598652464,0.9979200944406529,-0.15189143277538672,-0.028979258686649252,0.1022494477996864
4014,0.5837885110238686,-0.575782468919421,0.34069541571581974,0.021696851858681466,0.1187896378438411,-0.30112418661026535,-0.14901845005834916,0.21258131107964998,0.23383191603847878
4015,0.6128131107786478,-0.09993858304343001,-0.22256553560498138,-0.35510272127711395,0.11221917753446978,-0.12279115113602829,-0.2605345360782458,-0.048275327634301424,0.007516692886100028
4016,0.42924578851323275,-0.7931512109998393,0.27213668278996545,0.2961652498375473,0.17003594761500876,-0.2863869402011601,0.03823220663728372,0.12239790184338409,0.12344922758803438
4017,0.7913698411219,-0.2498838355035539,-0.2333909875607672,0.1953122980618585,0.08224173594743679,-0.2205829277272011,-0.20767770553972884,-0.0592412154331467,-0.05194651306594033
4018,0.779491624319086,0.046464423842945045,-0.5680551085630661,0.10734656841444457,0.2794177989281266,0.46270488896835305,-0.21051011147664517,0.31949741015464345,0.024628743379014266
4019,0.5048986794871991,-0.3523165822779231,0.48416911138722785,-0.4747379672408988,-0.1813809918837326,0.013938939273733434,-0.07432700697166796,0.06860192630822792,0.0777603257643135
4020,0.6568813871314093,-0.3007400022160995,0.1472335985637087,-0.32214279476330043,0.04316458131979365,0.09572777792149875,0.062478948797944314,-0.21585199861282298,-0.06022840158618114
4021,0.628331681361698,-0.9010283370066406,0.4349017851620637,0.8719043257468978,0.2370942910637537,0.48420702831230833,-0.22853587749924184,0.07545637223449624,-0.01733190315878997
4022,0.8439497456893355,-0.554033561256559,0.618677042086367,0.23295664062962648,0.013911871294370232,0.29126389372136546,-0.31995600613597663,0.04227184480522409,0.061267912039880565
4023,0.3716311470681955,-0.21706112095984162,-0.9430182875409471,0.15150065127347184,0.1471910452028415,0.23280739135752124,0.7800858527384336,-0.013241229630537968,0.16154830662923736
4024,1.2078318905106065,0.2067469810605916,0.18926287125355692,-0.4664077325795825,-0.07218482971329641,-0.029237212668247303,-0.10316110312712991,0.1007782005370148,-0.10732981765926516
4025,1.4327717064906018,0.4673096205289891,-0.21308443331431232,-0.3301625616854635,-0.10147992358796157,0.07997492185667028,0.15313950676326493,0.2918858525313917,-0.04158027717634131
4026,1.03452227978921,-0.6917006726074422,0.5902853084342138,0.08791233094420364,0.6171926612407241,-0.2072663433423848,0.4787295871876518,0.0010845371434066815,0.04693171780558713
4027,1.0756412423691408,0.11256714530194024,-0.7622000877958562,0.6947712290802457,-0.5083376677472436,0.02975275970472224,0.07662168989541766,0.11270152409024496,0.18028681631016913
4028,1.260983158649026,0.20280849801162898,-0.004645830742684547,-0.3382316499221307,0.019143453970795758,0.03443726182648335,0.056395362743379744,0.0055714593580404375,-0.13390133397618081
4029,0.7616478329738197,-0.6188411992841949,0.57358055255103,-0.12122467628347687,0.2556311634857492,0.18968057003293987,0.2524282822258106,-0.16468779308206682,0.04923406194897752
4030,0.7382077950315001,-0.7034636797860907,0.5638650410048256,0.5245744316544139,-0.20152356424709084,0.4365197503571469,-0.1637480858091094,-0.18314429746132624,-0.04217573372774123
4031,1.127578278487755,0.5139099543614791,-0.5997423333609232,-0.30312424404653127,-0.2363263374121296,0.1258675816620606,0.18857185378390667,0.3327513847052427,0.10620888813294517
4032,0.8268813582362712,-0.7126144002656157,0.5911743417947479,0.5487908289234288,-0.41127332321551524,0.0186535926956011,0.019720946024637212,-0.33060207216420173,-0.09323130774378333
4033,1.034898980867841,0.3227847529197755,-0.6637018472337665,-0.16492352329057036,-0.10058030547927561,0.1570687011350789,0.2937437760480096,0.21259131862254602,0.18299547755949883
4034,0.770718034875904,-0.6454531021261818,0.5867234424143981,0.20481592044879998,-0.22147875392408373,0.05871973213760027,0.16361804624858514,-0.2713726169683433,-0.06570241991466265
4035,1.4167356988859021,0.32820424068072745,-0.08175977477840332,-0.15292493009946476,-0.09927802061156463,-0.09926697100469382,-0.11936266696958153,0.15632892369000534,-0.15846606353591183
4036,0.8258925791561181,-0.34330830969714365,0.6785299504745912,-0.4499774821215416,-0.08715939781269716,0.09201854487071849,0.0275249258286696,-0.08973190508138953,0.057509406220455674
4037,0.7358027393635738,-0.3753474678008066,0.6378781864848753,-0.4227780876512986,-0.1252600818623851,0.13658439715904444,0.10599601463519588,-0.11177824223260784,-0.005893798092272079
4038,0.8494286615329834,-0.6626005446815715,0.5889205943463358,0.00424024397074416,0.37571722591101936,-0.09485591204956753,0.38483762588560766,-0.051160619776412015,-0.014308728448694168
4039,0.886487211518956,-0.6265791749668833,0.6118551294944827,0.4538568805272184,-0.39325477020640337,-0.032653043298419136,-0.032271103685375425,-0.22590869302308766,-0.06519153151883905
4040,1.0745688887696532,-0.1222921451094735,-0.03541565759233586,0.12199104779750518,-0.09558687011409092,0.07874207705870982,0.06275098831353171,-0.3020501150280745,-0.24762568651528477
4041,0.7843210020911695,0.11778095213700077,-1.0956066354885452,0.7159145047604827,-0.611034358833556,0.154676827560725,0.16897366796714788,-0.11669123082638187,0.1088569081344768
4042,0.44218475776617144,0.011177145728506071,-0.9276104787568575,0.03109052028818041,-0.28012464619273025,0.35932668584755223,0.60009144368642,-0.02661134571089158,0.19743110716762616
4043,0.8696716882515064,-0.6471555961609667,0.605032137646439,-0.0692852242564578,0.52256910153836,-0.15025028701000664,0.37306399888958597,0.05019774358498542,0.0053306500573835625
4044,1.2836047568544997,0.2906738665534076,-0.14459493782540547,-0.17086743606523944,0.24513469380815714,0.7699748110248741,-0.1899571544780826,0.3002219119474843,0.012878297634221275
4045,0.6908035765086991,-0.5967832042638219,0.5805852369105207,-0.09913532981058741,-0.0883702512906612,0.14756271495780707,0.28757798387069494,-0.2825749366472818,-0.051617990404573565
4046,-1.1848850360119207,-0.3051255749636737,0.048148941296316736,-0.015598965242767987,0.0625847181836301,-0.0810886365669498,0.2206227926181742,0.17345733241812522,-0.27768736534552724
4047,-1.0873506634388612,-0.36095131221135757,0.0054688423417210185,-0.18577120932119634,-0.23764926760221994,0.06306931141716114,0.07248809273291663,0.004863053433276272,-0.12070022753539277
4048,0.3785644339441979,0.2706951324533913,-0.21659753228174114,-0.08213522934843573,0.4959948009514555,-0.16612696944324448,0.019495026259498956,-0.05106265125040736,-0.09677783924629904
4049,-0.05119704316111407,0.003289976443323286,0.549012898023863,-0.22815874279758291,-0.04036555664313122,-0.006455354134822562,0.025595864936393348,-0.01860000944947024,-0.02420335744072958
4050,0.07783242714085575,0.6671374789468444,-0.6786718552566693,0.08618860873046705,-0.1403514939693347,0.28029111831303966,0.5150736684906478,-0.0424760151310425,-0.07004359885296453
4051,0.32442021326084225,0.004471177224730869,0.8660040341724088,0.13988603856346227,0.5231888030503975,-0.11812829319020401,0.5165615460932651,-0.0027256180816056463,-0.29443679501441933
4052,0.7952746748291256,0.5005801898750413,0.3935241942625526,-0.17085460013454912,0.15491499033412476,0.05288276229279548,0.11900842438679982,-0.1755250101995188,-0.30837436413562824
4053,-0.584963968211356,0.020819343533792507,-0.5593372881133832,0.18013811664913887,0.5659694121621879,-0.09212122507040044,-0.011676521122955584,-0.17251340293890985,-0.3103655393325275
4054,-1.0981704404343415,-0.7539011498608356,-0.04341784562725869,0.43033763069220915,0.7485990782202919,0.1406280842145701,0.3831890344358212,0.24244299200553138,-0.20592566016456848
4055,-1.1980125319218706,-0.22274304412416482,0.09894882744464119,0.041042040959116795,0.06389449640919291,0.5109097725351538,-0.13846582939800367,0.2615236231147411,-0.24989398839705987
4056,-1.241373562573519,-0.24056060202750512,0.12411793248701052,0.15769242533482353,0.27619488433933603,0.6328983365011365,-0.11829392991856405,0.25428356091034154,-0.18691693531068482
4057,-1.1872351882158096,-0.39698055985074415,0.04421356343245263,0.1368197517602993,0.2451692504991518,-0.10555661193919606,0.3492448544564362,0.0767171427030886,-0.14577504756475512
4058,-1.208699721796194,-0.11133003446945117,0.10895340144568197,-0.1402188976967428,-0.23610598552544929,0.01913155735328753,0.0540619749351613,0.04990609271534106,-0.1352667539022929
4059,-1.1894861525009721,-0.1215959208017326,0.09258570849644593,-0.15378716473561538,-0.26020981113262354,0.00411514257656828,0.03459363184185598,0.07827837483493187,-0.12267686490435205
4060,-1.207134065140603,-0.21753846965201162,0.08592040316700761,0.0037292451420832973,-0.010159567388426698,-0.053530771190007695,0.18799456393605238,0.07001924290579757,-0.17196042168430486
4061,-1.187758770945438,-0.0744176467889041,0.0898898545578633,-0.19536671031462782,-0.31755264029067126,-0.026670850918806978,-0.01486364904152064,0.16329593686937927,-0.12613885083469162
4062,-0.47073098826073295,0.3978125578715587,-0.44186085391389474,0.23020409711722623,0.026559932652492884,-0.14505113855568186,-0.02020532580044544,-0.13376915855456087,-0.19709197435181217
4063,0.11386819954332596,0.5814998841739528,0.08273229448983012,0.07900012111941031,0.4673380835990363,-0.2710203557202625,0.027060632915264754,0.0034120935168378296,-0.13280642161638817
4064,0.5187154979318322,0.39083367189671975,1.0047228371812496,-0.20481658878656211,0.023943488629666214,-0.0483967076995076,0.05044021659529755,-0.005286305098115221,-0.08422127676812492
4065,-1.3053694321632066,0.021723685945416574,0.20051336274046339,0.03572251492060758,-0.02837265531900744,0.3970431967694305,-0.11318018256231605,0.1291950952479724,-0.10284510517530326
4066,-1.3096590147237714,0.007740984547213709,0.1755820951867761,0.27375648345681586,0.02653391838642006,-0.22987651397676065,0.16534005888185196,0.21044817250687903,-0.18793074558354272
4067,-1.3376802694965109,0.14669269861793258,0.21476083530249193,0.09696119064178894,-0.14745172811463483,-0.14827293029577931,0.06895183502237981,0.16488524542378774,-0.13516116260501299
4068,-1.3009114619464657,0.07752407350383245,0.1907464679229238,-0.07233270274908507,-0.21106542162379782,-0.01836052771546753,0.051529896455134734,0.0285957943440411,-0.055448687518977774
4069,-0.8150892579710345,0.3785768109844746,-0.2800781829119221,-0.007068565646563974,0.09339006061424679,-0.10255347484448085,-0.11644601238961232,-0.30161784449371365,0.03757966746419925
4070,-0.6912974731485297,0.8639946704918291,-0.2996570220469147,0.013594275359973679,0.11333398981917053,-0.15071634854166527,-0.15294002591354514,-0.2779343585883994,0.05321623989163838
4071,0.0834788416018728,1.1930937027467778,-0.18967362262181073,0.10411719037568257,0.13083014348544256,-0.09309286266949403,0.08674392378204603,-0.06034423577378416,0.19993791678581774
4072,0.32044494297919496,1.0382696557848086,0.6669876654236605,-0.055996942807783855,0.14246516333090062,-0.15367188460412595,-0.0474377499811759,-0.0972490779924856,-0.17974512500445614
4073,-1.2207227204962092,-0.05553856803264357,0.12948542649766057,-0.05121022441319462,-0.15155451713047832,0.2308396361926493,-0.10535108798203867,0.15564431573244697,-0.02819731612610753
4074,-1.4129825207801447,0.24738309185146837,0.2751835282358084,0.12119986168735294,0.06529454143855583,0.2552183386875679,-0.11203506961282467,0.28497318334941035,-0.0490251050751367
4075,-0.4835440914813779,0.5576997078229613,-0.446487878076486,0.16956451794692637,0.3543842085561997,0.3858412472820631,-0.11742711642546308,-0.20115514509287027,0.05462125136617115
4076,-0.2773414113048547,0.1550161210948069,0.6422733689411576,0.14459032478682454,0.4931436477175101,0.21772591460815302,-0.022549264807855463,0.20551118754016187,0.045004272374275546
4077,-0.2818591147665796,1.1839365356641007,-0.4951836142774211,0.19644900018605588,-0.05688205483116275,0.0026980901475826165,0.13562512941837493,-0.11197085287756504,0.06626276590594211
4078,0.24596995698444635,0.3330038220977486,0.9754994901938356,-0.04031925629172736,0.06010883721482171,0.0720160708644157,0.27210277967276264,-0.25888162658222863,-0.01701051420494738
4079,-1.4243827565257963,0.12055311419050266,0.27251103031491913,0.3293727998265727,0.3941744075260082,0.3320239089849144,-0.009994121624118175,0.24567666827937662,0.021624230814947867
4080,-1.3636460600759803,0.23480502750269963,0.24565592913549744,-0.046632589392160834,-0.2232748461571217,-0.05912546398554916,0.019444914556243732,0.0644859830221818,0.01952537815094981
4081,-1.0080289109394012,0.3852624520309427,0.4216725882310318,-0.03734001051804781,-0.06460119025790477,-0.175520999479322,-0.10537744276927875,0.0764055392255611,0.22120051502190888
4082,0.7244846914036226,1.3695934276584831,0.40649311823723067,0.06248750286510405,0.19739367186742376,-0.11922519507280266,0.15245842832215525,0.022792700236071235,0.004301915875780267
4083,-1.39728901376879,0.25800787277445214,0.2765381469618442,0.03768498049691487,-0.1524888276137023,-0.05741331536038932,0.07305165507527377,-0.009106948040461846,0.04321073349734276
4084,-0.6572652533832308,0.6208618877791822,-0.41331757601138247,0.060658581936280626,0.22609364890925757,-0.09135608904445312,-0.12277948264505398,-0.40897704465385115,0.06913449754221258
4085,-0.45623680413518136,1.1520501836546142,-0.36041136307402927,0.09997580598834224,-0.010116856847190889,-0.049014167235524236,0.07037864325095007,-0.11880741260339289,0.15094648412784742
4086,-0.1186875661092851,1.096309198834375,0.06280152894121438,0.06046163122730864,0.21282994475819672,-0.18870091767492925,-0.11580956804501592,-0.06763128814305588,0.24589582611786592
4087,-1.067219831568112,0.6255141797416727,-0.022855895483359905,0.13523175411404273,0.06722621443062954,-0.16081307309578216,-0.041000254065537915,-0.21132050291191798,0.21979725455810784
4088,0.11825973132755957,0.29460223917070866,0.9960897355859222,0.47815923993887394,0.5302011804940097,0.6856298366221818,-0.2741799925340652,-0.010239090229284657,0.22369635085746134
4089,0.324154405248217,0.44074360623182646,1.0623642091845726,0.05407890934442405,0.18725426223401656,-0.037634147806061516,0.21183063721000395,-0.2919950407164278,0.3081655897462118
4090,0.6820296299204642,1.4505647050310855,0.31847856799998403,0.20864300358431098,0.16141444915736394,-0.030883691984643656,0.32759941000342524,-0.010255988250500333,0.17013986260555253
4091,-0.43224773940084377,-0.356832144603546,-0.5951617621715636,-0.4360387203344318,-0.21874178226956945,-0.0011396224593189636,-0.24354918441132592,-0.04907583856692267,-0.019259916063981676
4092,-0.255899613488743,-0.6022740471386383,-0.8682954846423605,-0.00028268161215884327,0.5650153277229041,-0.25522828484132115,0.0546217222937759,-0.10196294166291633,-0.1026205080380943
4093,-0.2577412530263691,-0.38772469734803555,-0.7110202109002083,-0.33526583196966825,-0.004038798805279477,0.03843180206621657,-0.17179224987643787,-0.3275285080212522,0.017817018571625234
4094,-0.15749334538789464,-0.8527040758735612,-0.02546367603532593,-0.04406257390730885,0.5491005424488302,-0.3246562344569031,-0.08221097857236441,0.502220593998651,0.2280093831817989
4095,-0.30113232037719556,-0.3436745334522727,-0.6733809130426591,-0.30178364792993434,0.008977082576999458,0.27073855074736497,-0.33013128031119215,-0.10196047565345398,-0.0071867222919948385
4096,0.12879623271576854,-0.6015681385585849,0.16192514881613151,-0.2758181102141238,0.17715687454663276,-0.2235713014578036,-0.04295709942693681,0.2592461820993976,0.18755054633758822
4097,-0.020345639189898793,-0.1726571308570857,-0.8458198673099551,-0.2978504353276425,-0.06661541416598546,0.09577215064512498,-0.05267734483577426,-0.22634139850827084,0.04908886070267503
4098,0.03035332518813874,-0.4959904926707453,0.15971045676338266,-0.4784400540329691,-0.15979679283929182,-0.039389939915838244,-0.20075592836614414,0.11050166619304451,0.2699620892613899
4099,-0.02878002776160657,-0.4123258725019401,-0.8337345866439516,-0.0623087293485309,0.28728029940143346,-0.009654963196320504,0.22788460190381316,-0.17281091783772162,0.036970897775861745
4100,0.018196690507056586,0.013777449290877024,-0.8367750896554403,-0.37088744939775226,-0.2540231732257448,0.05128433528850849,-0.09879044464945269,0.032077081657461176,0.02902370428660318
4101,0.26351054665662965,-0.7543750507966167,0.2577318256697861,0.007746847794442135,0.07179909345827407,-0.0909843802240929,0.05738844458900888,-0.05547177312362221,0.13068648997722462
4102,0.18487694301852264,-0.06157362283350534,-0.95567860702317,-0.1799816325987154,-0.01480709136532346,0.0687816939380038,0.09833848091684183,-0.1314587691046836,0.05664848973140114
4103,0.13712858921814183,-0.00021201023002438338,-0.894456825690491,-0.2722148420738956,-0.17432544950587878,0.09606439063697422,0.03441272151667233,-0.052799916757558345,0.059839651605799994
4104,0.20230166608026584,-0.9769970243473982,0.18501014541771005,0.09176412789412307,0.7064709026047179,-0.2516858542144013,0.46961089405462847,0.0908384853421782,0.08208033906238263
4105,0.30616653737616584,-0.5668073432559839,0.28878610985515113,-0.35163182187808645,0.017392970098021824,-0.037397344707045706,-0.09244345379929383,-0.01899946481062361,0.27378613631978926
4106,0.5652273188775377,-0.08307522002309488,-0.3898102539436645,-0.24828654273897688,0.1198235190917503,0.052321123396546376,-0.17531105162107877,0.14232978506360114,0.13282273968352304
4107,0.3928455295483284,-0.2280197109844323,-0.9253103774271095,0.6694178048605995,-0.42273433223272283,0.053630647784190785,0.16609481774925292,-0.0734950100701899,0.053990708824147506
4108,0.5972063305681405,-0.479619815386788,0.4443858568681995,-0.33465527036799086,-0.0005109590808189935,0.026576579673095378,0.06095050370719591,-0.0907501306171561,0.18960391574068866
4109,0.6179437189207528,-0.6400588159817238,0.4457080624113489,0.22781326802125235,-0.15662071762582938,-0.14742126577962403,-0.05017094018241036,-0.007036484721050981,0.036272629198871274
4110,0.762118962183389,0.13498349635625967,-0.4383110850563151,-0.3299211799362531,-0.04255862937864073,0.03197273985342832,-0.03383908906144467,0.07343151868219354,0.050822725043768786
4111,1.0064820417518854,-0.08265884270289987,-4.284334928027802e-05,-0.059999497260962174,0.015790390444731867,-0.20029808793544937,-0.3040776774238986,-0.03242401873932144,-0.04204344843807609
4112,0.9333066257349227,-0.203936613820929,0.04593151857519449,-0.01979648242049338,-0.02562361316369901,0.004672392112935904,-0.0030026103008615663,-0.1310736903338632,-0.038438981729592266
4113,1.1837426496886494,-0.19480686445699122,0.307429078141229,0.24007958786754532,-0.21993910719832685,-0.1580734077566492,-0.3216124255640047,-0.12912219543400458,-0.1480819015123496
4114,1.3964865580432377,0.501210980716671,-0.22068286461119288,-0.3724018861615709,-0.12659508956714358,0.02330784700899299,0.051236097613447294,0.3545751651064978,-0.028801726937280045
4115,1.059965657539654,-0.5463364815648898,0.6546046619242677,0.5005538921038339,-0.399473081953602,-0.14716138138777263,-0.16368482104109044,-0.11855291079345173,-0.0033761037981833116
4116,1.2655766330186424,-0.07086434252465441,0.14075684486593362,0.20408010451944217,-0.14529513778575306,-0.14072158286301184,-0.2617495992985469,-0.13107868847743145,-0.20654587417682269
4117,1.0209549019689745,-0.2956670140065454,0.6880803004733042,-0.33677868120321713,-0.07344211490545655,0.024133339650407322,0.03864164070017258,-0.08797352987511758,0.10534268980958586
4118,0.8122643489000758,-0.787810773964513,0.5534855552672455,0.09185563581237077,0.7132258082909565,-0.23669202929649028,0.5742331244536762,0.0904954676187337,-0.047491347610236205
4119,0.9764185946237515,0.23645706714129205,-0.5619362218632303,-0.15282708291332575,-0.12318265286243353,0.17751565969501368,0.3510944768900028,0.2424993364254697,0.15211658861950786
4120,0.7418743676229778,-0.6103121522943492,0.5890401308263131,-0.04162694990926289,0.015761157116179814,0.07021099423542011,0.2704391562049327,-0.2040994596134656,-0.0438490098483638
4121,0.8531048306538181,-0.7163263277916568,0.5600845500729771,0.03429563541915638,0.5123555588239693,-0.12502778618408456,0.5288461664878809,-0.03308406175414382,-0.01911048683155653
4122,0.900900247040612,-0.3629710212132492,0.6632129669557135,-0.3541049335743825,-0.027226459598292892,0.016832955119968747,0.0829227350985661,-0.03181477341797192,0.0636547082728511
4123,0.43905685195277727,-0.14785452091982534,-0.8972885624584714,0.26435453546703935,-0.24411620540329187,0.32804502514718337,0.6822142364111851,-0.055538287657984915,0.19756605981091177
4124,0.9771475469031087,-0.5158397419282656,0.6275749651655258,0.21407128104334774,-0.251127475298842,-0.041188988170348724,-0.0737150314674845,-0.18589797825317994,0.0703012973514256
4125,1.1331109717162517,0.1020803954803412,0.019302765049705174,-0.33194355772134365,0.08817543366408287,-0.049782258737354285,-0.20907847103265814,-0.19679395383576492,-0.27647038544927566
4126,0.7466298405679697,-0.4149546169925525,0.6406167261106923,-0.4050347980450676,-0.08144684675269963,0.16067257168867652,0.1320472308877606,-0.17237109987701904,0.014297381552068698
4127,0.6277795400957098,-0.7579812165964024,0.4799342291458539,-0.00108785497247357,0.3763810970224642,-0.0011773509644339437,0.5703983146446805,-0.10318997411423603,-0.06336041214349103
4128,0.5975180454890118,-0.07703741352969126,-0.9749324819047446,0.7502384528301241,-0.6437773828328925,0.2137277649209942,0.2794211067427281,-0.09576948767245337,0.11784913112723874
4129,-1.1665525996463646,-0.2343089862129593,0.07507853110581617,-0.12113208176528492,-0.18703163597638692,0.0573612423462902,0.09792057265490509,-0.061301620654407064,-0.05558596357340362
4130,-1.027940846279164,-0.7123010457590415,-0.060849768491894565,0.3403416599952068,0.21210174133393742,-0.1559971569704174,0.3694799123567467,0.0261222330514133,-0.1548964683118878
4131,-1.2382890948111902,-0.39489461546005716,0.06252329861450914,0.36469726147915027,0.5271892525033142,-0.27433717084010856,0.5115779030511094,0.16621617111481335,-0.21947105878639278
4132,-1.0448895237412121,-0.42577417283633706,-0.02796920595610835,-0.2393458197353309,-0.26746433245737916,0.0768692044017932,0.046568099826633166,-0.0022419051168654455,-0.05076454629246528
4133,-1.010706356091536,-0.8540045660877752,-0.10616698679539711,0.48137624597521983,0.4835289755658266,-0.26035261776264784,0.5212540180319187,0.09044177921874233,-0.1801997078582101
4134,-0.7477976110035266,0.41272237650076754,-0.36266669577391164,-0.16293450445679933,-0.060503452807376935,-0.1573481389355917,-0.2408176426806554,0.0170492829090169,-0.3786914315030621
4135,0.22056877748961334,0.037456005804320895,-0.2851671592303074,0.9214685046791347,0.2968921279415065,-0.5867605389663154,-0.28853569002245416,0.17665909739565414,-0.08393116188137803
4136,-0.03098269623632132,0.3447017347456757,-0.09737499985498335,0.6444620526333452,0.029126954934004634,-0.36968239996829183,-0.2587978373810444,0.026311030293686893,-0.07568099893593085
4137,0.2596358531765376,0.10433373404947507,0.7165262986883727,-0.25068357015458415,-0.06805272851206126,-0.002211607682889137,0.05381991979063369,0.030879233876141114,-0.08744139159814307
4138,0.9310293094518348,0.6190141790943668,0.2702945968034544,-0.19610650386584164,0.01074820970102068,0.0438386523262904,0.16061551228275847,0.06334668797801378,-0.22378052991414718
4139,0.5749958735604275,0.9242200669872901,-0.36799741430331273,0.0613376955939655,-0.01798136138479546,0.11574456729504742,0.3802312320121798,0.2299613020373635,0.04097188642133658
4140,1.0247620724509494,0.5460885324400476,0.11882963496791413,0.24376263934156894,0.23750502606055782,0.6387085559791473,0.142393459853814,0.23608347841467828,-0.03679498705215073
4141,-1.1905386577409953,-0.12966337893321422,0.0942529671454241,-0.15922059733558463,-0.25468277214469676,0.015544510553840938,0.03850781818415154,0.06084292911829577,-0.11413288547909621
4142,-1.187858898764684,-0.10089277266326492,0.10813606255631432,0.05882650447906196,-0.3030746412713519,-0.08248192525963521,0.016224692776937295,0.12617640892954485,-0.1996420062598449
4143,-1.2004762927076595,-0.1607941158569808,0.10390661220015579,-0.05767424326060764,-0.17298058830068422,0.007905676478002369,0.11556731496452242,-0.0015944131609486822,-0.1501280801445158
4144,-0.8089018628725124,0.006215985775251394,-0.33109758660465494,0.17419888936045294,0.46850986775959097,-0.3008909325660608,0.17057888094232607,0.09923021162369933,-0.2382921034490123
4145,-0.5167748987869564,0.15922445771883054,-0.4357014448858091,-0.010697951225693206,0.07213840958871076,0.028815721384656455,0.09279134839142646,-0.268750992883081,-0.021577464758915418
4146,0.0657206630123602,0.29898886678968656,0.09542128208222292,-0.0020273274739153356,0.1719176991591437,-0.182823428333265,-0.11387919019221178,-0.04408220358864561,-0.11850419926607648
4147,-0.12126131982489755,0.16425764927847997,0.6159779426593239,-0.05738516418086435,0.2114890478987192,-0.18810175566447696,-0.009816957730909417,0.06753505414054295,0.10397316533038274
4148,0.32566282734368307,0.41032635446424176,0.3348649852392633,-0.10292506673166696,0.22669352553702043,-0.048051340148877485,-0.013192329534714484,-0.1923324449346265,-0.16499973320990519
4149,0.4184092823630731,0.5784682240420511,-0.0486229532787115,-0.03013021006918178,0.1590997303816076,-0.03933908579437188,0.07853249904015103,0.0025089831810531297,0.03218738109941355
4150,0.8729122774609857,1.0815806681560474,0.24992676608677605,-0.05184146538943075,0.06463543260713603,-0.022555789883603232,0.19505941650529424,0.11732577758640424,-0.1521402073577312
4151,0.9379481544237075,1.189702559426727,0.20784507940748462,-0.019626701326416307,0.07966169730929977,0.0012458156206282232,0.23663939391005093,0.17721082879570813,-0.18363792958963898
4152,-1.2635524331223025,0.04724266550722343,0.15653978118349765,-0.10817074214639205,-0.25714875599794607,-0.04614854814345794,0.019251545183904564,0.1113312544958828,-0.0603144339112858
4153,-1.260477112871646,0.08667395150469416,0.15597240963448897,-0.1634295600733694,-0.3164314254351359,-0.05909854177495403,-0.03388309730298785,0.16184398228586366,-0.05432054920481527
4154,-0.7921632889330233,0.21419063102567348,-0.3501033487646711,0.2755692059555738,0.41436660009027254,-0.3214644935601579,0.055851637410749014,-0.0027123649810093797,-0.22812784097907285
4155,-0.9257990400038646,0.1300951909057,-0.12490221172062102,-0.05788372172772284,-0.043135253621271526,-0.0033166159550872517,0.012204689111433022,-0.19917069976863067,0.05512082721169135
4156,-0.5626284085178421,0.46967489481989627,-0.453320550075506,0.09577373850300461,0.3133582997380782,0.5069306007048932,-0.31745192504541536,-0.08850320784919695,-0.1414548141791119
4157,-0.3264454843840815,0.5304349683804823,-0.168280335297498,-0.03796247203016484,0.14545007010383887,-0.14281718974125784,-0.12261737195076684,-0.04329117309600099,0.06004671510431461
4158,-0.23759081784701988,0.4387987394931402,-0.12703662254383763,0.44763151504173776,0.5866052421622905,-0.2691349995923923,-0.1154335796361836,0.01860956688023222,0.08402753505683856
4159,-1.224948543221201,-0.08998536107237637,0.13028240519255183,-0.09582823510597248,-0.1920730016679953,0.027292260036374215,0.06658886688646971,-0.0599070811454618,0.06549404353420188
4160,-1.2384797046960687,-0.09315288229613501,0.143818104024047,0.031267300428646914,-0.1120890457786646,-0.03180225956996207,0.1456380078975364,-0.06756522136004697,0.05632426282262854
4161,-0.8157369378097471,0.5478400686374318,-0.301239257733587,-0.08575965874891411,0.01400330848547383,-0.15963445133185994,-0.23263490372247347,-0.11578537750282918,-0.10156345022751624
4162,-0.6457138547439951,0.2495058796799158,0.43915657534742064,-0.1158679713329097,-0.01408692019336875,-0.17870833598573801,-0.14707345626793436,0.05909497053440369,0.2939114366835381
4163,-1.3984196329460798,0.27651904745575334,0.2760320567259011,0.019092414655864653,-0.17569680512588592,-0.07238989349763553,0.05798263972685547,0.032327218890453674,0.017011257181954235
4164,0.1370878836989782,0.8266053617632595,1.160981285239923,0.03612645065511442,-0.037388233770713916,-0.11249454782583394,0.07882118074985306,-0.046475283628610864,0.023174899941435838
4165,0.5626526221382843,1.1071577445538765,0.40218380308176277,-0.02202263622535346,0.18318406281664312,-0.055407275572108075,0.062091145157275304,-0.2536121535168489,-0.07703537837161907
4166,-1.3210640905649738,0.05450537630492761,0.263024803915251,0.4141090729637812,-0.22274114853118177,-0.035265119685973394,0.012934940489638592,-0.22609205713405348,-0.007600677851179695
4167,-0.7855047664273123,0.8348426999075884,-0.3734827660332712,-0.01832523830589705,0.1442144795267658,-0.2325249408611017,-0.3314952283158278,-0.22266393265355058,-0.03819319186387919
4168,-1.0485092188263678,0.7746207602472234,-0.060718520211139285,0.053166042737466584,0.015202904644787754,-0.19023874648305136,-0.1510984116594431,-0.14167067358669003,0.07747054940657808
4169,-0.7563671555253816,0.6601579998072975,-0.21034064070056238,0.2087490150149831,0.03198594897818681,-0.06899878893637479,0.018614248380794483,-0.2539097815115929,0.040539345148893284
4170,-1.3356852901721645,0.13061282692450082,0.23176846909104154,0.008672036365552383,-0.13823058937540744,-0.010817810554069836,0.07103469735556237,-0.13515412374652813,0.26092220821140305
4171,-0.8225454954810639,0.8097625323905401,-0.2865496721231086,0.13278817568613907,0.25948090755937636,-0.20045368575915282,-0.1996656797584568,-0.43179283009271147,0.24000583394681108
4172,-1.4908654082790351,0.5295305778968001,0.37328086018212414,0.17001015125987914,-0.20404386820847845,-0.16022199170943194,-0.014418346617165552,0.029017391582666818,0.2685318444656712
4173,-0.25803000235629864,-0.276760524571629,-0.8111963325234439,-0.3804000491899514,-0.016201616023245092,-0.030928042450917997,-0.3215179631737105,-0.2574229363472442,-0.0423079842098133
4174,-0.32381036864334656,-0.6956095423675623,-0.7409875868613786,0.030907659689950916,0.5351368009788583,-0.2752678549746063,0.17908380310067376,0.013593721421562269,-0.07472588609121883
4175,-0.36002147751487473,-0.4337561480053817,-0.677682357331447,-0.30424302614932003,-0.05839635486899983,-0.027848638109183584,-0.16738574977843915,-0.16194884922309682,-0.019655180077459197
4176,-0.26827319939088345,-0.3175263074754259,-0.7479656777470174,-0.3343713318766027,0.014956670023808944,0.12597318234567761,-0.31817298198433136,-0.2146867633753752,-0.018942587859194865
4177,-0.1659496242552042,-0.5927512644747708,0.10358647938525128,-0.46913593707690965,-0.18287911932048553,0.033547582840529645,-0.1351083701960736,0.029136744678976038,0.20165765838387928
4178,0.3548212902134812,-0.3003573983398287,-0.4516392505741497,-0.17746884498236382,0.43676653698927015,-0.33892111152468535,-0.1870705931360615,0.2140082586633881,0.09234034724557943
4179,-0.10529941452800336,-0.5617143912650322,-0.20564380766952217,-0.28167689324090006,-0.030647896947556142,-0.01670669025374234,-0.03682032170318481,-0.03133123678350905,0.11167581781131102
4180,0.022570200647428693,-0.88065934185504,0.07572410707144894,0.13508681727184538,0.11472943815090536,-0.17204425592717873,0.06085430027959651,0.014935127912740834,0.18614650871756516
4181,-0.03573394738474516,-0.5767401091973715,0.15944730393989817,-0.3412265641939634,-0.20342432855705037,0.009594431645063654,0.03594497052763793,0.05807683187839924,0.049134101152902294
4182,0.417239063653007,-0.7399335912953205,0.2696100331314642,0.3067849208617932,0.034229534423825876,-0.3215074894911578,-0.09513919756934247,0.17014528530420522,0.1175464441415675
4183,0.5995368268521559,-0.02820534179214838,-0.46269130371211564,-0.3436070070381235,0.07657208057825718,0.02951574782953365,-0.08504797187202597,-0.07549653616393366,0.07263834732149303
4184,0.32330976056740107,-0.6956667443094485,0.27420933602721487,-0.05741395143836197,0.16224743530002894,-0.181723854935016,0.022781571132406305,0.09218914508114591,0.15161209583461815
4185,0.33283615817128676,-0.8589707595992747,0.2499634229946593,0.2893190964066723,0.11793613587440631,-0.146270545533504,0.12595413595850805,-0.07197987913800007,0.10170466001499802
4186,0.4799474144574649,-0.8564317167625553,0.30569562533100264,0.5537686731066825,0.03038789508073247,-0.3016836992915508,-0.03129242870050731,0.048632093360474825,0.057712114193563376
4187,0.752265238478024,-0.4808496534625094,-0.04530339076478262,0.5867303134594659,-0.06553202726039772,-0.3496894725512122,-0.3322983441489652,0.010002514952427034,-0.020060923618678714
4188,0.16500268524819067,-0.012964681287445682,-0.8674607954794181,-0.2715596624251718,-0.19929798346927638,0.2047141956509992,0.13834955686360575,-0.12081889282433907,0.10422979267724526
4189,0.5002130290172807,-0.2453009009913839,-0.3750853869251208,-0.07342449693381656,0.012845592235103846,-0.04037846190703744,-0.08714713724555193,-0.03665771180186195,0.1828226187578332
4190,0.29644075267535486,-0.22286641276836935,-0.8845543023536631,0.42701993788734816,-0.39960785157603107,0.10931876527313027,0.13978068008405686,-0.1522250622470358,0.07827442432229059
4191,0.6432461524834481,-0.021576493690153922,-0.41002938644035974,-0.2912781001806132,0.0393015945608701,-0.007071375996075263,-0.06639369878831619,0.06191240055863207,0.15804220615356115
4192,0.9593968017944051,0.20723501305694778,-0.6594163700256391,4.849246123956602e-05,-0.11825084590029612,0.02945609337595632,0.04204084844567143,0.1427174818943122,0.18790605325802534
4193,0.9087320275209325,-0.003471586832149985,-0.03424515777997914,-0.31051151427471335,0.007230905512640516,-0.023575815829756725,-0.0065858121464036105,0.024398169385360227,-0.026788926432311524
4194,0.7540656740557622,-0.35245774466956936,0.5716930033047491,-0.3808648327579072,-0.07108245297564726,-0.03416588358060799,-0.018927525372774145,0.0806325340039307,0.1062247387007022
4195,1.309608660265005,0.44272840877222674,-0.28156463445113755,-0.2646115535653588,-0.18414059637487018,0.02599788050077762,0.0894591104658816,0.3675064789365977,0.011440244987771709
4196,0.648207265478881,-0.6583082836417873,0.5650821852639267,0.32960453813624635,0.10228794298126967,0.8713640311269149,-0.2889298776542151,-0.009934735258789516,0.0023924123319306774
4197,1.3674901331931069,0.42438757752642314,-0.06367998999935337,-0.4352815911057084,-0.059838741938266,-0.046777473502324696,-0.10481322405033089,0.2015785796016928,-0.13147895754657624
4198,1.0198853445370273,-0.19287787489744038,0.18634786948798704,-0.18229585294709358,0.14391334144490758,0.015440323339573705,0.10476738424604326,-0.22940966510252883,-0.19191716867458256
4199,0.8739138187031691,0.26059697671309645,-0.5471103320295314,-0.24460909072083037,-0.22305835601893856,0.229003505656192,0.3031471185168047,0.2567164821015968,0.19530784898110043
4200,0.6185678210926567,-0.048099924456015006,-1.0001810921728416,0.7600892787961878,-0.6399494129076226,0.1807794086301962,0.2587653725984852,-0.07228558437908648,0.1029160644660237
4201,0.9161399239938681,-0.4564826394142822,0.6565934233627758,0.0017217192929169602,-0.19429276813618981,-0.05486413602287472,-0.03584379139472763,-0.05388171318360458,0.012483846612544966
4202,0.7703561375597113,-0.8189751971852137,0.5435290457772098,0.08634690822619767,0.7114601822661675,-0.17756043959879397,0.6137596662947191,0.0174706868169513,-0.05631965472641886
4203,0.7888528893339595,-0.6979883401318048,0.5827499144350515,-0.01623474823795372,0.21155027546477437,0.07899929280105515,0.3894532318539025,-0.29348921874925676,-0.016440299019677494
4204,0.8388069883114971,-0.4337350947777047,0.6488247910526778,-0.2628178753330373,-0.05653990886056006,0.03927083423899808,0.09934982147779782,-0.09988996172527319,0.026346409071061765
4205,0.8601111596077495,-0.24927498937496564,0.6873255793308943,-0.46856665036805345,-0.149255787749269,-0.019474855545127855,-0.055374873369807565,0.08827270152645061,0.041411116401485565
4206,0.8836247436457789,-0.6490096912603798,0.6087112643350615,0.5669005754752663,-0.2905266896641457,0.21620021262003544,-0.25947259318124644,-0.1655405885955074,0.003149299364425775
4207,0.8079852782221663,-0.7965311166515004,0.553876629072876,0.09104629464066381,0.7182734065388702,-0.22051842106993969,0.5809862930042551,0.06271277800000345,-0.0466258327705803
4208,1.4760590193208072,0.1620311731758099,-0.25960059674852115,0.6169991354820515,-0.46856508130202407,-0.00817763994147656,0.05422655830959054,0.16415339828809591,-0.13060446865076153
4209,-1.1687200618345277,-0.12850058411638915,0.0701814424793264,-0.21256360943696967,-0.32111162683501887,-0.015564028656029951,-0.0009672582481477343,0.19543172421304808,-0.2399394859394568
4210,-1.0949979901050635,-0.5411332416069901,0.009332178505807996,0.7129991266413012,0.14720862509527438,-0.309657451755101,0.30856994223701134,0.17538209954978595,-0.3961143315399268
4211,-1.0890466282911317,-0.34086732395049535,0.008026434188534867,-0.17039149565084505,-0.24470015037761386,0.03696653525265773,0.06953109849019996,0.031963784286481625,-0.14030169011876284
4212,-1.2134974503325042,-0.09679065530957469,0.11139739488405397,-0.1486765637063134,-0.2491296637555952,0.009543280406662694,0.050054994108188755,0.08312446556516398,-0.192666285946883
4213,-1.1190854171927564,-0.190259391297483,0.029228808714728657,-0.24495135383662375,-0.35413584958888866,-0.027294147307916097,-0.02659593956615161,0.21829236877079905,-0.18437666988811655
4214,-1.066666161712703,-0.3835845781772421,-0.011609511087134471,-0.21899054752877314,-0.2622394129529657,0.06417282224280059,0.051048044130320734,0.019114510807000495,-0.08778326774620417
4215,-1.0924007458429479,-0.33962715996443144,0.009522726808822431,-0.19852006687590035,-0.25299612399190907,0.0562630886069345,0.05878410244939294,0.027763339902155716,-0.12554535631799799
4216,-1.2052553443515444,-0.2772531516355664,0.05275858472377439,0.10760860395849371,0.1850071846691829,-0.20733791692608183,0.28314038528793634,0.26925818440944826,-0.26630727854250297
4217,-1.1971465511457733,-0.3542224367538124,0.05309785246315812,0.07814508455779347,0.19444805830766615,-0.08673627037435454,0.3048230116188762,0.08893260484575449,-0.20355216444887134
4218,-0.4661427725772837,0.18249301315904956,-0.5715024278419629,-0.10983202650020603,0.10609325338885053,-0.02699202757361455,-0.11443307848245804,-0.2956227246964261,-0.17747257738398223
4219,0.44664377697682595,-0.027946523194147935,0.8234845352539448,0.034971159965270476,0.38017260019503674,-0.09647582819383223,0.36354064754476034,-0.0026772488327796505,-0.19833591792986274
4220,0.362743714596774,0.9201229243417668,-0.8043995708891676,0.06344535612108351,-0.13814181460927683,0.24944462220766633,0.477830205709916,-0.08872651258700245,0.13773114839209902
4221,1.008595961358428,0.5582474302463067,-0.1437192551495725,0.4508256184152506,0.048113761604343025,-0.03210685307813585,-0.10884475592400997,0.1455224184654687,-0.057644795575432076
4222,-1.3457922449205275,-0.0015126746610084837,0.22950354232078907,0.19703992242953777,0.26061124194173574,0.7583617500238784,-0.2369104184210378,0.25537190139165283,-0.0951704900966965
4223,-1.2695792349042256,-0.05624817515950731,0.15565856868059236,-0.05324885971487993,-0.12087290579876588,0.005715811796335406,0.11768955769552458,-0.011942818178656327,-0.09427683244255339
4224,-1.2444388291791935,-0.17345129751738092,0.09975797940175231,0.08981952479242708,0.10437095236967035,-0.14236720731741212,0.23851437927494848,0.1652116150121721,-0.1834498598807739
4225,-1.2933714184399723,0.14466782044167312,0.18026501878422913,-0.14229920395227633,-0.3126267144514136,-0.07609629233536531,-0.023663838551593888,0.20251661207127483,-0.1546756467983687
4226,-1.219645505438658,-0.029968474154073957,0.12158195410037802,-0.11668385475826533,-0.2606085644139664,-0.04965487232230919,0.022929088146868917,0.09261964226694767,-0.01584875423103222
4227,0.30827655450769464,0.8681378740074309,-0.02452278521083643,-0.12000553000706582,0.026624382394236,-0.1076341325053678,-0.056966297787182985,0.1569849987283963,-0.1662151934350977
4228,-1.309649418813347,-0.10138806724051001,0.13914176226626362,0.13470078188254653,0.24252101463311918,-0.04860905020015421,0.19519430558726733,0.29832451593313486,-0.24016087847761408
4229,-1.2314169005504365,-0.04904049355558503,0.13729209869604214,-0.11461872636356367,-0.22439531112648367,0.0023430419274759846,0.04258834610583955,-0.01836950002686596,0.045245623002640116
4230,-1.3146534840728443,0.10689270198463398,0.21184236598758815,-0.07343456905502369,-0.20334570962478085,-0.016329570685118214,0.04463163304099944,-0.04647497197348373,0.08510459816079777
4231,-1.3020389584084886,0.05772079918332823,0.18825039880507188,0.08549420882264196,-0.15218395988633887,-0.11226397336167293,0.07211859436722491,0.12381374411590315,-0.15799716962292937
4232,-1.2685329072316383,-0.2017531346640578,0.14583238278337077,0.39341225858426576,0.33533966837356743,0.371838797395287,-0.016885241209939818,0.2435259357067268,-0.1311764502576646
4233,-0.8631976526716679,0.35783361744668307,-0.23339522956304967,-0.05879988309942145,0.026625663906006236,-0.06842446918977964,-0.10347231710347432,-0.17727090055644748,-0.1433604901776547
4234,-0.11803392238730098,0.5057723672484445,0.1519670711117594,-0.08208200819062302,0.20158087563335578,-0.17077883978108463,-0.17813226079454578,-0.08524205581292285,0.10423981851042206
4235,-1.2539407264030749,-0.19709857826237115,0.16896566041762895,0.13178065209966397,0.1796412093870251,0.7534246526195716,-0.15780862399075357,-0.011016579084239479,0.04456256690680063
4236,-1.2909689246237959,-0.041338237299203336,0.17121649360360722,0.05595823592398812,-0.01296346402179523,-0.04432512314982233,0.17228066344569826,-0.046787490851848954,0.025208583206232982
4237,-1.361259684745952,0.2599563597207028,0.24618018382010406,-0.0690791029313413,-0.25827617444343093,-0.08234271186084076,-0.004874651394386052,0.10251026747657511,-0.006215990241569168
4238,-1.2902849218714023,0.05166870882846949,0.1821284772884611,-0.0743813846540856,-0.20529429877910216,-0.008124096439676183,0.053687141109690396,0.016889070918306433,-0.03056949705459614
4239,0.7925895463375787,0.9194424342034675,0.4635211418779425,-0.0626771257805565,0.20924902727132413,-0.05073124470143543,0.07338141751034208,-0.1259681895089473,-0.07617796756889694
4240,-1.3307831110960442,0.03089855329204279,0.21399545983756102,0.049415017343593964,-0.03842697462366061,-0.0002076350147726904,0.15856860580472754,-0.12235674187630641,0.08129016918782081
4241,-0.11804599811136973,0.7997730123915525,-0.04116305372455576,0.0933984742296391,0.2755808300879363,-0.26717158905195537,-0.24346792203859519,-0.12804185698707,0.2766930704481955
4242,-0.48487395944455985,0.2307690874217369,0.5478691015288502,-0.0488849215031302,0.05435454672842795,-0.09990902074095234,-0.01007348450302708,-0.07822709475126352,0.25020820950483025
4243,-0.2066896545895392,0.8272815568820622,0.42135325765224607,0.034822885528244016,0.22478638639096554,-0.2118696910436359,-0.12216939782784234,-0.10715665886161212,0.15768795780433056
4244,0.2740917108119273,1.0185833375046598,0.6150757393704821,0.08385473122615415,0.157896036533476,-0.1882943697927971,-0.05454354629211893,-0.07016498966095558,0.009538367184812737
4245,0.7054655508226497,1.1463714625869386,0.2461974263967616,0.20873424015786782,0.15689855321812338,-0.12635911351361914,0.1749849657916831,0.12983902218453772,0.11326867333244058
4246,-0.15585657569831313,0.5409506287967539,-0.0074700209884498,0.24307997165349793,0.6207973165934791,0.4194259758304427,-0.1809391449741479,-0.10361382630305199,0.23471509492017134
4247,-1.4627516554051436,0.4185429483817478,0.33731789450571886,0.06622487807510986,-0.15775990771670895,-0.09382978550986186,0.04178743531439185,-0.010386915833186051,0.17152708870298733
4248,-1.4979803272614343,0.5381239444287865,0.3707775806135483,0.0626960313813555,-0.19402080367265112,-0.13086149282827406,-0.007002794993577737,0.033510744137502484,0.24235252188393044
4249,0.765021680296399,1.518938175229921,0.44386374189857075,0.2504462645571808,0.2680436799510133,-0.10829300698558726,0.14506856745890914,-0.12298506748692922,0.1888368491469801
4250,-0.16390420622717924,0.7613634752912092,1.0956154895697658,0.2111572924867406,0.3569717079185142,0.6990129598218576,-0.3280663673465652,0.1611521882513473,0.24559043800336047
4251,-0.1409578506680359,-1.1042105935519462,-0.08495109508296701,0.7484648464376479,0.043326935523104536,-0.4369864632053133,-0.1472772595217432,0.17726210639179454,0.13338160451079276
4252,-0.3154990366938181,-1.0872471386766573,-0.11848756035186582,0.13439203549994092,0.5691573829567143,-0.3391313190053757,0.24396529049295673,0.24214603691410552,0.1582329590695045
4253,-0.24830207588195172,-0.8768580769410999,-0.05722517254675,-0.10003143781657377,0.4145985764895934,-0.354407494991228,0.031084648857880898,0.3460958333430648,0.20469429010677087
4254,-0.3930918020372881,-0.3822888491628635,-0.6430309615457315,-0.38192501666240836,-0.14086556939382014,-0.0037305317897941767,-0.2201542993487442,-0.11612599935093341,-0.023677563539817547
4255,-0.36524576021342875,-0.41796552967840117,-0.6730396228461153,-0.3288487927666877,-0.07548765176235997,-0.018612989700702683,-0.18449425883277965,-0.1581370016573609,-0.017521245152460153
4256,-0.30746141109537917,-0.556945438939415,-0.7818672596173021,-0.041322619195825416,0.49656989985230937,0.07911121943862033,-0.11719280902352738,-0.0049881734205697624,-0.07518329343813389
4257,-0.19408944722517846,-0.7919183982192833,-0.005261204598324494,-0.23897328051367153,0.11263112770576424,-0.10910114957374899,-0.03485483339742609,0.04596548527314007,0.28459469651640296
4258,0.1401819670570812,-0.28100828183884313,-0.1700837665968919,-0.4615159102240911,-0.015634589045977667,-0.2620133565854419,-0.48978255979894425,0.30245496857660836,0.27359299508703366
4259,-0.12921490696446492,-0.48097256747036243,-0.875831203706193,0.05135736813181429,0.5417913333198185,0.3069282929864166,-0.0982523370259694,-0.09383397413777816,-0.036674944935675885
4260,-0.039848209981788854,-0.9175471675449455,0.024132184606703213,0.06103415732308277,0.3684103270710505,-0.2536319468717055,0.0891941904027663,0.13806520233070474,0.2328647873326271
4261,-0.1018362283385534,-0.984156826004674,-0.013769964501625964,0.11572201420276637,0.4290521935226045,-0.2532297538178746,0.2013529914388698,0.14484081121685138,0.1925699249704228
4262,0.3041344805130424,-0.32186760881056087,-0.5468046536441947,-0.0319800141659651,0.4056126552601979,-0.3585151132707786,-0.24367064006395364,0.07618380556684623,-0.07945770528188605
4263,-0.02142743493772296,-0.4195586161115003,-0.9640088814033432,0.08931435019900752,0.43829278617145184,-0.2272175622746506,0.0838677867047737,-0.08547883222087473,-0.07036751518027123
4264,-0.10631179937656941,-0.3013429500111299,-0.8192078028458897,-0.23381628329849866,0.005483298924288637,0.036776136999036,-0.05090165792399045,-0.2640144439490498,0.02404607141796425
4265,-0.06305547097850478,-0.14679230320455341,-0.8125659975186541,-0.320761398215121,-0.14099538115439259,0.07019582882285974,-0.08039092832328028,-0.12937039166192824,0.024991453151165258
4266,0.13906301741795088,-0.8872425427295738,0.09096777212165971,0.20305291746261153,0.30005399915805725,-0.2716791683565052,0.05846642575676453,0.10285915679953514,0.21481211631294855
4267,0.16361424034642746,-0.5915676792153849,-0.3344887363761583,0.01992687994361322,0.3645122484520033,-0.25093141566320376,0.05512474591934128,0.07081507083392602,0.076274630952216
4268,-0.14376835778327993,-0.5556565152759441,-0.742339141465079,-0.01574888305558682,0.3070940892332664,0.0009954535513281063,0.3381698746203618,-0.11989033222207322,0.04328110912864008
4269,-0.21591370507725394,-0.774450675922893,-0.6387137362682624,0.21574298630771296,0.31742548220161587,-0.05550001701611877,0.5127619194948929,0.007086948280709271,0.0516166495553362
4270,0.0466097977601938,-0.8540903681562336,0.07480366840398865,0.14954393398560917,0.18836341327674277,-0.2684539754713322,0.042660275418847926,0.1652474222884927,0.1699033718340511
4271,0.3382769392635359,-0.3533755287596928,-0.3689484376104972,-0.08571660275690593,0.16346794064950979,-0.17667131679398915,-0.07768806515783229,0.11134086600687784,0.13591549433650746
4272,0.4184953542242225,-0.22696591103607536,-0.35789782091737504,-0.223030816382877,0.08067346172997862,-0.12152484652603873,-0.19794637685770694,-0.038907647324728234,0.08751962938642036
4273,0.15655931767708126,-0.05856502655918467,-0.9613614894918254,-0.20710632586879316,-0.028379131432340297,0.025553384726890283,-0.007044413631172011,-0.1621166625755467,0.03757371419356297
4274,0.23617555012317684,-0.27404298263752935,-0.9241640588700283,0.41010742338618517,-0.20278058915290587,0.0026385439064896036,-0.004881974957725742,-0.23970114582488006,0.01633226106377453
4275,0.2524853077816636,-0.43719860697874385,0.27466998042656965,-0.4301855756069665,-0.1362778311364374,-0.09193320949444123,-0.17568760484123516,0.1866963940532494,0.20991471538980697
4276,0.28695182467093555,-0.6982527499613909,0.23644995305951522,0.09573322322749811,-0.13288577367497653,-0.1415840907728337,-0.0982855243801258,0.011020797068453849,0.17432822502530376
4277,0.4417563255249135,-0.3356801628483821,-0.3275335015595765,-0.1036500380163889,0.47543702378720754,0.13334045108526088,-0.09509275544609887,0.0816574028796697,0.06163958513499646
4278,0.4509281886658891,-0.6694443007682344,0.2592221983639458,0.14794890287513573,0.06105133281241194,-0.2711777706769445,-0.10812593734503023,0.13330030039481805,0.21991805966919353
4279,0.6085096157128215,-0.5710615351976936,-0.11088344773484982,0.631268419375715,-0.01245440859386568,-0.338042093082316,-0.26544304068260466,-0.03389014084806037,-0.08573300725159554
4280,0.251761040779613,-0.4381838638186912,0.33465755417417586,-0.4471809113491151,-0.20017679269379832,0.024017032714597566,-0.05903218744683574,0.07036386307780722,0.08189860406473284
4281,0.36906844079756407,-0.6119514883854066,0.30548310865060996,-0.2451803831387481,0.21362042144516594,-0.1439626931873741,0.05476383644956128,0.13834805409541492,0.19602893089299742
4282,0.28449314227930805,-0.7446945741162734,0.2840156444451169,-0.0052267906584325605,0.06256858232381789,-0.06147898928075049,0.16496220885383592,-0.048773236966353654,0.06744149588316953
4283,0.2112892303428927,0.12110801752981831,-0.9502768048371555,-0.2836159372014403,-0.23087552574512618,0.08892257040559362,0.022788953799777713,0.023401221620930317,0.046041148409041714
4284,0.8883844853254858,-0.2859694170121744,0.04885538455119347,0.24570755525240087,-0.09044980184675791,-0.2943163208960958,-0.34646334916390176,0.041125543197036755,0.02504314747088337
4285,0.2251427721347373,-0.0475463494523313,-0.8493654964591992,-0.15566416949500234,-0.23810974798652884,0.2795345148649506,0.3705286397875039,-0.056885850229146356,0.13782400196369438
4286,0.5924512642960531,0.10089872169612815,-1.0742145521503663,0.5910446363594847,-0.4711254995088813,0.13016894254565634,-0.09935503822847885,0.04406861969425587,0.033961265918345133
4287,0.8846996754544827,-0.0009009014678009139,-0.004746041318515543,-0.36690842459179773,0.002852956302273727,-0.00436440001356037,-0.05953083213308508,0.010189321533025661,-0.05891018666156617
4288,0.8429537331177207,0.020819929125514235,-0.12694418846547517,-0.34612035689472176,-0.004994271311657723,0.02306057226156436,-0.029198687332856396,0.031203876505406184,-0.037614981532570334
4289,0.738052473409834,-0.45818602926127144,0.5664454045378519,-0.30019271030509437,0.016256682400457596,0.051223556231601575,0.1847682894897401,-0.09661293039465449,0.03954845628974447
4290,0.6100089420569904,0.1347531994953166,-1.099774208940923,0.16799854864779368,-0.18697389863886674,0.17213079728629996,0.36097559858723505,-0.06408945910625036,0.12493622813980365
4291,0.5922323841254067,0.15653332517105836,-1.0393740647715501,0.15426132197144563,-0.34789274063630715,0.21487989458264106,0.31708876422406573,-0.0388823690822395,0.14220491580582337
4292,1.0547682365220856,-0.12143505251663708,0.1885770485272658,-0.2195508023754759,0.06575618883724309,-0.0038112834946012583,-0.005187486513600772,-0.12679578571774386,-0.09182231240873422
4293,1.151627321017362,0.2098902606495275,-0.0401359625162967,-0.36184534047404554,-0.08503019498628987,0.11731634387733376,0.11227370233764566,0.06407855935167958,-0.12967005202990478
4294,1.3677285246014754,0.042491517800955315,-0.1929755649987034,0.5500263822030284,-0.40091767910369847,0.05194294327823878,0.0938288712791866,0.060674558171870785,-0.059816025399899865
4295,0.9733062316650319,-0.06026679211309518,0.09195889603072767,-0.3278590781833588,0.08721825551145446,0.03645918413546003,0.0016811142826321376,-0.22936553863774367,-0.26280468295771936
4296,1.1967719712641731,0.24545411308646403,-0.6980846123617142,0.5213634654685602,-0.43545723710867995,-0.052797137035645404,-0.0027102447674044357,0.2690335699209831,0.1789718014974795
4297,1.1294964928020348,0.1883206070475667,-0.05853793784333809,-0.3838952076698814,-0.023183690283494138,0.06157573564856778,0.0034663956655003707,0.002471292453038622,-0.060896473515311675
4298,1.381251043728464,0.2804378355157766,-0.46971251971987515,0.34846560858411285,-0.326075921811962,0.01941251998075529,0.0833379149708542,0.1736687226117583,0.04353246104009504
4299,0.9247936987215875,-0.24236211922446121,0.688555994993981,-0.47054522745867944,-0.12543155476133042,0.026990335307266782,-0.0013916158275756746,0.0029417764778312924,0.07839013488336288
4300,0.978353253213363,-0.16788048399003122,0.18520749926373647,-0.18656281642694916,0.02604261011576367,0.042155004280121644,-0.00210090694454787,-0.2485579313699726,-0.21761878843318183
4301,0.7859379242231985,-0.698225813605068,0.5935146920916914,0.7092629806551147,-0.08100452903064731,0.7622247545987514,-0.509576526218613,-0.010159734041388606,0.0038359973215973857
4302,0.8770926018850107,-0.3770000933948287,0.6627728817778455,-0.3728352649132759,-0.03330516305047436,0.0839940521971872,0.10701929089135141,-0.13263797439415695,0.05940333220983981
4303,1.1602028618176852,0.12416222605785403,-0.006293601360014429,-0.29736498057506194,0.10247196497415119,0.15658783752765215,-0.04874903318224204,0.024427359105659702,-0.10812102108718386
4304,1.120266000169825,-0.1823139304848691,0.2741722128707348,0.04292920571567489,-0.08284386082347063,-0.10947823354342257,-0.08439584467139796,-0.09591542673592371,-0.16070874077533184
4305,0.8899100164960206,0.3370209522272767,-0.7528590757153957,-0.10937315328686378,-0.2445268051422267,0.09923354286991508,0.19811825246845804,0.2720829432709548,0.17678023859847922
4306,1.1729670304696707,-0.012710416954580124,-0.16145739751786642,0.3151535396945259,-0.25685552501324965,-0.047852154983183535,-0.031380007915503556,0.07444201589289623,0.011046882069194582
4307,1.0575160970754574,-0.1723634187490406,0.6755151267502582,-0.4428201775343486,-0.09175534421574955,-0.060855246829728385,-0.04499577359073189,0.0770152567013085,0.11447439804942106
4308,0.6561483066359389,-0.6019699121240167,0.5470492869137011,-0.16102651934599696,-0.03272032560714252,0.16629423589883538,0.31466103878226764,-0.29994137089359674,0.00347181256603339
4309,-1.1493213862072635,-0.33423338634195643,0.10345969217896422,1.015241161132009,-0.08247649501636149,-0.42083613309986173,0.04836199292553701,0.21447531035199965,-0.29280277934108984
4310,-1.2395437142179186,-0.06863546692746561,0.08949312672583763,-0.07894640558865673,-0.07649302950465366,-0.18751087426750876,0.1000630098128504,0.4297092585280007,-0.381607000834301
4311,-1.1201163000869934,-0.3290917674469728,-0.005366161677837524,0.20737658186681102,-0.002041345266373426,-0.3163979806813284,0.12362471823839015,0.4825662426608529,-0.32769124999617993
4312,-0.6608353880486368,0.11682597716531368,-0.42679906535365353,-0.14216043299035533,0.007636753253254973,-0.0820099068576572,-0.14745796173831258,-0.13262392606058618,-0.21737614719884044
4313,-0.2476558908877877,0.7292256864024748,-0.6345083164722802,-0.043782579163982434,0.03195235061209912,-0.09868964630448997,-0.02722522236030862,0.0194355257188159,-0.3095310412570367
4314,0.48661838433218296,0.4562191500654825,-0.014852521759625118,-0.16649584611113374,0.06978290536788359,0.02600936805425486,0.05786404099091294,-0.011384967583606612,-0.13763204707669094
4315,0.753193325777389,0.3760671113067727,-0.22588454792682652,0.03192419246054872,0.08583398687362737,-0.04040427331340213,0.024612551818663838,-0.056240180701198746,-0.00809710539745526
4316,0.8998829958745261,0.8587723943428631,0.36194718473811094,-0.247591498543598,0.1781003454678327,-0.1738842642972279,-0.19900447797384493,-0.03260682906570126,-0.3092320517165885
4317,-0.6166975276896034,-0.002189786479337443,-0.45971344017057364,0.05032235587268751,0.3582697420105847,0.3569314173546736,-0.22249947358702185,-0.2072246388884806,-0.06877985221095036
4318,0.37924838657462795,0.2714862409147981,0.9438279339229203,-0.05685663783980783,0.2480352551164083,0.5865921922887963,-0.09830870340479188,0.008704476631482563,-0.06086319887620161
4319,-1.2481488528695537,-0.04687727903593343,0.15551251369395552,0.026171311439095155,-0.2091258218099893,-0.02098275890369037,0.07428001950366599,-0.014680945059260398,-0.11315164355034006
4320,-1.1252159731351845,-0.2876360415459755,0.04395373974231825,-0.15377149926856484,-0.21095592651145395,0.05802055031142238,0.0719072968899291,-0.0707045615088776,0.04995641271340957
4321,-1.232238598066248,-0.02080646505710658,0.12872075554276668,-0.1155158685712054,-0.2537139486922598,-0.04184175224093786,0.031514467772423775,0.10945998708769467,-0.06765476434663055
4322,-1.2101348606730873,-0.11638528184686596,0.11209531765072586,-0.10332865973178443,-0.21456104861476355,0.009074015437940177,0.07567096567625785,0.031519415020535346,-0.15342647719261945
4323,-1.296016079601313,0.09738118447769491,0.19117679818089894,-0.049704335713532485,-0.21760045938639497,-0.06237303064400448,0.0473651278552695,0.035462607094526435,-0.00024831186631294556
4324,-1.142710481519979,-0.2525590476077077,0.054651155665450875,-0.15314348228537009,-0.220470000203632,0.05106891338695319,0.06902079883378348,-0.01977571828915091,-0.045767135278988534
4325,-0.7453939799149745,0.5738226793508839,-0.38604826952358356,-0.1136656092839105,0.05850355107060265,-0.16153906904269402,-0.2782727305477983,-0.1737534195324224,-0.18882754789672235
4326,-0.7417540479699288,0.21375421587656557,-0.3296186648954267,0.09866354230091873,0.015526142420749773,-0.09906715862784683,-0.13520384348385883,-0.24906555828420762,-0.21173450946504735
4327,-0.4329772493153699,0.5177827541086857,-0.22996672870404117,-0.10243592592716934,0.17627429133974035,-0.21663034460914757,-0.3079251024044226,-0.11033807824132323,-0.07748146876246415
4328,0.22878872667081657,0.6001167036710355,0.3406520207756067,0.001112401155567702,0.2329473349406849,-0.10028771806954691,0.02970736771393028,-0.1326035501870196,-0.08039398680082435
4329,0.32263812858285656,0.4374647007194168,1.0696633012909649,-0.06275782041584162,0.06174653747210027,0.04245082885737027,0.12846379478568976,-0.25875906049210157,0.03716743870197495
4330,0.933635812969346,1.0131960318205255,0.10514061714036553,-0.11000119611071761,0.05762996086724558,-0.058019985392418386,0.08743169314391246,0.20030992117626312,-0.22021979819009838
4331,-1.2421696008788163,-0.06044285501006305,0.14835336675493832,-0.07765551800032688,-0.18172643492608248,0.01867777270459853,0.0758477532887084,-0.08632758927196837,0.06941470445563055
4332,-0.689847839536136,0.312935339866463,-0.37726633667939613,-0.09056837762756142,0.07142845669291731,-0.08662663696951985,-0.15897533398264374,-0.2525726104223569,-0.05134942629735846
4333,-1.146284561011565,0.283136872979128,0.11519887608546588,0.08494652666112375,-0.18035411495464673,-0.06310346505904088,0.0679752998455342,-0.0023355647234305286,-0.09190758049808759
4334,0.1292178308886487,0.3502752157965047,0.869741577117554,0.6196974766092137,-0.21538390112456898,-0.2985263739080089,-0.26320532027997035,-0.018311191532572404,-0.026979230421836677
4335,0.016628487931636817,1.183861512098717,-0.6231941106075375,0.13073040313068182,-0.18159660662873697,0.19622781447466486,0.43837513218235696,0.07548685219318582,0.008775969627171426
4336,-0.038303910356525174,1.106841411364138,-0.5524571942180228,0.15025456616059435,-0.17132165459932755,0.2567946895808689,0.5112602886912777,-0.01084823733273639,0.11041017933949461
4337,-1.2171439173810665,0.1410906871063506,0.2027527379599157,0.03234193903803837,-0.14965706204198198,0.03430358291650591,0.19447277060519405,-0.08578016518529732,0.05955636939765562
4338,-0.6801092404664174,0.4436602744433362,0.4768672736660974,-0.12159243855019952,-0.011209749572408069,-0.35314963010814304,-0.3285613147226053,0.3284692508763039,0.2069807090254994
4339,0.6982625383890327,0.9926798664171234,0.4897242710087986,-0.04201738483985995,0.11686925156192329,-0.05134973870919822,0.12425061638793461,-0.03293831663067564,-0.024625151204312343
4340,-1.43801905887744,0.3157159466686592,0.3097990098445125,0.13349666630327625,0.05790475601232843,0.4059277702425037,-0.21296562746005004,0.28821317719618983,-0.000985097262125921
4341,-1.4416388952568078,0.19199317059088905,0.27635574834589954,0.21197396484306052,0.2502299277425877,0.0776954310069025,0.07776740034811196,0.22160794534740716,0.012012159528230933
4342,-0.9120972694206227,0.6028809080210004,-0.19930539358822374,0.014733559064077143,0.0754228912917528,-0.14736791479435338,-0.15828310443505852,-0.236831279473643,0.096150103155134
4343,-0.7885155450964701,0.6772420011102935,-0.26004652696340885,0.012808985213565795,0.029352050875707903,-0.13870869645889264,-0.1220929188947773,-0.14464807559260284,-0.029644270725251488
4344,-0.2940624796681563,1.051804450408189,-0.480672346516154,0.09529107130469398,0.018054928549445567,0.03369858656965303,0.14201057996570907,-0.1980846422792864,0.1538581358826825
4345,0.4981332499126964,1.3567502478012705,0.27062373717864907,0.11629484026927568,-0.010107424319271545,0.10879659464511668,0.42130451776945005,0.056959493186244915,-0.0862198302943313
4346,-1.3587752000456754,0.16074687143777802,0.249585408755496,0.09191000755112706,-0.04640275801653914,0.20990648928659242,-0.04826820907639156,0.06673793534030736,0.073686356341286
4347,-1.4451148933084934,0.41263863887692004,0.3308402062154141,0.10680158468604112,-0.224192141557062,-0.12337970002854076,0.0013597758135332125,0.031010186535803317,0.10016693586182007
4348,-0.508719352116718,0.555486818364007,0.6336247298764723,-0.09619265609842159,0.028607183376324646,-0.32146208865534054,-0.2810979550856135,0.23613331124159673,0.30371455528457136
4349,-0.20637816852094862,1.1951850599392717,-0.5112229219218853,0.16379533413189284,-0.008053750736442529,0.0878554477676429,0.26122383870507104,-0.16493983508478055,0.23050421827591108
4350,-1.429337433162513,0.30881411145461785,0.3133487348662464,0.07856018864925547,-0.11376775017203598,-0.0507464837832351,0.08436285824166884,-0.12329343737334943,0.2050707425493766
4351,-0.8277921474148254,0.8888419515625915,-0.3328002445785621,0.30256898920798275,0.3718865221738847,-0.19670976503610896,-0.3171065115535442,-0.26682457621708255,0.07400242729487642
4352,-0.746069446798223,0.993585728980726,-0.26666096072426426,0.1978689219195124,0.22438269327797325,-0.043943126902353045,-0.11508181565850434,-0.18322520989530416,0.15962792418712482
4353,-0.9189279410932928,0.6898316935699721,-0.207773152681061,0.07304615145873765,0.1799641900736715,-0.12358727801757155,-0.15904610686068127,-0.3804557069504798,0.16558868153091705
4354,-0.5944326483344121,0.6255416792921571,-0.40502509222996336,0.336308107341092,0.6062946544134006,0.7645025044823576,-0.3163249129410324,-0.11331313579219945,0.15265829072621012
